{"features":[{"geometry":{"coordinates":[[[144.948661,-37.82391],[144.94865,-37.823908],[144.948623,-37.824054],[144.9489,-37.824085],[144.949015,-37.824097],[144.949041,-37.823953],[144.949032,-37.823952],[144.948661,-37.82391]]],"type":"Polygon"},"properties":{"base_m":3.5,"date_captured":"2018-05-28","footprint_type":"Structure","structure_id":"809644","top_m":8.5},"type":"Feature"},{"geometry":{"coordinates":[[[144.948666,-37.823882],[144.948661,-37.82391],[144.94865,-37.823908],[144.948623,-37.824054],[144.9489,-37.824085],[144.949015,-37.824097],[144.949041,-37.823953],[144.949032,-37.823952],[144.949037,-37.823925],[144.948666,-37.823882]]],"type":"Polygon"},"properties":{"base_m":0.0,"date_captured":"2018-05-28","footprint_type":"Structure","structure_id":"809644","top_m":3.5},"type":"Feature"},{"geometry":{"coordinates":[[[144.949083,-37.82467],[144.949259,-37.824285],[144.949295,-37.824217],[144.948502,-37.824131],[144.948519,-37.824208],[144.948634,-37.824611],[144.94886,-37.824677],[144.948853,-37.824693],[144.948957,-37.824723],[144.948963,-37.824709],[144.949054,-37.824734],[144.949083,-37.82467]]],"type":"Polygon"},"properties":{"base_m":0.0,"date_captured":"2018-05-28","footprint_type":"Structure","structure_id":"814677","top_m":10.0},"type":"Feature"},{"geometry":{"coordinates":[[[144.949165,-37.824278],[144.949189,-37.824226],[144.949081,-37.824195],[144.949051,-37.82426],[144.949016,-37.824336],[144.94864,-37.824296],[144.948707,-37.824555],[144.948891,-37.824608],[144.94886,-37.824677],[144.948853,-37.824693],[144.948957,-37.824723],[144.948963,-37.824709],[144.949165,-37.824278]]],"type":"Polygon"},"properties":{"base_m":41.5,"date_captured":"2018-05-28","footprint_type":"Structure","structure_id":"814677","top_m":48.5},"type":"Feature"},{"geometry":{"coordinates":[[[144.949189,-37.824226],[144.949081,-37.824195],[144.949051,-37.82426],[144.948519,-37.824208],[144.948634,-37.824611],[144.94886,-37.824677],[144.948853,-37.824693],[144.948957,-37.824723],[144.948963,-37.824709],[144.949054,-37.824734],[144.949083,-37.82467],[144.949259,-37.824285],[144.949165,-37.824278],[144.949189,-37.824226]]],"type":"Polygon"},"properties":{"base_m":10.0,"date_captured":"2018-05-28","footprint_type":"Structure","structure_id":"814677","top_m":41.5},"type":"Feature"},{"geometry":{"coordinates":[[[144.949259,-37.824285],[144.949295,-37.824217],[144.948502,-37.824131],[144.948519,-37.824208],[144.948634,-37.824611],[144.94886,-37.824677],[144.948853,-37.824693],[144.948957,-37.824723],[144.948963,-37.824709],[144.949054,-37.824734],[144.949083,-37.82467],[144.949158,-37.824692],[144.949126,-37.824757],[144.94902,-37.824981],[144.94901,-37.824978],[144.948682,-37.825206],[144.948688,-37.82538],[144.948621,-37.825699],[144.948681,-37.825789],[144.948677,-37.825791],[144.948712,-37.825844],[144.948798,-37.825937],[144.948918,-37.826017],[144.949148,-37.826086],[144.949371,-37.825613],[144.949362,-37.82561],[144.949419,-37.82549],[144.949425,-37.825491],[144.949564,-37.825198],[144.949472,-37.825105],[144.949374,-37.825076],[144.949369,-37.825087],[144.949306,-37.825068],[144.949413,-37.82484],[144.950465,-37.825147],[144.95063,-37.825121],[144.950607,-37.825027],[144.950591,-37.82503],[144.950543,-37.824835],[144.950504,-37.82468],[144.950485,-37.824674],[144.950494,-37.824654],[144.950513,-37.824659],[144.950425,-37.824337],[144.949375,-37.824225],[144.949336,-37.824307],[144.949259,-37.824285]]],"type":"Polygon"},"properties":{"base_m":0.0,"date_captured":"2018-05-28","footprint_type":"Structure","structure_id":"800104","top_m":16.5},"type":"Feature"},{"geometry":{"coordinates":[[[144.949259,-37.824285],[144.949295,-37.824217],[144.948502,-37.824131],[144.948519,-37.824208],[144.948634,-37.824611],[144.94886,-37.824677],[144.948853,-37.824693],[144.948957,-37.824723],[144.948963,-37.824709],[144.949054,-37.824734],[144.949083,-37.82467],[144.949158,-37.824692],[144.949126,-37.824757],[144.949413,-37.82484],[144.950465,-37.825147],[144.95063,-37.825121],[144.950607,-37.825027],[144.950591,-37.82503],[144.950543,-37.824835],[144.950504,-37.82468],[144.950485,-37.824674],[144.950494,-37.824654],[144.950513,-37.824659],[144.950425,-37.824337],[144.949375,-37.824225],[144.949336,-37.824307],[144.949259,-37.824285]]],"type":"Polygon"},"properties":{"base_m":16.5,"date_captured":"2018-05-28","footprint_type":"Structure","structure_id":"800104","top_m":18.5},"type":"Feature"},{"geometry":{"coordinates":[[[144.949314,-37.82404],[144.94933,-37.82395],[144.949244,-37.823941],[144.949158,-37.823931],[144.949142,-37.82402],[144.949228,-37.82403],[144.949314,-37.82404]]],"type":"Polygon"},"properties":{"base_m":0.0,"date_captured":"2022-01-20","footprint_type":"Structure","structure_id":"900518","top_m":5.2},"type":"Feature"},{"geometry":{"coordinates":[[[144.949329,-37.825857],[144.949426,-37.825887],[144.949463,-37.825811],[144.949366,-37.825781],[144.949329,-37.825857]]],"type":"Polygon"},"properties":{"base_m":15.2,"date_captured":"2018-05-28","footprint_type":"Structure","structure_id":"801531","top_m":20.2},"type":"Feature"},{"geometry":{"coordinates":[[[144.949329,-37.825857],[144.949426,-37.825887],[144.949463,-37.825811],[144.949366,-37.825781],[144.949329,-37.825857]]],"type":"Polygon"},"properties":{"base_m":15.2,"date_captured":"2022-01-20","footprint_type":"Structure","structure_id":"801531","top_m":20.2},"type":"Feature"},{"geometry":{"coordinates":[[[144.949597,-37.825284],[144.949565,-37.825274],[144.949541,-37.825325],[144.949574,-37.825334],[144.949583,-37.825337],[144.949606,-37.825287],[144.949597,-37.825284]]],"type":"Polygon"},"properties":{"base_m":15.2,"date_captured":"2018-05-28","footprint_type":"Structure","structure_id":"801531","top_m":18.7},"type":"Feature"},{"geometry":{"coordinates":[[[144.949597,-37.825284],[144.949565,-37.825274],[144.949541,-37.825325],[144.949574,-37.825334],[144.949583,-37.825337],[144.949606,-37.825287],[144.949597,-37.825284]]],"type":"Polygon"},"properties":{"base_m":15.2,"date_captured":"2022-01-20","footprint_type":"Structure","structure_id":"801531","top_m":18.7},"type":"Feature"},{"geometry":{"coordinates":[[[144.949675,-37.825117],[144.949597,-37.825284],[144.949565,-37.825274],[144.949541,-37.825325],[144.949574,-37.825334],[144.949366,-37.825781],[144.949329,-37.825857],[144.949212,-37.826111],[144.949756,-37.826268],[144.949773,-37.826231],[144.949845,-37.826252],[144.949913,-37.826272],[144.949918,-37.826261],[144.949944,-37.826269],[144.949938,-37.82628],[144.950009,-37.8263],[144.951135,-37.82663],[144.951332,-37.826789],[144.95153,-37.826844],[144.951568,-37.826757],[144.95187,-37.82611],[144.951829,-37.826061],[144.951669,-37.826132],[144.951742,-37.825879],[144.951632,-37.825719],[144.951694,-37.825518],[144.951669,-37.825517],[144.951481,-37.825613],[144.950498,-37.82533],[144.9505,-37.825301],[144.950313,-37.825295],[144.950315,-37.825305],[144.949675,-37.825117]]],"type":"Polygon"},"properties":{"base_m":0.0,"date_captured":"2022-01-20","footprint_type":"Structure","structure_id":"801531","top_m":15.2},"type":"Feature"},{"geometry":{"coordinates":[[[144.950009,-37.826301],[144.950192,-37.825902],[144.950121,-37.825882],[144.950115,-37.825895],[144.949944,-37.826269],[144.949938,-37.82628],[144.950009,-37.826301]]],"type":"Polygon"},"properties":{"base_m":78.5,"date_captured":"2018-05-28","footprint_type":"Structure","structure_id":"811746","top_m":80.5},"type":"Feature"},{"geometry":{"coordinates":[[[144.950009,-37.8263],[144.950192,-37.825902],[144.950121,-37.825882],[144.950115,-37.825895],[144.949944,-37.826269],[144.949938,-37.82628],[144.950009,-37.8263]]],"type":"Polygon"},"properties":{"base_m":90.3,"date_captured":"2022-01-20","footprint_type":"Structure","structure_id":"801531","top_m":95.2},"type":"Feature"},{"geometry":{"coordinates":[[[144.950009,-37.8263],[144.951135,-37.82663],[144.951332,-37.826789],[144.95153,-37.826844],[144.951568,-37.826757],[144.95187,-37.82611],[144.951829,-37.826061],[144.951669,-37.826132],[144.951742,-37.825879],[144.951632,-37.825719],[144.951694,-37.825518],[144.951669,-37.825517],[144.951481,-37.825613],[144.950498,-37.82533],[144.9505,-37.825301],[144.950313,-37.825295],[144.950315,-37.825305],[144.950343,-37.825427],[144.950435,-37.825454],[144.95034,-37.825663],[144.95031,-37.825654],[144.950314,-37.825645],[144.950239,-37.825624],[144.950121,-37.825882],[144.950192,-37.825902],[144.950009,-37.8263]]],"type":"Polygon"},"properties":{"base_m":15.2,"date_captured":"2022-01-20","footprint_type":"Structure","structure_id":"801531","top_m":24.1},"type":"Feature"},{"geometry":{"coordinates":[[[144.950091,-37.825888],[144.950097,-37.825875],[144.950027,-37.825855],[144.949845,-37.826252],[144.949913,-37.826272],[144.949918,-37.826261],[144.949944,-37.826269],[144.949938,-37.82628],[144.950009,-37.826301],[144.950192,-37.825902],[144.950121,-37.825882],[144.950115,-37.825895],[144.950091,-37.825888]]],"type":"Polygon"},"properties":{"base_m":0.0,"date_captured":"2018-05-28","footprint_type":"Structure","structure_id":"811746","top_m":78.5},"type":"Feature"},{"geometry":{"coordinates":[[[144.950091,-37.825888],[144.950097,-37.825875],[144.950027,-37.825855],[144.949845,-37.826252],[144.949913,-37.826272],[144.949918,-37.826261],[144.949944,-37.826269],[144.949938,-37.82628],[144.950009,-37.8263],[144.950192,-37.825902],[144.950121,-37.825882],[144.950115,-37.825895],[144.950091,-37.825888]]],"type":"Polygon"},"properties":{"base_m":15.2,"date_captured":"2022-01-20","footprint_type":"Structure","structure_id":"801531","top_m":90.3},"type":"Feature"},{"geometry":{"coordinates":[[[144.950314,-37.825645],[144.950239,-37.825624],[144.950121,-37.825882],[144.950195,-37.825903],[144.950314,-37.825645]]],"type":"Polygon"},"properties":{"base_m":24.1,"date_captured":"2022-01-20","footprint_type":"Structure","structure_id":"801531","top_m":26.4},"type":"Feature"},{"geometry":{"coordinates":[[[144.950316,-37.824768],[144.949269,-37.824461],[144.949158,-37.824692],[144.949126,-37.824757],[144.949413,-37.82484],[144.950465,-37.825147],[144.95063,-37.825121],[144.950607,-37.825027],[144.950591,-37.82503],[144.950543,-37.824835],[144.950316,-37.824768]]],"type":"Polygon"},"properties":{"base_m":18.5,"date_captured":"2018-05-28","footprint_type":"Structure","structure_id":"800104","top_m":24.0},"type":"Feature"},{"geometry":{"coordinates":[[[144.950543,-37.824835],[144.950504,-37.82468],[144.950485,-37.824674],[144.950494,-37.824654],[144.950513,-37.824659],[144.950425,-37.824337],[144.949375,-37.824225],[144.949336,-37.824307],[144.949307,-37.82437],[144.949361,-37.824386],[144.949364,-37.824378],[144.94941,-37.824392],[144.949414,-37.824383],[144.949458,-37.824398],[144.949462,-37.824389],[144.949506,-37.824402],[144.949511,-37.824393],[144.949554,-37.824408],[144.949559,-37.824399],[144.949603,-37.824412],[144.949607,-37.824404],[144.949651,-37.824418],[144.949655,-37.82441],[144.9497,-37.824424],[144.949705,-37.824413],[144.949749,-37.824427],[144.949752,-37.82442],[144.949796,-37.824433],[144.949801,-37.824425],[144.949845,-37.824438],[144.949849,-37.824431],[144.949894,-37.824443],[144.949897,-37.824435],[144.949943,-37.824449],[144.949947,-37.824441],[144.94999,-37.824454],[144.949995,-37.824446],[144.950039,-37.824459],[144.950043,-37.824451],[144.950088,-37.824464],[144.950092,-37.824457],[144.950135,-37.82447],[144.950139,-37.824462],[144.950183,-37.824475],[144.950188,-37.824467],[144.950232,-37.82448],[144.950236,-37.824472],[144.95028,-37.824485],[144.950284,-37.824477],[144.950372,-37.824503],[144.950384,-37.824548],[144.950357,-37.824609],[144.950352,-37.824607],[144.950332,-37.824651],[144.950349,-37.824657],[144.950317,-37.824729],[144.950345,-37.824737],[144.950331,-37.824767],[144.950319,-37.824763],[144.950316,-37.824768],[144.950543,-37.824835]]],"type":"Polygon"},"properties":{"base_m":0.0,"date_captured":"2018-05-28","footprint_type":"Structure","structure_id":"805792","top_m":7.0},"type":"Feature"},{"geometry":{"coordinates":[[[144.950695,-37.824525],[144.950689,-37.824502],[144.950569,-37.824477],[144.950755,-37.825177],[144.95086,-37.82516],[144.950858,-37.825155],[144.950858,-37.825154],[144.950835,-37.825066],[144.950874,-37.82506],[144.950771,-37.824671],[144.950735,-37.824677],[144.950695,-37.824525]]],"type":"Polygon"},"properties":{"base_m":76.5,"date_captured":"2018-05-28","footprint_type":"Structure","structure_id":"808421","top_m":83.0},"type":"Feature"},{"geometry":{"coordinates":[[[144.950695,-37.824525],[144.950689,-37.824502],[144.950569,-37.824477],[144.950755,-37.825177],[144.95086,-37.82516],[144.950858,-37.825155],[144.95088,-37.825152],[144.950881,-37.825158],[144.950992,-37.825139],[144.950947,-37.82497],[144.95083,-37.824528],[144.950714,-37.824508],[144.95072,-37.82453],[144.950695,-37.824525]]],"type":"Polygon"},"properties":{"base_m":27.0,"date_captured":"2018-05-28","footprint_type":"Structure","structure_id":"808421","top_m":76.5},"type":"Feature"},{"geometry":{"coordinates":[[[144.950992,-37.825139],[144.950947,-37.82497],[144.951437,-37.824889],[144.951298,-37.824363],[144.950569,-37.824477],[144.950755,-37.825177],[144.95086,-37.82516],[144.950858,-37.825155],[144.95088,-37.825152],[144.950881,-37.825158],[144.950992,-37.825139]]],"type":"Polygon"},"properties":{"base_m":24.5,"date_captured":"2018-05-28","footprint_type":"Structure","structure_id":"808421","top_m":27.0},"type":"Feature"},{"geometry":{"coordinates":[[[144.951114,-37.824358],[144.951111,-37.824334],[144.950812,-37.824337],[144.950829,-37.824403],[144.951114,-37.824358]]],"type":"Polygon"},"properties":{"base_m":0.0,"date_captured":"2018-05-28","footprint_type":"Structure","structure_id":"815366","top_m":5.0},"type":"Feature"},{"geometry":{"coordinates":[[[144.951465,-37.825058],[144.951584,-37.825516],[144.951638,-37.825517],[144.951711,-37.825518],[144.951722,-37.825552],[144.951897,-37.826092],[144.953135,-37.825331],[144.95314,-37.825334],[144.95319,-37.825361],[144.953612,-37.825103],[144.952956,-37.824767],[144.952513,-37.824583],[144.952497,-37.824557],[144.951491,-37.824465],[144.951642,-37.825029],[144.951465,-37.825058]]],"type":"Polygon"},"properties":{"base_m":24.5,"date_captured":"2018-05-28","footprint_type":"Structure","structure_id":"808421","top_m":27.5},"type":"Feature"},{"geometry":{"coordinates":[[[144.951822,-37.82429],[144.951821,-37.824313],[144.952056,-37.82432],[144.952058,-37.824276],[144.952022,-37.824275],[144.952021,-37.824293],[144.952011,-37.824292],[144.952011,-37.824296],[144.952006,-37.824295],[144.951822,-37.82429]]],"type":"Polygon"},"properties":{"base_m":0.0,"date_captured":"2018-05-28","footprint_type":"Structure","structure_id":"815362","top_m":4.0},"type":"Feature"},{"geometry":{"coordinates":[[[144.951947,-37.826364],[144.952718,-37.827158],[144.956108,-37.825088],[144.955649,-37.824615],[144.955378,-37.824467],[144.955436,-37.824399],[144.955342,-37.824301],[144.951947,-37.826364]]],"type":"Polygon"},"properties":{"base_m":12.1,"date_captured":"2022-01-20","footprint_type":"Structure","structure_id":"805197","top_m":21.7},"type":"Feature"},{"geometry":{"coordinates":[[[144.952011,-37.824292],[144.952018,-37.824153],[144.950351,-37.824105],[144.949451,-37.824001],[144.949428,-37.824144],[144.949431,-37.824144],[144.949708,-37.824175],[144.949777,-37.824183],[144.950333,-37.824246],[144.950334,-37.824247],[144.950412,-37.824249],[144.950755,-37.824259],[144.951035,-37.824267],[144.951104,-37.824269],[144.951658,-37.824285],[144.951727,-37.824287],[144.951822,-37.82429],[144.952006,-37.824295],[144.952011,-37.824296],[144.952011,-37.824292]]],"type":"Polygon"},"properties":{"base_m":0.0,"date_captured":"2018-05-28","footprint_type":"Structure","structure_id":"809643","top_m":9.0},"type":"Feature"},{"geometry":{"coordinates":[[[144.952015,-37.826578],[144.951711,-37.826487],[144.951703,-37.826495],[144.95187,-37.826667],[144.952015,-37.826578]]],"type":"Polygon"},"properties":{"base_m":0.0,"date_captured":"2018-05-28","footprint_type":"Structure","structure_id":"815369","top_m":9.5},"type":"Feature"},{"geometry":{"coordinates":[[[144.952264,-37.826709],[144.952188,-37.826638],[144.951969,-37.826769],[144.952041,-37.826844],[144.952264,-37.826709]]],"type":"Polygon"},"properties":{"base_m":0.0,"date_captured":"2018-05-28","footprint_type":"Structure","structure_id":"815368","top_m":11.0},"type":"Feature"},{"geometry":{"coordinates":[[[144.952956,-37.824767],[144.952513,-37.824583],[144.952497,-37.824557],[144.951491,-37.824465],[144.951457,-37.824336],[144.951298,-37.824363],[144.950569,-37.824477],[144.950755,-37.825177],[144.95086,-37.82516],[144.950858,-37.825155],[144.95088,-37.825152],[144.950881,-37.825158],[144.950992,-37.825139],[144.951465,-37.825058],[144.951584,-37.825516],[144.951638,-37.825517],[144.951711,-37.825518],[144.951722,-37.825552],[144.951897,-37.826092],[144.953135,-37.825331],[144.95314,-37.825334],[144.95319,-37.825361],[144.953612,-37.825103],[144.952956,-37.824767]]],"type":"Polygon"},"properties":{"base_m":0.0,"date_captured":"2018-05-28","footprint_type":"Structure","structure_id":"808421","top_m":24.5},"type":"Feature"},{"geometry":{"coordinates":[[[144.953082,-37.824188],[144.953082,-37.824182],[144.953009,-37.824184],[144.95301,-37.824202],[144.953012,-37.824202],[144.953012,-37.824205],[144.953083,-37.824203],[144.953083,-37.8242],[144.953082,-37.824188]]],"type":"Polygon"},"properties":{"base_m":3.5,"date_captured":"2018-05-28","footprint_type":"Structure","structure_id":"805466","top_m":4.5},"type":"Feature"},{"geometry":{"coordinates":[[[144.953098,-37.824178],[144.953135,-37.824177],[144.953164,-37.824176],[144.953161,-37.824093],[144.953161,-37.824086],[144.952794,-37.824092],[144.952797,-37.824184],[144.952853,-37.824183],[144.952854,-37.824194],[144.952977,-37.824189],[144.952978,-37.824204],[144.95301,-37.824202],[144.953012,-37.824202],[144.953012,-37.824205],[144.953015,-37.82427],[144.953095,-37.824268],[144.953092,-37.824199],[144.953083,-37.8242],[144.953082,-37.824188],[144.953098,-37.824188],[144.953098,-37.824178]]],"type":"Polygon"},"properties":{"base_m":2.5,"date_captured":"2018-05-28","footprint_type":"Structure","structure_id":"805466","top_m":3.5},"type":"Feature"},{"geometry":{"coordinates":[[[144.953161,-37.824086],[144.952794,-37.824092],[144.952797,-37.824184],[144.952853,-37.824183],[144.952854,-37.824194],[144.952977,-37.824189],[144.952978,-37.824204],[144.95301,-37.824202],[144.953012,-37.824202],[144.953012,-37.824205],[144.953015,-37.82427],[144.953095,-37.824268],[144.953092,-37.824199],[144.953083,-37.8242],[144.953082,-37.824188],[144.953098,-37.824188],[144.953098,-37.824178],[144.953135,-37.824177],[144.953135,-37.824186],[144.953146,-37.824186],[144.953146,-37.824201],[144.953211,-37.824199],[144.953212,-37.82423],[144.953288,-37.824229],[144.953287,-37.824198],[144.95329,-37.824198],[144.95329,-37.824184],[144.953293,-37.824184],[144.953291,-37.824091],[144.953161,-37.824093],[144.953161,-37.824086]]],"type":"Polygon"},"properties":{"base_m":0.0,"date_captured":"2018-05-28","footprint_type":"Structure","structure_id":"805466","top_m":2.5},"type":"Feature"},{"geometry":{"coordinates":[[[144.953161,-37.824093],[144.953161,-37.824086],[144.952794,-37.824092],[144.952797,-37.824184],[144.952853,-37.824183],[144.953098,-37.824178],[144.953135,-37.824177],[144.953164,-37.824176],[144.953161,-37.824093]]],"type":"Polygon"},"properties":{"base_m":3.5,"date_captured":"2018-05-28","footprint_type":"Structure","structure_id":"805466","top_m":6.5},"type":"Feature"},{"geometry":{"coordinates":[[[144.953211,-37.824199],[144.953212,-37.82423],[144.953288,-37.824229],[144.953287,-37.824198],[144.953211,-37.824199]]],"type":"Polygon"},"properties":{"base_m":2.5,"date_captured":"2018-05-28","footprint_type":"Structure","structure_id":"805466","top_m":3.5},"type":"Feature"},{"geometry":{"coordinates":[[[144.95329,-37.824184],[144.95329,-37.824178],[144.953146,-37.824181],[144.953146,-37.824186],[144.953146,-37.824201],[144.953211,-37.824199],[144.953287,-37.824198],[144.95329,-37.824198],[144.95329,-37.824184]]],"type":"Polygon"},"properties":{"base_m":2.5,"date_captured":"2018-05-28","footprint_type":"Structure","structure_id":"805466","top_m":4.0},"type":"Feature"},{"geometry":{"coordinates":[[[144.953336,-37.824347],[144.953315,-37.824298],[144.953172,-37.824337],[144.953193,-37.824386],[144.953336,-37.824347]]],"type":"Polygon"},"properties":{"base_m":0.0,"date_captured":"2018-05-28","footprint_type":"Structure","structure_id":"805465","top_m":2.5},"type":"Feature"},{"geometry":{"coordinates":[[[144.953396,-37.824128],[144.953394,-37.824074],[144.953321,-37.824076],[144.953323,-37.82413],[144.953396,-37.824128]]],"type":"Polygon"},"properties":{"base_m":0.0,"date_captured":"2018-05-28","footprint_type":"Structure","structure_id":"805462","top_m":3.5},"type":"Feature"},{"geometry":{"coordinates":[[[144.953458,-37.827047],[144.953455,-37.827044],[144.95363,-37.826938],[144.953588,-37.826894],[144.953323,-37.827053],[144.953369,-37.827101],[144.953458,-37.827047]]],"type":"Polygon"},"properties":{"base_m":0.0,"date_captured":"2018-05-28","footprint_type":"Structure","structure_id":"815364","top_m":4.0},"type":"Feature"},{"geometry":{"coordinates":[[[144.953468,-37.824165],[144.953453,-37.824188],[144.953449,-37.824186],[144.953411,-37.824243],[144.953578,-37.824313],[144.953574,-37.824319],[144.953675,-37.82436],[144.953686,-37.824343],[144.953728,-37.82436],[144.95375,-37.824349],[144.953687,-37.824291],[144.953691,-37.824287],[144.953699,-37.82429],[144.953714,-37.824267],[144.953468,-37.824165]]],"type":"Polygon"},"properties":{"base_m":0.0,"date_captured":"2018-05-28","footprint_type":"Structure","structure_id":"805464","top_m":4.0},"type":"Feature"},{"geometry":{"coordinates":[[[144.953592,-37.824425],[144.953406,-37.824298],[144.953323,-37.824378],[144.953547,-37.82453],[144.953622,-37.824585],[144.95371,-37.824651],[144.953799,-37.824577],[144.953671,-37.824483],[144.953603,-37.824432],[144.953592,-37.824425]]],"type":"Polygon"},"properties":{"base_m":0.0,"date_captured":"2018-05-28","footprint_type":"Structure","structure_id":"805463","top_m":6.5},"type":"Feature"},{"geometry":{"coordinates":[[[144.953622,-37.824585],[144.953547,-37.82453],[144.953532,-37.824562],[144.95362,-37.824591],[144.953622,-37.824585]]],"type":"Polygon"},"properties":{"base_m":0.0,"date_captured":"2018-05-28","footprint_type":"Structure","structure_id":"805463","top_m":4.0},"type":"Feature"},{"geometry":{"coordinates":[[[144.953671,-37.824483],[144.953689,-37.824442],[144.953595,-37.824414],[144.953592,-37.824425],[144.953603,-37.824432],[144.953671,-37.824483]]],"type":"Polygon"},"properties":{"base_m":0.0,"date_captured":"2018-05-28","footprint_type":"Structure","structure_id":"805463","top_m":4.0},"type":"Feature"},{"geometry":{"coordinates":[[[144.953699,-37.826896],[144.953677,-37.826872],[144.953688,-37.826866],[144.953661,-37.826837],[144.953582,-37.826883],[144.95361,-37.826914],[144.953621,-37.826907],[144.953642,-37.826929],[144.953699,-37.826896]]],"type":"Polygon"},"properties":{"base_m":0.0,"date_captured":"2018-05-28","footprint_type":"Structure","structure_id":"815367","top_m":8.0},"type":"Feature"},{"geometry":{"coordinates":[[[144.954058,-37.826665],[144.954001,-37.826607],[144.953946,-37.826642],[144.954003,-37.826699],[144.954058,-37.826665]]],"type":"Polygon"},"properties":{"base_m":0.0,"date_captured":"2018-05-28","footprint_type":"Structure","structure_id":"815365","top_m":4.0},"type":"Feature"},{"geometry":{"coordinates":[[[144.954196,-37.827467],[144.954213,-37.827489],[144.954249,-37.827472],[144.954232,-37.82745],[144.954196,-37.827467]]],"type":"Polygon"},"properties":{"base_m":0.0,"date_captured":"2022-01-20","footprint_type":"Structure","structure_id":"902955","top_m":3.3},"type":"Feature"},{"geometry":{"coordinates":[[[144.955619,-37.824189],[144.955618,-37.824186],[144.955439,-37.82431],[144.955531,-37.824291],[144.95554,-37.824289],[144.955589,-37.824315],[144.955627,-37.824271],[144.955658,-37.824265],[144.955619,-37.824189]]],"type":"Polygon"},"properties":{"base_m":23.9,"date_captured":"2022-01-20","footprint_type":"Structure","structure_id":"805197","top_m":29.4},"type":"Feature"},{"geometry":{"coordinates":[[[144.955619,-37.824189],[144.955618,-37.824186],[144.955439,-37.82431],[144.955531,-37.824291],[144.95554,-37.824289],[144.955589,-37.824315],[144.955627,-37.824271],[144.955658,-37.824265],[144.955619,-37.824189]]],"type":"Polygon"},"properties":{"base_m":24.4,"date_captured":"2018-05-28","footprint_type":"Structure","structure_id":"805197","top_m":29.4},"type":"Feature"},{"geometry":{"coordinates":[[[144.955649,-37.827267],[144.955658,-37.827259],[144.955609,-37.827222],[144.955589,-37.827233],[144.955569,-37.827244],[144.955549,-37.827256],[144.95553,-37.827269],[144.955517,-37.827277],[144.955511,-37.827282],[144.955493,-37.827295],[144.955476,-37.827309],[144.955459,-37.827324],[144.955443,-37.827339],[144.955428,-37.827354],[144.955414,-37.82737],[144.9554,-37.827386],[144.955387,-37.827403],[144.955375,-37.82742],[144.955385,-37.827428],[144.955424,-37.827457],[144.955433,-37.82745],[144.955486,-37.82749],[144.955468,-37.827505],[144.955461,-37.82751],[144.955475,-37.82752],[144.955517,-37.827552],[144.955541,-37.827532],[144.955592,-37.82757],[144.955585,-37.827576],[144.955616,-37.8276],[144.955626,-37.827593],[144.95565,-37.827579],[144.955672,-37.827563],[144.955695,-37.827547],[144.955716,-37.827531],[144.955737,-37.827514],[144.955758,-37.827496],[144.955778,-37.827478],[144.955797,-37.82746],[144.955815,-37.827441],[144.955833,-37.827422],[144.955849,-37.827402],[144.955817,-37.827378],[144.955807,-37.827387],[144.955756,-37.827349],[144.955779,-37.827329],[144.955723,-37.827287],[144.9557,-37.827305],[144.955649,-37.827267]]],"type":"Polygon"},"properties":{"base_m":15.0,"date_captured":"2018-05-28","footprint_type":"Structure","structure_id":"803352","top_m":67.0},"type":"Feature"},{"geometry":{"coordinates":[[[144.955676,-37.827392],[144.955608,-37.827341],[144.955522,-37.827414],[144.955591,-37.827464],[144.955676,-37.827392]]],"type":"Polygon"},"properties":{"base_m":71.0,"date_captured":"2018-05-28","footprint_type":"Structure","structure_id":"803352","top_m":73.5},"type":"Feature"},{"geometry":{"coordinates":[[[144.955693,-37.827118],[144.95567,-37.827101],[144.955614,-37.827059],[144.955605,-37.827052],[144.955562,-37.827118],[144.955547,-37.827144],[144.955559,-37.827152],[144.955546,-37.827172],[144.955535,-37.827164],[144.955483,-37.827252],[144.955517,-37.827277],[144.955511,-37.827282],[144.955493,-37.827295],[144.955476,-37.827309],[144.955459,-37.827324],[144.955443,-37.827339],[144.955428,-37.827354],[144.955414,-37.82737],[144.9554,-37.827386],[144.955387,-37.827403],[144.955375,-37.82742],[144.955385,-37.827428],[144.955383,-37.827431],[144.955519,-37.827722],[144.95598,-37.827331],[144.955964,-37.827319],[144.955813,-37.827207],[144.955803,-37.827199],[144.955693,-37.827118]]],"type":"Polygon"},"properties":{"base_m":0.0,"date_captured":"2018-05-28","footprint_type":"Structure","structure_id":"803352","top_m":15.0},"type":"Feature"},{"geometry":{"coordinates":[[[144.955776,-37.827467],[144.955676,-37.827392],[144.955608,-37.827341],[144.955527,-37.827282],[144.955442,-37.827354],[144.955522,-37.827414],[144.955591,-37.827464],[144.955691,-37.827539],[144.955776,-37.827467]]],"type":"Polygon"},"properties":{"base_m":67.0,"date_captured":"2018-05-28","footprint_type":"Structure","structure_id":"803352","top_m":71.0},"type":"Feature"},{"geometry":{"coordinates":[[[144.955803,-37.827199],[144.955693,-37.827118],[144.955633,-37.827168],[144.955689,-37.82721],[144.955723,-37.827181],[144.955787,-37.827229],[144.955813,-37.827207],[144.955803,-37.827199]]],"type":"Polygon"},"properties":{"base_m":15.0,"date_captured":"2018-05-28","footprint_type":"Structure","structure_id":"803352","top_m":18.0},"type":"Feature"},{"geometry":{"coordinates":[[[144.955845,-37.826894],[144.955837,-37.826901],[144.955824,-37.826912],[144.955797,-37.826912],[144.955777,-37.826913],[144.955777,-37.826929],[144.955778,-37.826951],[144.955769,-37.826959],[144.95576,-37.826966],[144.955781,-37.826982],[144.955787,-37.827107],[144.955788,-37.82712],[144.955795,-37.82712],[144.955805,-37.82712],[144.955958,-37.827115],[144.955986,-37.827136],[144.95601,-37.827115],[144.956049,-37.827114],[144.956048,-37.827084],[144.956072,-37.827064],[144.956048,-37.827046],[144.956042,-37.826937],[144.95604,-37.826903],[144.955997,-37.826904],[144.955864,-37.826909],[144.955845,-37.826894]]],"type":"Polygon"},"properties":{"base_m":89.4,"date_captured":"2022-01-20","footprint_type":"Structure","structure_id":"818645","top_m":97.4},"type":"Feature"},{"geometry":{"coordinates":[[[144.955902,-37.82705],[144.955961,-37.827],[144.955973,-37.82699],[144.955845,-37.826894],[144.955824,-37.826912],[144.955777,-37.826913],[144.955778,-37.826951],[144.95576,-37.826966],[144.955888,-37.827062],[144.955902,-37.82705]]],"type":"Polygon"},"properties":{"base_m":97.4,"date_captured":"2022-01-20","footprint_type":"Structure","structure_id":"818645","top_m":100.6},"type":"Feature"},{"geometry":{"coordinates":[[[144.955951,-37.826621],[144.955942,-37.826614],[144.955856,-37.826687],[144.955761,-37.826817],[144.955759,-37.82682],[144.95577,-37.826829],[144.955985,-37.826646],[144.955951,-37.826621]]],"type":"Polygon"},"properties":{"base_m":10.4,"date_captured":"2018-05-28","footprint_type":"Structure","structure_id":"818645","top_m":14.9},"type":"Feature"},{"geometry":{"coordinates":[[[144.955951,-37.826621],[144.955942,-37.826614],[144.955856,-37.826687],[144.955761,-37.826817],[144.955759,-37.82682],[144.95577,-37.826829],[144.955985,-37.826646],[144.955951,-37.826621]]],"type":"Polygon"},"properties":{"base_m":10.4,"date_captured":"2022-01-20","footprint_type":"Structure","structure_id":"818645","top_m":14.9},"type":"Feature"},{"geometry":{"coordinates":[[[144.955961,-37.827],[144.955949,-37.826991],[144.955952,-37.826988],[144.955911,-37.826957],[144.955845,-37.827014],[144.955887,-37.827044],[144.95589,-37.827041],[144.955902,-37.82705],[144.955961,-37.827]]],"type":"Polygon"},"properties":{"base_m":100.6,"date_captured":"2022-01-20","footprint_type":"Structure","structure_id":"818645","top_m":104.2},"type":"Feature"},{"geometry":{"coordinates":[[[144.955961,-37.827],[144.955949,-37.826991],[144.955952,-37.826988],[144.955911,-37.826958],[144.955845,-37.827014],[144.955887,-37.827044],[144.95589,-37.827041],[144.955902,-37.82705],[144.955961,-37.827]]],"type":"Polygon"},"properties":{"base_m":102.4,"date_captured":"2018-05-28","footprint_type":"Structure","structure_id":"818645","top_m":104.9},"type":"Feature"},{"geometry":{"coordinates":[[[144.955975,-37.826888],[144.955972,-37.826886],[144.955891,-37.826887],[144.955864,-37.826909],[144.955845,-37.826894],[144.955837,-37.826901],[144.955824,-37.826912],[144.955797,-37.826912],[144.955777,-37.826913],[144.955777,-37.826929],[144.955778,-37.826951],[144.955769,-37.826959],[144.95576,-37.826966],[144.955781,-37.826982],[144.955787,-37.827107],[144.955788,-37.82712],[144.955795,-37.82712],[144.955805,-37.82712],[144.955958,-37.827115],[144.955986,-37.827136],[144.95601,-37.827115],[144.956049,-37.827114],[144.956048,-37.827084],[144.956072,-37.827064],[144.956048,-37.827046],[144.956073,-37.827022],[144.95607,-37.826958],[144.956065,-37.826955],[144.956042,-37.826937],[144.95604,-37.826903],[144.955997,-37.826904],[144.955975,-37.826888]]],"type":"Polygon"},"properties":{"base_m":85.9,"date_captured":"2022-01-20","footprint_type":"Structure","structure_id":"818645","top_m":89.4},"type":"Feature"},{"geometry":{"coordinates":[[[144.955975,-37.826888],[144.955986,-37.826879],[144.955929,-37.826837],[144.955888,-37.826872],[144.955899,-37.82688],[144.955891,-37.826887],[144.955864,-37.826909],[144.955845,-37.826894],[144.955837,-37.826901],[144.95581,-37.826902],[144.955767,-37.826902],[144.955768,-37.826937],[144.955769,-37.826959],[144.95576,-37.826966],[144.955746,-37.826956],[144.955739,-37.82695],[144.955716,-37.82697],[144.955707,-37.826978],[144.955694,-37.826968],[144.95565,-37.827006],[144.95572,-37.827058],[144.955787,-37.827107],[144.955788,-37.82712],[144.955795,-37.82712],[144.955805,-37.82712],[144.955853,-37.827156],[144.955911,-37.827198],[144.955986,-37.827136],[144.95601,-37.827115],[144.956049,-37.827114],[144.956048,-37.827084],[144.956072,-37.827064],[144.956149,-37.826999],[144.956077,-37.826945],[144.956065,-37.826955],[144.956042,-37.826937],[144.95604,-37.826903],[144.955997,-37.826904],[144.955975,-37.826888]]],"type":"Polygon"},"properties":{"base_m":42.9,"date_captured":"2022-01-20","footprint_type":"Structure","structure_id":"818645","top_m":85.9},"type":"Feature"},{"geometry":{"coordinates":[[[144.955975,-37.826888],[144.955986,-37.826879],[144.955929,-37.826837],[144.955888,-37.826872],[144.955899,-37.82688],[144.955891,-37.826887],[144.955864,-37.826909],[144.955845,-37.826894],[144.955837,-37.826901],[144.95581,-37.826902],[144.955767,-37.826902],[144.955768,-37.826937],[144.955769,-37.826959],[144.95576,-37.826966],[144.955746,-37.826956],[144.955739,-37.82695],[144.95573,-37.826944],[144.955704,-37.826962],[144.955694,-37.826968],[144.95565,-37.827006],[144.95572,-37.827058],[144.955787,-37.827107],[144.955788,-37.82712],[144.955795,-37.82712],[144.955805,-37.82712],[144.955853,-37.827156],[144.955911,-37.827198],[144.955986,-37.827136],[144.95601,-37.827115],[144.956049,-37.827114],[144.956048,-37.827084],[144.956072,-37.827064],[144.956149,-37.826999],[144.956077,-37.826945],[144.956065,-37.826955],[144.956042,-37.826937],[144.95604,-37.826903],[144.955997,-37.826904],[144.955975,-37.826888]]],"type":"Polygon"},"properties":{"base_m":33.9,"date_captured":"2022-01-20","footprint_type":"Structure","structure_id":"818645","top_m":42.9},"type":"Feature"},{"geometry":{"coordinates":[[[144.955975,-37.826888],[144.955986,-37.826879],[144.955929,-37.826837],[144.955888,-37.826872],[144.955899,-37.82688],[144.955891,-37.826887],[144.955864,-37.826909],[144.955845,-37.826894],[144.95584,-37.82689],[144.955831,-37.826883],[144.95581,-37.826902],[144.955767,-37.826902],[144.955768,-37.826937],[144.955746,-37.826956],[144.955739,-37.82695],[144.95573,-37.826944],[144.955704,-37.826962],[144.955688,-37.82695],[144.95565,-37.827006],[144.955614,-37.827059],[144.95567,-37.827101],[144.95572,-37.827058],[144.955787,-37.827107],[144.955788,-37.82712],[144.955795,-37.82712],[144.955805,-37.82712],[144.955853,-37.827156],[144.955911,-37.827198],[144.955986,-37.827136],[144.95601,-37.827115],[144.956049,-37.827114],[144.956048,-37.827084],[144.956072,-37.827064],[144.956149,-37.826999],[144.956077,-37.826945],[144.956065,-37.826955],[144.956042,-37.826937],[144.95604,-37.826903],[144.955997,-37.826904],[144.955975,-37.826888]]],"type":"Polygon"},"properties":{"base_m":10.4,"date_captured":"2022-01-20","footprint_type":"Structure","structure_id":"818645","top_m":13.9},"type":"Feature"},{"geometry":{"coordinates":[[[144.955975,-37.826888],[144.955986,-37.826879],[144.955929,-37.826837],[144.955888,-37.826872],[144.955899,-37.82688],[144.955891,-37.826887],[144.955864,-37.826909],[144.955845,-37.826894],[144.95584,-37.82689],[144.955831,-37.826883],[144.95581,-37.826902],[144.955767,-37.826902],[144.955768,-37.826937],[144.955746,-37.826956],[144.955739,-37.82695],[144.95573,-37.826944],[144.955704,-37.826962],[144.955694,-37.826968],[144.95565,-37.827006],[144.95572,-37.827058],[144.955787,-37.827107],[144.955788,-37.82712],[144.955795,-37.82712],[144.955805,-37.82712],[144.955853,-37.827156],[144.955911,-37.827198],[144.955986,-37.827136],[144.95601,-37.827115],[144.956049,-37.827114],[144.956048,-37.827084],[144.956072,-37.827064],[144.956149,-37.826999],[144.956077,-37.826945],[144.956065,-37.826955],[144.956042,-37.826937],[144.95604,-37.826903],[144.955997,-37.826904],[144.955975,-37.826888]]],"type":"Polygon"},"properties":{"base_m":13.9,"date_captured":"2022-01-20","footprint_type":"Structure","structure_id":"818645","top_m":33.9},"type":"Feature"},{"geometry":{"coordinates":[[[144.95603,-37.82455],[144.956215,-37.824497],[144.956168,-37.82439],[144.956206,-37.824347],[144.956218,-37.824333],[144.956211,-37.824319],[144.956053,-37.823977],[144.955734,-37.824345],[144.955692,-37.824322],[144.955868,-37.82412],[144.95574,-37.82405],[144.955619,-37.824189],[144.955618,-37.824186],[144.955439,-37.82431],[144.955531,-37.824291],[144.955378,-37.824467],[144.955649,-37.824615],[144.95587,-37.824736],[144.956012,-37.824571],[144.95603,-37.82455]]],"type":"Polygon"},"properties":{"base_m":12.1,"date_captured":"2022-01-20","footprint_type":"Structure","structure_id":"805197","top_m":17.7},"type":"Feature"},{"geometry":{"coordinates":[[[144.956053,-37.823977],[144.956074,-37.823953],[144.956084,-37.823974],[144.956123,-37.823954],[144.956047,-37.823668],[144.956028,-37.823594],[144.955851,-37.823625],[144.955903,-37.823809],[144.951801,-37.826301],[144.951948,-37.826456],[144.952003,-37.826422],[144.952718,-37.827158],[144.956108,-37.825088],[144.955649,-37.824615],[144.95587,-37.824736],[144.956012,-37.824571],[144.95603,-37.82455],[144.956215,-37.824497],[144.956168,-37.82439],[144.956206,-37.824347],[144.956218,-37.824333],[144.956211,-37.824319],[144.956053,-37.823977]]],"type":"Polygon"},"properties":{"base_m":6.9,"date_captured":"2022-01-20","footprint_type":"Structure","structure_id":"805197","top_m":12.1},"type":"Feature"},{"geometry":{"coordinates":[[[144.956084,-37.823974],[144.956123,-37.823954],[144.956047,-37.823668],[144.956005,-37.823597],[144.955851,-37.823625],[144.955903,-37.823809],[144.955954,-37.823991],[144.955986,-37.823983],[144.95599,-37.823997],[144.956053,-37.823977],[144.956074,-37.823953],[144.956084,-37.823974]]],"type":"Polygon"},"properties":{"base_m":0.0,"date_captured":"2018-05-28","footprint_type":"Structure","structure_id":"815363","top_m":11.5},"type":"Feature"},{"geometry":{"coordinates":[[[144.956084,-37.823974],[144.956123,-37.823954],[144.956047,-37.823668],[144.956028,-37.823594],[144.955851,-37.823625],[144.955903,-37.823809],[144.955954,-37.823991],[144.955986,-37.823983],[144.95599,-37.823997],[144.956053,-37.823977],[144.956074,-37.823953],[144.956084,-37.823974]]],"type":"Polygon"},"properties":{"base_m":12.1,"date_captured":"2022-01-20","footprint_type":"Structure","structure_id":"805197","top_m":30.8},"type":"Feature"},{"geometry":{"coordinates":[[[144.95613,-37.826754],[144.956033,-37.826682],[144.955953,-37.82675],[144.955961,-37.826754],[144.955964,-37.826755],[144.955967,-37.826756],[144.955971,-37.826757],[144.955974,-37.826758],[144.955977,-37.826758],[144.955981,-37.826758],[144.955981,-37.826758],[144.955985,-37.826758],[144.955988,-37.826757],[144.955991,-37.826756],[144.955995,-37.826755],[144.955998,-37.826754],[144.956001,-37.826752],[144.956003,-37.826751],[144.956006,-37.826749],[144.956038,-37.826772],[144.956034,-37.826777],[144.956063,-37.82681],[144.95613,-37.826754]]],"type":"Polygon"},"properties":{"base_m":10.4,"date_captured":"2022-01-20","footprint_type":"Structure","structure_id":"818645","top_m":14.9},"type":"Feature"},{"geometry":{"coordinates":[[[144.95613,-37.826754],[144.956033,-37.826682],[144.955953,-37.82675],[144.955961,-37.826754],[144.955964,-37.826755],[144.955967,-37.826756],[144.955971,-37.826757],[144.955974,-37.826758],[144.955977,-37.826758],[144.955981,-37.826758],[144.955981,-37.826758],[144.955985,-37.826758],[144.955988,-37.826757],[144.955992,-37.826756],[144.955995,-37.826755],[144.955998,-37.826754],[144.956001,-37.826752],[144.956003,-37.826751],[144.956006,-37.826749],[144.956038,-37.826772],[144.956034,-37.826777],[144.956063,-37.82681],[144.95613,-37.826754]]],"type":"Polygon"},"properties":{"base_m":10.4,"date_captured":"2018-05-28","footprint_type":"Structure","structure_id":"818645","top_m":14.9},"type":"Feature"},{"geometry":{"coordinates":[[[144.95613,-37.826754],[144.956033,-37.826682],[144.955985,-37.826646],[144.955951,-37.826621],[144.955942,-37.826614],[144.955856,-37.826687],[144.955761,-37.826817],[144.955759,-37.82682],[144.95577,-37.826829],[144.955822,-37.826867],[144.95583,-37.82686],[144.955854,-37.826878],[144.95584,-37.82689],[144.955831,-37.826883],[144.95581,-37.826902],[144.955767,-37.826902],[144.955768,-37.826937],[144.955746,-37.826956],[144.955739,-37.82695],[144.95573,-37.826944],[144.955704,-37.826962],[144.955688,-37.82695],[144.95565,-37.827006],[144.955614,-37.827059],[144.95567,-37.827101],[144.955693,-37.827118],[144.955803,-37.827199],[144.955813,-37.827207],[144.955964,-37.827319],[144.95598,-37.827331],[144.956413,-37.826964],[144.95613,-37.826754]]],"type":"Polygon"},"properties":{"base_m":0.0,"date_captured":"2022-01-20","footprint_type":"Structure","structure_id":"818645","top_m":4.4},"type":"Feature"},{"geometry":{"coordinates":[[[144.95613,-37.826754],[144.956033,-37.826682],[144.955985,-37.826646],[144.955951,-37.826621],[144.955942,-37.826614],[144.955856,-37.826687],[144.955761,-37.826817],[144.955759,-37.82682],[144.95577,-37.826829],[144.955822,-37.826867],[144.95583,-37.82686],[144.955854,-37.826878],[144.95584,-37.82689],[144.955831,-37.826883],[144.95581,-37.826902],[144.955767,-37.826902],[144.955768,-37.826937],[144.955746,-37.826956],[144.955739,-37.82695],[144.95573,-37.826944],[144.955704,-37.826962],[144.955688,-37.82695],[144.95565,-37.827006],[144.955614,-37.827059],[144.95567,-37.827101],[144.95572,-37.827058],[144.955787,-37.827107],[144.955788,-37.82712],[144.955795,-37.82712],[144.955805,-37.82712],[144.955853,-37.827156],[144.955803,-37.827199],[144.955813,-37.827207],[144.955964,-37.827319],[144.95598,-37.827331],[144.956413,-37.826964],[144.95613,-37.826754]]],"type":"Polygon"},"properties":{"base_m":4.4,"date_captured":"2022-01-20","footprint_type":"Structure","structure_id":"818645","top_m":10.4},"type":"Feature"},{"geometry":{"coordinates":[[[144.956206,-37.824347],[144.956218,-37.824333],[144.956211,-37.824319],[144.956053,-37.823977],[144.955734,-37.824345],[144.955692,-37.824322],[144.955868,-37.82412],[144.95574,-37.82405],[144.955619,-37.824189],[144.955618,-37.824186],[144.955439,-37.82431],[144.955531,-37.824291],[144.955378,-37.824467],[144.955649,-37.824615],[144.95587,-37.824736],[144.956012,-37.824571],[144.95603,-37.82455],[144.956168,-37.82439],[144.956206,-37.824347]]],"type":"Polygon"},"properties":{"base_m":17.7,"date_captured":"2022-01-20","footprint_type":"Structure","structure_id":"805197","top_m":23.9},"type":"Feature"},{"geometry":{"coordinates":[[[144.956206,-37.824347],[144.956218,-37.824333],[144.956211,-37.824319],[144.956053,-37.823977],[144.955734,-37.824345],[144.955692,-37.824322],[144.955868,-37.82412],[144.95574,-37.82405],[144.955619,-37.824189],[144.955618,-37.824186],[144.955439,-37.82431],[144.955531,-37.824291],[144.955378,-37.824467],[144.955649,-37.824615],[144.95587,-37.824736],[144.956012,-37.824571],[144.95603,-37.82455],[144.956168,-37.82439],[144.956206,-37.824347]]],"type":"Polygon"},"properties":{"base_m":17.9,"date_captured":"2018-05-28","footprint_type":"Structure","structure_id":"805197","top_m":24.4},"type":"Feature"},{"geometry":{"coordinates":[[[144.956206,-37.824347],[144.956218,-37.824333],[144.956211,-37.824319],[144.956053,-37.823977],[144.956074,-37.823953],[144.956084,-37.823974],[144.956123,-37.823954],[144.956047,-37.823668],[144.956028,-37.823594],[144.955851,-37.823625],[144.955903,-37.823809],[144.951801,-37.826301],[144.951783,-37.826296],[144.951735,-37.826398],[144.951942,-37.82646],[144.951948,-37.826456],[144.952003,-37.826422],[144.952718,-37.827158],[144.956108,-37.825088],[144.955649,-37.824615],[144.95587,-37.824736],[144.956012,-37.824571],[144.956038,-37.824636],[144.956301,-37.824559],[144.956206,-37.824347]]],"type":"Polygon"},"properties":{"base_m":0.0,"date_captured":"2022-01-20","footprint_type":"Structure","structure_id":"805197","top_m":6.9},"type":"Feature"},{"geometry":{"coordinates":[[[144.956229,-37.826589],[144.956223,-37.826594],[144.956244,-37.82661],[144.956266,-37.826627],[144.956267,-37.826626],[144.956327,-37.826574],[144.956284,-37.826542],[144.956261,-37.826562],[144.956229,-37.826589]]],"type":"Polygon"},"properties":{"base_m":66.5,"date_captured":"2018-05-28","footprint_type":"Structure","structure_id":"810411","top_m":71.5},"type":"Feature"},{"geometry":{"coordinates":[[[144.956321,-37.82638],[144.956355,-37.826353],[144.956307,-37.826318],[144.956208,-37.826401],[144.956189,-37.826417],[144.956227,-37.826445],[144.956246,-37.826429],[144.956254,-37.826423],[144.956283,-37.826444],[144.956281,-37.826446],[144.956199,-37.826516],[144.956185,-37.826506],[144.956184,-37.826505],[144.956181,-37.826503],[144.95615,-37.82653],[144.956136,-37.826542],[144.956135,-37.826543],[144.956127,-37.826549],[144.9561,-37.826572],[144.956086,-37.826562],[144.956113,-37.826539],[144.956077,-37.826513],[144.95605,-37.826536],[144.955951,-37.826621],[144.955985,-37.826646],[144.956033,-37.826682],[144.95613,-37.826754],[144.956413,-37.826964],[144.95677,-37.826661],[144.956457,-37.826429],[144.956441,-37.826416],[144.956408,-37.826444],[144.956366,-37.826412],[144.956372,-37.826407],[144.956352,-37.826393],[144.956346,-37.826398],[144.956321,-37.82638]]],"type":"Polygon"},"properties":{"base_m":4.5,"date_captured":"2018-05-28","footprint_type":"Structure","structure_id":"810411","top_m":7.0},"type":"Feature"},{"geometry":{"coordinates":[[[144.956321,-37.82638],[144.956355,-37.826353],[144.956307,-37.826318],[144.956208,-37.826401],[144.956246,-37.826429],[144.956254,-37.826423],[144.956283,-37.826444],[144.956281,-37.826446],[144.956199,-37.826516],[144.956185,-37.826506],[144.956184,-37.826505],[144.956181,-37.826503],[144.95615,-37.82653],[144.956136,-37.826542],[144.956135,-37.826543],[144.956127,-37.826549],[144.9561,-37.826572],[144.956086,-37.826562],[144.95605,-37.826536],[144.955951,-37.826621],[144.955985,-37.826646],[144.956033,-37.826682],[144.95613,-37.826754],[144.956413,-37.826964],[144.95677,-37.826661],[144.956457,-37.826429],[144.956425,-37.826456],[144.956408,-37.826444],[144.956366,-37.826412],[144.956372,-37.826407],[144.956352,-37.826393],[144.956346,-37.826398],[144.956321,-37.82638]]],"type":"Polygon"},"properties":{"base_m":7.0,"date_captured":"2018-05-28","footprint_type":"Structure","structure_id":"810411","top_m":11.0},"type":"Feature"},{"geometry":{"coordinates":[[[144.95639,-37.826521],[144.956367,-37.826505],[144.956342,-37.826526],[144.956329,-37.826517],[144.956318,-37.826526],[144.956299,-37.826512],[144.95625,-37.826554],[144.956261,-37.826562],[144.956229,-37.826589],[144.95615,-37.82653],[144.956136,-37.826542],[144.956135,-37.826543],[144.956127,-37.826549],[144.9561,-37.826572],[144.956086,-37.826562],[144.956015,-37.826623],[144.956046,-37.826646],[144.956049,-37.826643],[144.956063,-37.826653],[144.95606,-37.826656],[144.956087,-37.826675],[144.956077,-37.826684],[144.95613,-37.826723],[144.95614,-37.826714],[144.956212,-37.826767],[144.956281,-37.826708],[144.956276,-37.826704],[144.956265,-37.826696],[144.956336,-37.826636],[144.956371,-37.826606],[144.956344,-37.826586],[144.95637,-37.826564],[144.956354,-37.826552],[144.95639,-37.826521]]],"type":"Polygon"},"properties":{"base_m":63.0,"date_captured":"2018-05-28","footprint_type":"Structure","structure_id":"810411","top_m":66.5},"type":"Feature"},{"geometry":{"coordinates":[[[144.956425,-37.826456],[144.956408,-37.826444],[144.956366,-37.826412],[144.956372,-37.826407],[144.956352,-37.826393],[144.956346,-37.826398],[144.956316,-37.826424],[144.956326,-37.826431],[144.956298,-37.826455],[144.956283,-37.826444],[144.956281,-37.826446],[144.956199,-37.826516],[144.956185,-37.826506],[144.956184,-37.826505],[144.956181,-37.826503],[144.95615,-37.82653],[144.956136,-37.826542],[144.956135,-37.826543],[144.956127,-37.826549],[144.9561,-37.826572],[144.956086,-37.826562],[144.956015,-37.826623],[144.956046,-37.826646],[144.956049,-37.826643],[144.956063,-37.826653],[144.95606,-37.826656],[144.956087,-37.826675],[144.956077,-37.826684],[144.95613,-37.826723],[144.95614,-37.826714],[144.956212,-37.826767],[144.956281,-37.826708],[144.956276,-37.826704],[144.956442,-37.826563],[144.956448,-37.826568],[144.956508,-37.826517],[144.956425,-37.826456]]],"type":"Polygon"},"properties":{"base_m":11.0,"date_captured":"2018-05-28","footprint_type":"Structure","structure_id":"810411","top_m":63.0},"type":"Feature"},{"geometry":{"coordinates":[[[144.956441,-37.826416],[144.956355,-37.826353],[144.956307,-37.826318],[144.956208,-37.826401],[144.956189,-37.826417],[144.956227,-37.826445],[144.956246,-37.826429],[144.956254,-37.826423],[144.956283,-37.826444],[144.956281,-37.826446],[144.956199,-37.826516],[144.956185,-37.826506],[144.956184,-37.826505],[144.956196,-37.826494],[144.956175,-37.826467],[144.956185,-37.826458],[144.956167,-37.826434],[144.956092,-37.826498],[144.956112,-37.826513],[144.956105,-37.826519],[144.956136,-37.826542],[144.956135,-37.826543],[144.956127,-37.826549],[144.956113,-37.826539],[144.956077,-37.826513],[144.95605,-37.826536],[144.955951,-37.826621],[144.955985,-37.826646],[144.956033,-37.826682],[144.95613,-37.826754],[144.956413,-37.826964],[144.95677,-37.826661],[144.956457,-37.826429],[144.956441,-37.826416]]],"type":"Polygon"},"properties":{"base_m":0.0,"date_captured":"2018-05-28","footprint_type":"Structure","structure_id":"810411","top_m":4.5},"type":"Feature"},{"geometry":{"coordinates":[[[144.956457,-37.827334],[144.95647,-37.82732],[144.95649,-37.827334],[144.956497,-37.827328],[144.956531,-37.827353],[144.956664,-37.82724],[144.956613,-37.827202],[144.956603,-37.827211],[144.956586,-37.827199],[144.956638,-37.827144],[144.956671,-37.82715],[144.956658,-37.827198],[144.956779,-37.827218],[144.956792,-37.82717],[144.956813,-37.827174],[144.956827,-37.827123],[144.956807,-37.827119],[144.956809,-37.827112],[144.956685,-37.827091],[144.956711,-37.826993],[144.9567,-37.826991],[144.956705,-37.826971],[144.956645,-37.826961],[144.956648,-37.826951],[144.95659,-37.826941],[144.956563,-37.827038],[144.956592,-37.827043],[144.95659,-37.827051],[144.956545,-37.827045],[144.95654,-37.827066],[144.956402,-37.827044],[144.956389,-37.827092],[144.956343,-37.827085],[144.956329,-37.827134],[144.956355,-37.827138],[144.956355,-37.827147],[144.95656,-37.827182],[144.956573,-37.827134],[144.956611,-37.82714],[144.956445,-37.827311],[144.95643,-37.827327],[144.956415,-37.827313],[144.95633,-37.827401],[144.956287,-37.82737],[144.956274,-37.82739],[144.956267,-37.827387],[144.956256,-37.827404],[144.956263,-37.827407],[144.956227,-37.827462],[144.956191,-37.827459],[144.956185,-37.827482],[144.956146,-37.827475],[144.956151,-37.827456],[144.956097,-37.827452],[144.956091,-37.827477],[144.956001,-37.827464],[144.955972,-37.82758],[144.956312,-37.827633],[144.956353,-37.827483],[144.956369,-37.827485],[144.956392,-37.82745],[144.956366,-37.827429],[144.956457,-37.827334]]],"type":"Polygon"},"properties":{"base_m":5.3,"date_captured":"2023-05-11","footprint_type":"Structure","structure_id":"805374","top_m":9.2},"type":"Feature"},{"geometry":{"coordinates":[[[144.956471,-37.826214],[144.95644,-37.826191],[144.956297,-37.82631],[144.956307,-37.826318],[144.956355,-37.826353],[144.956441,-37.826416],[144.956457,-37.826429],[144.95677,-37.826661],[144.956912,-37.82654],[144.956909,-37.826538],[144.956736,-37.82641],[144.956703,-37.826386],[144.956471,-37.826214]]],"type":"Polygon"},"properties":{"base_m":0.0,"date_captured":"2018-05-28","footprint_type":"Structure","structure_id":"805047","top_m":7.5},"type":"Feature"},{"geometry":{"coordinates":[[[144.956578,-37.824866],[144.956576,-37.824861],[144.956496,-37.824884],[144.956498,-37.82489],[144.956531,-37.824961],[144.956611,-37.824938],[144.956578,-37.824866]]],"type":"Polygon"},"properties":{"base_m":0.5,"date_captured":"2018-05-28","footprint_type":"Structure","structure_id":"814826","top_m":29.5},"type":"Feature"},{"geometry":{"coordinates":[[[144.956578,-37.824866],[144.956635,-37.82485],[144.956575,-37.824719],[144.956113,-37.824849],[144.956174,-37.824983],[144.956498,-37.82489],[144.956496,-37.824884],[144.956576,-37.824861],[144.956578,-37.824866]]],"type":"Polygon"},"properties":{"base_m":0.0,"date_captured":"2018-05-28","footprint_type":"Structure","structure_id":"814826","top_m":29.0},"type":"Feature"},{"geometry":{"coordinates":[[[144.956612,-37.826579],[144.95657,-37.826548],[144.956278,-37.826796],[144.95632,-37.826826],[144.956612,-37.826579]]],"type":"Polygon"},"properties":{"base_m":11.0,"date_captured":"2018-05-28","footprint_type":"Structure","structure_id":"810411","top_m":15.0},"type":"Feature"},{"geometry":{"coordinates":[[[144.956711,-37.826993],[144.9567,-37.826991],[144.956705,-37.826971],[144.956645,-37.826961],[144.956648,-37.826951],[144.95659,-37.826941],[144.956563,-37.827038],[144.956592,-37.827043],[144.95659,-37.827051],[144.956545,-37.827045],[144.95654,-37.827066],[144.956402,-37.827044],[144.956389,-37.827092],[144.956343,-37.827085],[144.956329,-37.827134],[144.956355,-37.827138],[144.956355,-37.827147],[144.95656,-37.827182],[144.956573,-37.827134],[144.956611,-37.82714],[144.956445,-37.827311],[144.956328,-37.827211],[144.956315,-37.827222],[144.956282,-37.827198],[144.956253,-37.827223],[144.956244,-37.82723],[144.9562,-37.827197],[144.956124,-37.827262],[144.956256,-37.827359],[144.956263,-37.827353],[144.956287,-37.82737],[144.956274,-37.82739],[144.956267,-37.827387],[144.956256,-37.827404],[144.956263,-37.827407],[144.956227,-37.827462],[144.956191,-37.827459],[144.956185,-37.827482],[144.956146,-37.827475],[144.956151,-37.827456],[144.956097,-37.827452],[144.956091,-37.827477],[144.956001,-37.827464],[144.955972,-37.82758],[144.956312,-37.827633],[144.956353,-37.827483],[144.956369,-37.827485],[144.956392,-37.82745],[144.956464,-37.827504],[144.956527,-37.827451],[144.956483,-37.827416],[144.956515,-37.827388],[144.956457,-37.827334],[144.95647,-37.82732],[144.95649,-37.827334],[144.956497,-37.827328],[144.956531,-37.827353],[144.956664,-37.82724],[144.956613,-37.827202],[144.956603,-37.827211],[144.956586,-37.827199],[144.956638,-37.827144],[144.956671,-37.82715],[144.956658,-37.827198],[144.956779,-37.827218],[144.956792,-37.82717],[144.956813,-37.827174],[144.956827,-37.827123],[144.956807,-37.827119],[144.956809,-37.827112],[144.956685,-37.827091],[144.956711,-37.826993]]],"type":"Polygon"},"properties":{"base_m":0.0,"date_captured":"2023-05-11","footprint_type":"Structure","structure_id":"805374","top_m":5.3},"type":"Feature"},{"geometry":{"coordinates":[[[144.956725,-37.827626],[144.956701,-37.827646],[144.956685,-37.827634],[144.956666,-37.827651],[144.95666,-37.827656],[144.956676,-37.827668],[144.956655,-37.827686],[144.956638,-37.827674],[144.956612,-37.827696],[144.956881,-37.827896],[144.956978,-37.827813],[144.956725,-37.827626]]],"type":"Polygon"},"properties":{"base_m":116.5,"date_captured":"2018-05-28","footprint_type":"Structure","structure_id":"801500","top_m":119.0},"type":"Feature"},{"geometry":{"coordinates":[[[144.956795,-37.823746],[144.956861,-37.823712],[144.956827,-37.823669],[144.956758,-37.823705],[144.956718,-37.823655],[144.956638,-37.823695],[144.956689,-37.823758],[144.956772,-37.823717],[144.956795,-37.823746]]],"type":"Polygon"},"properties":{"base_m":15.0,"date_captured":"2022-01-20","footprint_type":"Structure","structure_id":"811161","top_m":19.0},"type":"Feature"},{"geometry":{"coordinates":[[[144.956798,-37.826307],[144.956734,-37.826257],[144.9567,-37.826285],[144.956734,-37.826312],[144.956711,-37.82633],[144.956742,-37.826354],[144.956798,-37.826307]]],"type":"Polygon"},"properties":{"base_m":21.8,"date_captured":"2018-05-28","footprint_type":"Structure","structure_id":"809277","top_m":24.8},"type":"Feature"},{"geometry":{"coordinates":[[[144.956798,-37.826307],[144.956734,-37.826257],[144.9567,-37.826285],[144.956734,-37.826312],[144.956711,-37.82633],[144.956742,-37.826354],[144.956798,-37.826307]]],"type":"Polygon"},"properties":{"base_m":21.8,"date_captured":"2022-01-20","footprint_type":"Structure","structure_id":"809277","top_m":24.8},"type":"Feature"},{"geometry":{"coordinates":[[[144.956836,-37.827787],[144.95679,-37.827752],[144.956765,-37.827774],[144.95681,-37.827808],[144.956836,-37.827787]]],"type":"Polygon"},"properties":{"base_m":119.0,"date_captured":"2018-05-28","footprint_type":"Structure","structure_id":"801500","top_m":122.5},"type":"Feature"},{"geometry":{"coordinates":[[[144.956839,-37.826369],[144.956812,-37.826348],[144.956736,-37.82641],[144.956909,-37.826538],[144.957022,-37.826442],[144.956972,-37.826405],[144.95693,-37.82644],[144.956839,-37.826369]]],"type":"Polygon"},"properties":{"base_m":0.0,"date_captured":"2018-05-28","footprint_type":"Structure","structure_id":"800410","top_m":5.0},"type":"Feature"},{"geometry":{"coordinates":[[[144.956859,-37.82794],[144.956855,-37.827937],[144.956541,-37.827704],[144.956436,-37.827793],[144.956754,-37.828029],[144.956859,-37.82794]]],"type":"Polygon"},"properties":{"base_m":0.0,"date_captured":"2018-05-28","footprint_type":"Structure","structure_id":"800851","top_m":8.5},"type":"Feature"},{"geometry":{"coordinates":[[[144.956878,-37.827755],[144.956816,-37.827709],[144.956789,-37.827731],[144.956851,-37.827777],[144.956878,-37.827755]]],"type":"Polygon"},"properties":{"base_m":119.0,"date_captured":"2018-05-28","footprint_type":"Structure","structure_id":"801500","top_m":122.5},"type":"Feature"},{"geometry":{"coordinates":[[[144.956882,-37.826665],[144.956829,-37.826702],[144.956835,-37.826708],[144.956814,-37.826734],[144.956784,-37.826751],[144.956796,-37.82676],[144.956731,-37.826815],[144.956751,-37.826826],[144.956769,-37.826838],[144.956788,-37.82685],[144.956805,-37.826863],[144.956822,-37.826877],[144.956838,-37.82689],[144.956854,-37.826905],[144.956857,-37.826907],[144.956866,-37.8269],[144.956889,-37.826918],[144.956898,-37.826911],[144.957011,-37.826995],[144.957065,-37.826956],[144.957057,-37.826951],[144.957078,-37.826926],[144.957109,-37.826909],[144.957096,-37.8269],[144.957162,-37.826847],[144.957099,-37.826807],[144.957038,-37.826752],[144.957025,-37.826763],[144.957002,-37.826743],[144.956994,-37.826749],[144.956882,-37.826665]]],"type":"Polygon"},"properties":{"base_m":22.5,"date_captured":"2018-05-28","footprint_type":"Structure","structure_id":"809009","top_m":102.0},"type":"Feature"},{"geometry":{"coordinates":[[[144.956906,-37.825864],[144.956684,-37.826049],[144.95677,-37.826114],[144.956845,-37.826052],[144.956886,-37.826083],[144.956972,-37.826011],[144.957018,-37.826046],[144.957079,-37.825995],[144.957042,-37.825967],[144.957113,-37.825911],[144.957074,-37.825827],[144.957062,-37.8258],[144.957069,-37.825798],[144.95705,-37.825755],[144.957043,-37.825757],[144.957025,-37.825718],[144.956924,-37.825802],[144.956877,-37.825842],[144.956899,-37.825858],[144.956906,-37.825864]]],"type":"Polygon"},"properties":{"base_m":96.5,"date_captured":"2022-01-20","footprint_type":"Structure","structure_id":"809277","top_m":99.6},"type":"Feature"},{"geometry":{"coordinates":[[[144.95693,-37.825997],[144.956889,-37.825965],[144.956826,-37.826016],[144.956867,-37.826048],[144.95693,-37.825997]]],"type":"Polygon"},"properties":{"base_m":100.3,"date_captured":"2018-05-28","footprint_type":"Structure","structure_id":"809277","top_m":106.3},"type":"Feature"},{"geometry":{"coordinates":[[[144.95693,-37.825997],[144.956889,-37.825965],[144.956826,-37.826016],[144.956867,-37.826048],[144.95693,-37.825997]]],"type":"Polygon"},"properties":{"base_m":99.6,"date_captured":"2022-01-20","footprint_type":"Structure","structure_id":"809277","top_m":106.3},"type":"Feature"},{"geometry":{"coordinates":[[[144.956972,-37.826405],[144.956882,-37.826335],[144.956839,-37.826369],[144.95693,-37.82644],[144.956972,-37.826405]]],"type":"Polygon"},"properties":{"base_m":0.0,"date_captured":"2018-05-28","footprint_type":"Structure","structure_id":"800410","top_m":7.5},"type":"Feature"},{"geometry":{"coordinates":[[[144.956972,-37.826405],[144.957078,-37.826316],[144.95698,-37.826244],[144.956874,-37.826329],[144.956882,-37.826335],[144.956972,-37.826405]]],"type":"Polygon"},"properties":{"base_m":0.0,"date_captured":"2018-05-28","footprint_type":"Structure","structure_id":"800410","top_m":5.0},"type":"Feature"},{"geometry":{"coordinates":[[[144.956978,-37.827813],[144.956725,-37.827626],[144.956709,-37.827614],[144.956685,-37.827634],[144.956666,-37.827651],[144.95666,-37.827656],[144.956638,-37.827674],[144.956612,-37.827696],[144.956881,-37.827896],[144.956978,-37.827813]]],"type":"Polygon"},"properties":{"base_m":30.5,"date_captured":"2018-05-28","footprint_type":"Structure","structure_id":"801500","top_m":116.5},"type":"Feature"},{"geometry":{"coordinates":[[[144.95701,-37.82604],[144.957018,-37.826046],[144.957079,-37.825995],[144.957042,-37.825967],[144.957113,-37.825911],[144.957074,-37.825827],[144.957062,-37.8258],[144.957069,-37.825798],[144.95705,-37.825755],[144.957043,-37.825757],[144.957025,-37.825718],[144.956924,-37.825802],[144.956877,-37.825842],[144.956899,-37.825858],[144.956906,-37.825864],[144.956684,-37.826049],[144.95677,-37.826114],[144.956775,-37.826109],[144.956854,-37.826169],[144.95701,-37.82604]]],"type":"Polygon"},"properties":{"base_m":81.8,"date_captured":"2022-01-20","footprint_type":"Structure","structure_id":"809277","top_m":96.5},"type":"Feature"},{"geometry":{"coordinates":[[[144.95702,-37.826843],[144.956924,-37.826771],[144.95687,-37.826817],[144.956966,-37.826889],[144.95702,-37.826843]]],"type":"Polygon"},"properties":{"base_m":102.0,"date_captured":"2018-05-28","footprint_type":"Structure","structure_id":"809009","top_m":105.0},"type":"Feature"},{"geometry":{"coordinates":[[[144.957022,-37.823901],[144.957018,-37.823896],[144.95735,-37.823727],[144.957199,-37.82354],[144.95679,-37.823748],[144.956946,-37.823939],[144.957022,-37.823901]]],"type":"Polygon"},"properties":{"base_m":15.0,"date_captured":"2022-01-20","footprint_type":"Structure","structure_id":"811161","top_m":24.1},"type":"Feature"},{"geometry":{"coordinates":[[[144.957025,-37.825718],[144.956924,-37.825802],[144.956877,-37.825842],[144.956899,-37.825858],[144.956906,-37.825864],[144.956996,-37.825932],[144.957042,-37.825967],[144.957113,-37.825911],[144.957074,-37.825827],[144.957062,-37.8258],[144.957069,-37.825798],[144.95705,-37.825755],[144.957043,-37.825757],[144.957025,-37.825718]]],"type":"Polygon"},"properties":{"base_m":100.3,"date_captured":"2018-05-28","footprint_type":"Structure","structure_id":"809277","top_m":103.3},"type":"Feature"},{"geometry":{"coordinates":[[[144.957025,-37.825718],[144.956924,-37.825802],[144.956877,-37.825842],[144.956899,-37.825858],[144.956906,-37.825864],[144.956996,-37.825932],[144.957042,-37.825967],[144.957113,-37.825911],[144.957074,-37.825827],[144.957062,-37.8258],[144.957069,-37.825798],[144.95705,-37.825755],[144.957043,-37.825757],[144.957025,-37.825718]]],"type":"Polygon"},"properties":{"base_m":99.6,"date_captured":"2022-01-20","footprint_type":"Structure","structure_id":"809277","top_m":103.3},"type":"Feature"},{"geometry":{"coordinates":[[[144.957025,-37.825718],[144.956924,-37.825802],[144.956917,-37.825797],[144.95645,-37.826183],[144.956481,-37.826206],[144.956471,-37.826214],[144.956703,-37.826386],[144.956742,-37.826354],[144.956798,-37.826307],[144.956846,-37.826268],[144.956971,-37.826164],[144.957129,-37.82603],[144.957114,-37.826019],[144.957155,-37.825984],[144.957069,-37.825798],[144.95705,-37.825755],[144.957043,-37.825757],[144.957025,-37.825718]]],"type":"Polygon"},"properties":{"base_m":0.0,"date_captured":"2022-01-20","footprint_type":"Structure","structure_id":"809277","top_m":21.8},"type":"Feature"},{"geometry":{"coordinates":[[[144.957034,-37.827792],[144.956715,-37.827556],[144.956541,-37.827704],[144.956855,-37.827937],[144.956859,-37.82794],[144.957034,-37.827792]]],"type":"Polygon"},"properties":{"base_m":0.0,"date_captured":"2018-05-28","footprint_type":"Structure","structure_id":"801500","top_m":30.5},"type":"Feature"},{"geometry":{"coordinates":[[[144.957042,-37.825967],[144.957113,-37.825911],[144.957074,-37.825827],[144.957062,-37.8258],[144.957069,-37.825798],[144.95705,-37.825755],[144.957043,-37.825757],[144.957025,-37.825718],[144.956924,-37.825802],[144.956877,-37.825842],[144.956899,-37.825858],[144.956616,-37.826092],[144.956813,-37.826242],[144.957037,-37.82606],[144.957018,-37.826046],[144.957079,-37.825995],[144.957042,-37.825967]]],"type":"Polygon"},"properties":{"base_m":24.8,"date_captured":"2022-01-20","footprint_type":"Structure","structure_id":"809277","top_m":81.8},"type":"Feature"},{"geometry":{"coordinates":[[[144.95705,-37.825755],[144.957043,-37.825757],[144.957025,-37.825718],[144.956924,-37.825802],[144.956877,-37.825842],[144.956899,-37.825858],[144.956616,-37.826092],[144.956813,-37.826242],[144.956846,-37.826215],[144.956879,-37.82624],[144.956971,-37.826164],[144.957129,-37.82603],[144.957114,-37.826019],[144.957155,-37.825984],[144.957069,-37.825798],[144.95705,-37.825755]]],"type":"Polygon"},"properties":{"base_m":21.8,"date_captured":"2022-01-20","footprint_type":"Structure","structure_id":"809277","top_m":39.5},"type":"Feature"},{"geometry":{"coordinates":[[[144.957069,-37.825798],[144.95705,-37.825755],[144.957043,-37.825757],[144.957025,-37.825718],[144.956924,-37.825802],[144.956877,-37.825842],[144.956899,-37.825858],[144.956906,-37.825864],[144.956996,-37.825932],[144.95703,-37.825903],[144.957019,-37.825894],[144.957075,-37.825847],[144.957067,-37.825829],[144.957074,-37.825827],[144.957062,-37.8258],[144.957069,-37.825798]]],"type":"Polygon"},"properties":{"base_m":103.3,"date_captured":"2018-05-28","footprint_type":"Structure","structure_id":"809277","top_m":107.3},"type":"Feature"},{"geometry":{"coordinates":[[[144.957069,-37.825798],[144.95705,-37.825755],[144.957043,-37.825757],[144.957025,-37.825718],[144.956924,-37.825802],[144.956877,-37.825842],[144.956899,-37.825858],[144.956906,-37.825864],[144.956996,-37.825932],[144.95703,-37.825903],[144.957019,-37.825894],[144.957075,-37.825847],[144.957067,-37.825829],[144.957074,-37.825827],[144.957062,-37.8258],[144.957069,-37.825798]]],"type":"Polygon"},"properties":{"base_m":103.3,"date_captured":"2022-01-20","footprint_type":"Structure","structure_id":"809277","top_m":107.3},"type":"Feature"},{"geometry":{"coordinates":[[[144.957079,-37.826805],[144.957036,-37.826772],[144.956992,-37.82681],[144.957036,-37.826842],[144.957079,-37.826805]]],"type":"Polygon"},"properties":{"base_m":102.0,"date_captured":"2018-05-28","footprint_type":"Structure","structure_id":"809009","top_m":104.0},"type":"Feature"},{"geometry":{"coordinates":[[[144.957129,-37.823575],[144.957093,-37.823531],[144.957102,-37.823527],[144.95705,-37.823463],[144.956761,-37.82361],[144.956815,-37.823675],[144.956827,-37.823669],[144.956861,-37.823712],[144.957129,-37.823575]]],"type":"Polygon"},"properties":{"base_m":15.0,"date_captured":"2022-01-20","footprint_type":"Structure","structure_id":"811161","top_m":21.9},"type":"Feature"},{"geometry":{"coordinates":[[[144.957129,-37.823575],[144.957673,-37.823298],[144.957623,-37.823236],[144.957546,-37.823275],[144.957522,-37.823246],[144.957441,-37.823288],[144.957412,-37.823252],[144.957401,-37.823257],[144.957391,-37.823244],[144.957329,-37.823276],[144.957339,-37.823288],[144.957327,-37.823294],[144.957318,-37.823283],[144.957249,-37.823318],[144.957259,-37.823329],[144.957247,-37.823335],[144.957236,-37.823322],[144.957173,-37.823355],[144.957182,-37.823367],[144.957171,-37.823372],[144.957201,-37.823409],[144.957119,-37.823451],[144.957157,-37.823499],[144.957093,-37.823531],[144.957129,-37.823575]]],"type":"Polygon"},"properties":{"base_m":15.0,"date_captured":"2022-01-20","footprint_type":"Structure","structure_id":"811161","top_m":20.1},"type":"Feature"},{"geometry":{"coordinates":[[[144.957131,-37.824035],[144.957054,-37.824074],[144.95726,-37.824327],[144.957668,-37.824119],[144.957465,-37.823869],[144.957133,-37.824038],[144.957131,-37.824035]]],"type":"Polygon"},"properties":{"base_m":15.0,"date_captured":"2022-01-20","footprint_type":"Structure","structure_id":"811161","top_m":23.2},"type":"Feature"},{"geometry":{"coordinates":[[[144.957199,-37.82354],[144.957767,-37.824241],[144.957841,-37.824203],[144.957531,-37.82382],[144.957778,-37.823694],[144.957681,-37.823573],[144.957432,-37.8237],[144.957272,-37.823502],[144.957199,-37.82354]]],"type":"Polygon"},"properties":{"base_m":15.0,"date_captured":"2022-01-20","footprint_type":"Structure","structure_id":"811161","top_m":20.9},"type":"Feature"},{"geometry":{"coordinates":[[[144.957202,-37.827577],[144.957006,-37.827423],[144.956936,-37.827369],[144.956715,-37.827556],[144.957034,-37.827792],[144.957247,-37.827612],[144.957202,-37.827577]]],"type":"Polygon"},"properties":{"base_m":0.0,"date_captured":"2018-05-28","footprint_type":"Structure","structure_id":"814094","top_m":8.0},"type":"Feature"},{"geometry":{"coordinates":[[[144.957204,-37.827575],[144.957696,-37.827157],[144.957688,-37.827151],[144.957691,-37.827149],[144.957665,-37.82713],[144.957678,-37.827118],[144.957678,-37.827117],[144.957594,-37.826934],[144.957588,-37.826926],[144.957587,-37.826925],[144.957583,-37.82692],[144.957578,-37.826915],[144.957572,-37.82691],[144.957566,-37.826906],[144.957559,-37.826903],[144.957552,-37.8269],[144.957544,-37.826898],[144.957536,-37.826897],[144.957528,-37.826896],[144.95752,-37.826896],[144.957512,-37.826897],[144.957504,-37.826898],[144.957496,-37.826901],[144.957489,-37.826903],[144.957482,-37.826907],[144.957476,-37.826911],[144.957463,-37.826921],[144.957424,-37.826954],[144.956936,-37.827369],[144.957006,-37.827423],[144.957202,-37.827577],[144.957204,-37.827575]]],"type":"Polygon"},"properties":{"base_m":0.0,"date_captured":"2018-05-28","footprint_type":"Structure","structure_id":"801138","top_m":15.0},"type":"Feature"},{"geometry":{"coordinates":[[[144.95723,-37.826855],[144.957127,-37.826778],[144.957004,-37.826687],[144.956896,-37.826607],[144.956662,-37.826806],[144.956996,-37.827053],[144.95723,-37.826855]]],"type":"Polygon"},"properties":{"base_m":0.0,"date_captured":"2018-05-28","footprint_type":"Structure","structure_id":"809009","top_m":22.5},"type":"Feature"},{"geometry":{"coordinates":[[[144.95725,-37.82769],[144.957302,-37.82773],[144.957329,-37.827707],[144.957277,-37.827667],[144.957268,-37.827674],[144.95725,-37.82769]]],"type":"Polygon"},"properties":{"base_m":24.0,"date_captured":"2018-05-28","footprint_type":"Structure","structure_id":"809739","top_m":27.5},"type":"Feature"},{"geometry":{"coordinates":[[[144.957269,-37.826658],[144.957146,-37.826567],[144.957028,-37.826667],[144.957004,-37.826687],[144.957127,-37.826778],[144.957269,-37.826658]]],"type":"Polygon"},"properties":{"base_m":0.0,"date_captured":"2018-05-28","footprint_type":"Structure","structure_id":"816016","top_m":7.0},"type":"Feature"},{"geometry":{"coordinates":[[[144.957269,-37.826658],[144.95741,-37.826539],[144.957345,-37.826398],[144.957146,-37.826567],[144.957269,-37.826658]]],"type":"Polygon"},"properties":{"base_m":0.0,"date_captured":"2018-05-28","footprint_type":"Structure","structure_id":"816016","top_m":6.0},"type":"Feature"},{"geometry":{"coordinates":[[[144.957312,-37.82743],[144.957358,-37.827392],[144.957621,-37.827167],[144.957578,-37.827135],[144.957561,-37.827123],[144.957555,-37.827118],[144.957531,-37.8271],[144.957521,-37.827093],[144.957546,-37.827071],[144.957487,-37.827027],[144.957173,-37.827296],[144.957195,-37.827312],[144.957178,-37.827326],[144.957145,-37.827354],[144.957133,-37.827364],[144.957082,-37.827408],[144.957217,-37.827509],[144.957312,-37.82743]]],"type":"Polygon"},"properties":{"base_m":81.5,"date_captured":"2018-05-28","footprint_type":"Structure","structure_id":"801138","top_m":86.0},"type":"Feature"},{"geometry":{"coordinates":[[[144.957312,-37.82743],[144.957358,-37.827392],[144.957621,-37.827167],[144.957578,-37.827135],[144.957561,-37.827123],[144.957555,-37.827118],[144.957531,-37.8271],[144.957574,-37.827063],[144.957496,-37.827006],[144.957148,-37.827304],[144.957178,-37.827326],[144.957145,-37.827354],[144.957133,-37.827364],[144.957082,-37.827408],[144.957217,-37.827509],[144.957312,-37.82743]]],"type":"Polygon"},"properties":{"base_m":73.5,"date_captured":"2018-05-28","footprint_type":"Structure","structure_id":"801138","top_m":81.5},"type":"Feature"},{"geometry":{"coordinates":[[[144.957345,-37.826398],[144.957288,-37.826274],[144.95692,-37.826587],[144.957028,-37.826667],[144.957146,-37.826567],[144.957345,-37.826398]]],"type":"Polygon"},"properties":{"base_m":0.0,"date_captured":"2018-05-28","footprint_type":"Structure","structure_id":"811791","top_m":7.0},"type":"Feature"},{"geometry":{"coordinates":[[[144.957387,-37.828008],[144.957414,-37.827985],[144.957386,-37.827964],[144.957407,-37.827947],[144.957386,-37.827931],[144.95737,-37.827944],[144.957344,-37.827924],[144.957325,-37.827939],[144.957311,-37.827951],[144.957387,-37.828008]]],"type":"Polygon"},"properties":{"base_m":24.0,"date_captured":"2018-05-28","footprint_type":"Structure","structure_id":"809739","top_m":27.0},"type":"Feature"},{"geometry":{"coordinates":[[[144.957465,-37.823869],[144.95735,-37.823727],[144.957018,-37.823896],[144.957022,-37.823901],[144.956946,-37.823939],[144.957054,-37.824074],[144.957131,-37.824035],[144.957133,-37.824038],[144.957465,-37.823869]]],"type":"Polygon"},"properties":{"base_m":15.0,"date_captured":"2022-01-20","footprint_type":"Structure","structure_id":"811161","top_m":28.0},"type":"Feature"},{"geometry":{"coordinates":[[[144.957465,-37.823869],[144.95735,-37.823727],[144.957018,-37.823896],[144.957022,-37.823901],[144.956946,-37.823939],[144.957054,-37.824074],[144.957131,-37.824035],[144.957133,-37.824038],[144.957465,-37.823869]]],"type":"Polygon"},"properties":{"base_m":24.0,"date_captured":"2018-05-28","footprint_type":"Structure","structure_id":"811161","top_m":28.0},"type":"Feature"},{"geometry":{"coordinates":[[[144.957465,-37.823869],[144.95735,-37.823727],[144.957018,-37.823896],[144.957022,-37.823901],[144.957131,-37.824035],[144.957133,-37.824038],[144.957465,-37.823869]]],"type":"Polygon"},"properties":{"base_m":28.0,"date_captured":"2018-05-28","footprint_type":"Structure","structure_id":"811161","top_m":36.0},"type":"Feature"},{"geometry":{"coordinates":[[[144.957465,-37.823869],[144.95735,-37.823727],[144.957018,-37.823896],[144.957022,-37.823901],[144.957131,-37.824035],[144.957133,-37.824038],[144.957465,-37.823869]]],"type":"Polygon"},"properties":{"base_m":28.0,"date_captured":"2022-01-20","footprint_type":"Structure","structure_id":"811161","top_m":36.0},"type":"Feature"},{"geometry":{"coordinates":[[[144.957506,-37.827168],[144.957454,-37.82713],[144.95737,-37.827202],[144.957422,-37.82724],[144.957506,-37.827168]]],"type":"Polygon"},"properties":{"base_m":86.0,"date_captured":"2018-05-28","footprint_type":"Structure","structure_id":"801138","top_m":90.0},"type":"Feature"},{"geometry":{"coordinates":[[[144.957561,-37.827123],[144.957555,-37.827118],[144.957621,-37.827062],[144.957524,-37.82699],[144.957482,-37.826959],[144.957353,-37.827069],[144.957255,-37.827153],[144.957131,-37.827259],[144.957078,-37.827304],[144.957145,-37.827354],[144.957133,-37.827364],[144.957082,-37.827408],[144.957217,-37.827509],[144.957312,-37.82743],[144.957318,-37.827434],[144.957348,-37.827413],[144.957383,-37.827387],[144.957418,-37.82736],[144.957453,-37.827333],[144.957487,-37.827306],[144.95752,-37.827277],[144.957552,-37.827249],[144.957584,-37.82722],[144.957616,-37.82719],[144.957646,-37.82716],[144.957594,-37.827122],[144.957578,-37.827135],[144.957561,-37.827123]]],"type":"Polygon"},"properties":{"base_m":69.5,"date_captured":"2018-05-28","footprint_type":"Structure","structure_id":"801138","top_m":73.5},"type":"Feature"},{"geometry":{"coordinates":[[[144.957561,-37.827123],[144.957555,-37.827118],[144.957621,-37.827062],[144.957524,-37.82699],[144.957535,-37.82698],[144.957542,-37.826974],[144.957493,-37.826938],[144.957346,-37.827063],[144.957353,-37.827069],[144.957255,-37.827153],[144.957247,-37.827147],[144.957123,-37.827253],[144.957131,-37.827259],[144.957078,-37.827304],[144.957145,-37.827354],[144.957133,-37.827364],[144.957082,-37.827408],[144.957217,-37.827509],[144.957312,-37.82743],[144.957318,-37.827434],[144.957348,-37.827413],[144.957383,-37.827387],[144.957418,-37.82736],[144.957453,-37.827333],[144.957487,-37.827306],[144.95752,-37.827277],[144.957552,-37.827249],[144.957584,-37.82722],[144.957616,-37.82719],[144.957646,-37.82716],[144.957594,-37.827122],[144.957578,-37.827135],[144.957561,-37.827123]]],"type":"Polygon"},"properties":{"base_m":20.0,"date_captured":"2018-05-28","footprint_type":"Structure","structure_id":"801138","top_m":69.5},"type":"Feature"},{"geometry":{"coordinates":[[[144.957561,-37.827123],[144.957638,-37.827056],[144.957535,-37.82698],[144.957542,-37.826974],[144.957493,-37.826938],[144.957346,-37.827063],[144.957247,-37.827147],[144.957123,-37.827253],[144.957059,-37.827309],[144.957133,-37.827364],[144.957082,-37.827408],[144.957217,-37.827509],[144.957312,-37.82743],[144.957318,-37.827434],[144.957348,-37.827413],[144.957383,-37.827387],[144.957418,-37.82736],[144.957453,-37.827333],[144.957487,-37.827306],[144.95752,-37.827277],[144.957552,-37.827249],[144.957584,-37.82722],[144.957616,-37.82719],[144.957646,-37.82716],[144.957594,-37.827122],[144.957578,-37.827135],[144.957561,-37.827123]]],"type":"Polygon"},"properties":{"base_m":15.0,"date_captured":"2018-05-28","footprint_type":"Structure","structure_id":"801138","top_m":20.0},"type":"Feature"},{"geometry":{"coordinates":[[[144.95759,-37.827741],[144.957464,-37.827646],[144.957411,-37.82769],[144.957537,-37.827785],[144.95759,-37.827741]]],"type":"Polygon"},"properties":{"base_m":0.0,"date_captured":"2018-05-28","footprint_type":"Structure","structure_id":"806522","top_m":4.5},"type":"Feature"},{"geometry":{"coordinates":[[[144.957631,-37.824774],[144.957579,-37.82471],[144.957497,-37.824753],[144.957531,-37.824796],[144.957548,-37.824816],[144.957631,-37.824774]]],"type":"Polygon"},"properties":{"base_m":15.0,"date_captured":"2022-01-20","footprint_type":"Structure","structure_id":"811161","top_m":22.5},"type":"Feature"},{"geometry":{"coordinates":[[[144.957631,-37.824774],[144.957579,-37.82471],[144.957497,-37.824753],[144.957531,-37.824796],[144.957548,-37.824816],[144.957631,-37.824774]]],"type":"Polygon"},"properties":{"base_m":20.0,"date_captured":"2018-05-28","footprint_type":"Structure","structure_id":"811161","top_m":22.5},"type":"Feature"},{"geometry":{"coordinates":[[[144.957668,-37.824119],[144.957465,-37.823869],[144.95735,-37.823727],[144.957199,-37.82354],[144.957127,-37.823577],[144.956861,-37.823712],[144.956795,-37.823746],[144.95679,-37.823748],[144.956851,-37.823822],[144.956946,-37.823939],[144.957054,-37.824074],[144.957254,-37.82432],[144.95726,-37.824327],[144.957668,-37.824119]]],"type":"Polygon"},"properties":{"base_m":20.0,"date_captured":"2018-05-28","footprint_type":"Structure","structure_id":"811161","top_m":24.0},"type":"Feature"},{"geometry":{"coordinates":[[[144.957738,-37.827595],[144.957691,-37.827636],[144.957689,-37.827639],[144.957682,-37.827648],[144.957677,-37.827658],[144.957672,-37.827668],[144.957669,-37.827679],[144.957668,-37.82769],[144.957667,-37.827701],[144.957668,-37.827708],[144.95767,-37.827719],[144.957673,-37.82773],[144.957677,-37.82774],[144.957683,-37.82775],[144.957686,-37.827748],[144.957716,-37.82777],[144.957789,-37.827707],[144.957743,-37.827673],[144.95779,-37.827633],[144.957747,-37.827601],[144.957738,-37.827595]]],"type":"Polygon"},"properties":{"base_m":5.5,"date_captured":"2018-05-28","footprint_type":"Structure","structure_id":"806521","top_m":7.0},"type":"Feature"},{"geometry":{"coordinates":[[[144.957738,-37.827595],[144.957691,-37.827636],[144.957689,-37.827639],[144.957682,-37.827648],[144.957677,-37.827658],[144.957672,-37.827668],[144.957669,-37.827679],[144.957668,-37.82769],[144.957667,-37.827701],[144.957668,-37.827708],[144.95767,-37.827719],[144.957673,-37.82773],[144.957677,-37.82774],[144.957683,-37.82775],[144.957686,-37.827748],[144.957716,-37.82777],[144.957789,-37.827707],[144.957818,-37.827683],[144.95783,-37.827671],[144.957841,-37.827658],[144.957851,-37.827644],[144.957859,-37.827629],[144.957865,-37.827614],[144.957869,-37.827598],[144.957871,-37.827587],[144.957872,-37.827571],[144.957871,-37.827555],[144.957867,-37.827539],[144.957862,-37.827524],[144.957846,-37.827519],[144.957747,-37.827601],[144.957738,-37.827595]]],"type":"Polygon"},"properties":{"base_m":0.0,"date_captured":"2018-05-28","footprint_type":"Structure","structure_id":"806521","top_m":5.5},"type":"Feature"},{"geometry":{"coordinates":[[[144.957758,-37.825789],[144.957758,-37.825787],[144.957758,-37.825785],[144.957759,-37.825769],[144.957759,-37.825753],[144.957758,-37.825737],[144.957756,-37.825721],[144.957753,-37.825705],[144.957749,-37.825689],[144.957744,-37.825673],[144.957738,-37.825658],[144.957732,-37.825642],[144.957724,-37.825627],[144.957716,-37.825612],[144.957707,-37.825598],[144.957697,-37.825584],[144.957687,-37.82557],[144.957675,-37.825557],[144.957541,-37.825635],[144.957543,-37.825636],[144.957552,-37.825647],[144.957559,-37.825658],[144.957566,-37.825669],[144.957573,-37.825681],[144.957578,-37.825692],[144.957583,-37.825704],[144.957586,-37.825717],[144.957589,-37.825729],[144.957591,-37.825742],[144.957592,-37.825754],[144.957592,-37.825767],[144.957593,-37.825791],[144.957758,-37.825789]]],"type":"Polygon"},"properties":{"base_m":94.5,"date_captured":"2018-05-28","footprint_type":"Structure","structure_id":"813488","top_m":99.0},"type":"Feature"},{"geometry":{"coordinates":[[[144.957792,-37.82576],[144.957792,-37.825757],[144.957791,-37.825741],[144.95779,-37.825724],[144.957787,-37.825708],[144.957784,-37.825692],[144.95778,-37.825676],[144.957775,-37.82566],[144.957769,-37.825644],[144.957762,-37.825628],[144.957754,-37.825613],[144.957745,-37.825598],[144.957736,-37.825583],[144.957726,-37.825569],[144.957715,-37.825555],[144.957703,-37.825541],[144.957623,-37.825455],[144.957514,-37.825338],[144.957335,-37.825457],[144.957438,-37.825566],[144.957446,-37.825575],[144.957523,-37.825661],[144.957529,-37.825668],[144.957536,-37.825679],[144.957541,-37.825689],[144.957546,-37.8257],[144.957551,-37.825711],[144.957554,-37.825722],[144.957557,-37.825741],[144.957559,-37.825762],[144.95756,-37.825783],[144.957561,-37.825804],[144.957561,-37.825824],[144.957562,-37.825859],[144.957563,-37.825899],[144.957565,-37.825938],[144.957567,-37.825951],[144.95757,-37.825969],[144.957573,-37.825986],[144.957578,-37.826003],[144.957584,-37.82602],[144.95759,-37.826036],[144.957597,-37.826053],[144.957606,-37.826069],[144.957615,-37.826085],[144.957624,-37.8261],[144.957635,-37.826116],[144.957647,-37.826131],[144.957659,-37.826145],[144.957804,-37.826301],[144.95782,-37.826318],[144.958,-37.826199],[144.957967,-37.826163],[144.958028,-37.826126],[144.958009,-37.826105],[144.958041,-37.826089],[144.95803,-37.826065],[144.958076,-37.826051],[144.958007,-37.825899],[144.957959,-37.825914],[144.957943,-37.82588],[144.957868,-37.825881],[144.957794,-37.825882],[144.957792,-37.82576]]],"type":"Polygon"},"properties":{"base_m":22.0,"date_captured":"2018-05-28","footprint_type":"Structure","structure_id":"813488","top_m":25.0},"type":"Feature"},{"geometry":{"coordinates":[[[144.957822,-37.826052],[144.957813,-37.826043],[144.957804,-37.826034],[144.957796,-37.826024],[144.957789,-37.826014],[144.957783,-37.826003],[144.957777,-37.825992],[144.957772,-37.825981],[144.957769,-37.825969],[144.957766,-37.825958],[144.957765,-37.825955],[144.957597,-37.825957],[144.957599,-37.825964],[144.957603,-37.82598],[144.957608,-37.825996],[144.957614,-37.826012],[144.95762,-37.826028],[144.957628,-37.826043],[144.957636,-37.826058],[144.957645,-37.826073],[144.957655,-37.826088],[144.957666,-37.826102],[144.957678,-37.826116],[144.957689,-37.826128],[144.957822,-37.826052]]],"type":"Polygon"},"properties":{"base_m":94.5,"date_captured":"2018-05-28","footprint_type":"Structure","structure_id":"813488","top_m":99.0},"type":"Feature"},{"geometry":{"coordinates":[[[144.957833,-37.82747],[144.957742,-37.827402],[144.957504,-37.827604],[144.957595,-37.827672],[144.957833,-37.82747]]],"type":"Polygon"},"properties":{"base_m":0.0,"date_captured":"2018-05-28","footprint_type":"Structure","structure_id":"806520","top_m":5.5},"type":"Feature"},{"geometry":{"coordinates":[[[144.957841,-37.824203],[144.958159,-37.824041],[144.958213,-37.824108],[144.957412,-37.824517],[144.957358,-37.824449],[144.957767,-37.824241],[144.957668,-37.824119],[144.95726,-37.824327],[144.957254,-37.82432],[144.957176,-37.82436],[144.957497,-37.824753],[144.957579,-37.82471],[144.957631,-37.824774],[144.957634,-37.824772],[144.957655,-37.824798],[144.957983,-37.824525],[144.957947,-37.82448],[144.957953,-37.824477],[144.957902,-37.824415],[144.957984,-37.824373],[144.958035,-37.824436],[144.958042,-37.824432],[144.958063,-37.824458],[144.958258,-37.824296],[144.958173,-37.82419],[144.958256,-37.824148],[144.95823,-37.824116],[144.958247,-37.824107],[144.958142,-37.823979],[144.958097,-37.823901],[144.958027,-37.823937],[144.95799,-37.823955],[144.957742,-37.824082],[144.957841,-37.824203]]],"type":"Polygon"},"properties":{"base_m":15.0,"date_captured":"2022-01-20","footprint_type":"Structure","structure_id":"811161","top_m":19.7},"type":"Feature"},{"geometry":{"coordinates":[[[144.957897,-37.828015],[144.957761,-37.82813],[144.957778,-37.82813],[144.957802,-37.82813],[144.957826,-37.828131],[144.95785,-37.828131],[144.95794,-37.828131],[144.957963,-37.828131],[144.957986,-37.828132],[144.958009,-37.828132],[144.958032,-37.828132],[144.958056,-37.828132],[144.958064,-37.828132],[144.958064,-37.828098],[144.958064,-37.828097],[144.958064,-37.828085],[144.958063,-37.828073],[144.958061,-37.828062],[144.958059,-37.828057],[144.958056,-37.828052],[144.958052,-37.828046],[144.958048,-37.828041],[144.958043,-37.828037],[144.958037,-37.828033],[144.95803,-37.828029],[144.958027,-37.828028],[144.958018,-37.828025],[144.95801,-37.828024],[144.958001,-37.828023],[144.957993,-37.828022],[144.957984,-37.828023],[144.957975,-37.828024],[144.957949,-37.828046],[144.957939,-37.828039],[144.957935,-37.828043],[144.957897,-37.828015]]],"type":"Polygon"},"properties":{"base_m":0.0,"date_captured":"2018-05-28","footprint_type":"Structure","structure_id":"808978","top_m":6.5},"type":"Feature"},{"geometry":{"coordinates":[[[144.957958,-37.823216],[144.957859,-37.823094],[144.957597,-37.823205],[144.957623,-37.823236],[144.957673,-37.823298],[144.957272,-37.823502],[144.957432,-37.8237],[144.957681,-37.823573],[144.957578,-37.823447],[144.957977,-37.82324],[144.957958,-37.823216]]],"type":"Polygon"},"properties":{"base_m":15.0,"date_captured":"2022-01-20","footprint_type":"Structure","structure_id":"811161","top_m":23.5},"type":"Feature"},{"geometry":{"coordinates":[[[144.957958,-37.823216],[144.957859,-37.823094],[144.957597,-37.823205],[144.957623,-37.823236],[144.957673,-37.823299],[144.957521,-37.823376],[144.957521,-37.823376],[144.957273,-37.823503],[144.957432,-37.8237],[144.957681,-37.823573],[144.957578,-37.823447],[144.957977,-37.82324],[144.957958,-37.823216]]],"type":"Polygon"},"properties":{"base_m":20.0,"date_captured":"2018-05-28","footprint_type":"Structure","structure_id":"811161","top_m":21.5},"type":"Feature"},{"geometry":{"coordinates":[[[144.95799,-37.823955],[144.957778,-37.823694],[144.957531,-37.82382],[144.957742,-37.824082],[144.95799,-37.823955]]],"type":"Polygon"},"properties":{"base_m":15.0,"date_captured":"2022-01-20","footprint_type":"Structure","structure_id":"811161","top_m":23.5},"type":"Feature"},{"geometry":{"coordinates":[[[144.95799,-37.823955],[144.957779,-37.823694],[144.957531,-37.82382],[144.957742,-37.824082],[144.95799,-37.823955]]],"type":"Polygon"},"properties":{"base_m":20.0,"date_captured":"2018-05-28","footprint_type":"Structure","structure_id":"811161","top_m":23.5},"type":"Feature"},{"geometry":{"coordinates":[[[144.957998,-37.823849],[144.957949,-37.823787],[144.957897,-37.823813],[144.957947,-37.823875],[144.957998,-37.823849]]],"type":"Polygon"},"properties":{"base_m":19.5,"date_captured":"2022-01-20","footprint_type":"Structure","structure_id":"811161","top_m":20.5},"type":"Feature"},{"geometry":{"coordinates":[[[144.957998,-37.823849],[144.957949,-37.823787],[144.957897,-37.823813],[144.957947,-37.823875],[144.957998,-37.823849]]],"type":"Polygon"},"properties":{"base_m":20.0,"date_captured":"2018-05-28","footprint_type":"Structure","structure_id":"811161","top_m":20.5},"type":"Feature"},{"geometry":{"coordinates":[[[144.958,-37.826199],[144.957967,-37.826163],[144.957837,-37.826025],[144.957835,-37.826023],[144.957827,-37.826013],[144.95782,-37.826003],[144.957814,-37.825993],[144.957809,-37.825982],[144.957804,-37.825972],[144.9578,-37.825961],[144.957798,-37.825949],[144.957796,-37.825938],[144.957795,-37.825927],[144.957795,-37.825915],[144.957794,-37.825882],[144.957792,-37.82576],[144.957792,-37.825757],[144.957791,-37.825741],[144.95779,-37.825724],[144.957787,-37.825708],[144.957784,-37.825692],[144.95778,-37.825676],[144.957775,-37.82566],[144.957769,-37.825644],[144.957762,-37.825628],[144.957754,-37.825613],[144.957745,-37.825598],[144.957736,-37.825583],[144.957726,-37.825569],[144.957715,-37.825555],[144.957703,-37.825541],[144.957623,-37.825455],[144.957514,-37.825338],[144.957335,-37.825457],[144.957438,-37.825566],[144.957446,-37.825575],[144.957523,-37.825661],[144.957529,-37.825668],[144.957536,-37.825679],[144.957541,-37.825689],[144.957546,-37.8257],[144.957551,-37.825711],[144.957554,-37.825722],[144.957557,-37.825741],[144.957559,-37.825762],[144.95756,-37.825783],[144.957561,-37.825804],[144.957561,-37.825824],[144.957562,-37.825859],[144.957563,-37.825899],[144.957565,-37.825938],[144.957567,-37.825951],[144.95757,-37.825969],[144.957573,-37.825986],[144.957578,-37.826003],[144.957584,-37.82602],[144.95759,-37.826036],[144.957597,-37.826053],[144.957606,-37.826069],[144.957615,-37.826085],[144.957624,-37.8261],[144.957635,-37.826116],[144.957647,-37.826131],[144.957659,-37.826145],[144.957804,-37.826301],[144.95782,-37.826318],[144.958,-37.826199]]],"type":"Polygon"},"properties":{"base_m":25.0,"date_captured":"2018-05-28","footprint_type":"Structure","structure_id":"813488","top_m":94.5},"type":"Feature"},{"geometry":{"coordinates":[[[144.958015,-37.82376],[144.957977,-37.823779],[144.958039,-37.823856],[144.957984,-37.823884],[144.958027,-37.823937],[144.958067,-37.823916],[144.958097,-37.823901],[144.958015,-37.82376]]],"type":"Polygon"},"properties":{"base_m":19.5,"date_captured":"2022-01-20","footprint_type":"Structure","structure_id":"811161","top_m":21.5},"type":"Feature"},{"geometry":{"coordinates":[[[144.958035,-37.824436],[144.957984,-37.824373],[144.957902,-37.824415],[144.957953,-37.824477],[144.958035,-37.824436]]],"type":"Polygon"},"properties":{"base_m":15.0,"date_captured":"2022-01-20","footprint_type":"Structure","structure_id":"811161","top_m":22.5},"type":"Feature"},{"geometry":{"coordinates":[[[144.958035,-37.824436],[144.957984,-37.824373],[144.957902,-37.824415],[144.957953,-37.824477],[144.958035,-37.824436]]],"type":"Polygon"},"properties":{"base_m":20.0,"date_captured":"2018-05-28","footprint_type":"Structure","structure_id":"811161","top_m":22.5},"type":"Feature"},{"geometry":{"coordinates":[[[144.958067,-37.823916],[144.958117,-37.823891],[144.958012,-37.823761],[144.957977,-37.823779],[144.958039,-37.823856],[144.957984,-37.823884],[144.958027,-37.823937],[144.958067,-37.823916]]],"type":"Polygon"},"properties":{"base_m":20.0,"date_captured":"2018-05-28","footprint_type":"Structure","structure_id":"811161","top_m":21.5},"type":"Feature"},{"geometry":{"coordinates":[[[144.958071,-37.826856],[144.95822,-37.826769],[144.958241,-37.826751],[144.958117,-37.826659],[144.957972,-37.826782],[144.958071,-37.826856]]],"type":"Polygon"},"properties":{"base_m":7.0,"date_captured":"2018-05-28","footprint_type":"Structure","structure_id":"808822","top_m":10.5},"type":"Feature"},{"geometry":{"coordinates":[[[144.958071,-37.826856],[144.95822,-37.826769],[144.958241,-37.826751],[144.958117,-37.826659],[144.958191,-37.826597],[144.958006,-37.826459],[144.957814,-37.826622],[144.95805,-37.826868],[144.958071,-37.826856]]],"type":"Polygon"},"properties":{"base_m":0.0,"date_captured":"2018-05-28","footprint_type":"Structure","structure_id":"808822","top_m":7.0},"type":"Feature"},{"geometry":{"coordinates":[[[144.958117,-37.826659],[144.958191,-37.826597],[144.958006,-37.826459],[144.957814,-37.826622],[144.957977,-37.826976],[144.958096,-37.826874],[144.95822,-37.826769],[144.958241,-37.826751],[144.958117,-37.826659]]],"type":"Polygon"},"properties":{"base_m":0.0,"date_captured":"2018-05-28","footprint_type":"Structure","structure_id":"808822","top_m":7.0},"type":"Feature"},{"geometry":{"coordinates":[[[144.958188,-37.827354],[144.958194,-37.827353],[144.958199,-37.827351],[144.958205,-37.827349],[144.958205,-37.827348],[144.958214,-37.827342],[144.958222,-37.827335],[144.95823,-37.827328],[144.958242,-37.827314],[144.958254,-37.827299],[144.958266,-37.827283],[144.958267,-37.827283],[144.958274,-37.827274],[144.958282,-37.827266],[144.958291,-37.827259],[144.9583,-37.827252],[144.95831,-37.827245],[144.958315,-37.827242],[144.958322,-37.827237],[144.958329,-37.827231],[144.958335,-37.827225],[144.95834,-37.827218],[144.958345,-37.827211],[144.958348,-37.827204],[144.95835,-37.827198],[144.958355,-37.827187],[144.958361,-37.827177],[144.958367,-37.827167],[144.958372,-37.827159],[144.958377,-37.82715],[144.958381,-37.827141],[144.958384,-37.827131],[144.958386,-37.827121],[144.958386,-37.827118],[144.958386,-37.827111],[144.958384,-37.827104],[144.958382,-37.827098],[144.958379,-37.827091],[144.958375,-37.827085],[144.95837,-37.82708],[144.958364,-37.827075],[144.958358,-37.82707],[144.958356,-37.827069],[144.958346,-37.827063],[144.958337,-37.827057],[144.958328,-37.82705],[144.95832,-37.827043],[144.958315,-37.827038],[144.958306,-37.827031],[144.958297,-37.827024],[144.958286,-37.827018],[144.958276,-37.827012],[144.958265,-37.827007],[144.958261,-37.827005],[144.958252,-37.827],[144.958244,-37.826994],[144.958236,-37.826988],[144.95823,-37.826981],[144.958223,-37.826974],[144.958223,-37.826973],[144.958218,-37.826968],[144.958212,-37.826962],[144.958208,-37.826959],[144.9582,-37.826952],[144.95819,-37.826945],[144.958186,-37.826942],[144.958181,-37.82694],[144.958175,-37.826939],[144.95817,-37.826938],[144.958164,-37.826938],[144.958158,-37.826938],[144.958152,-37.826939],[144.958147,-37.826941],[144.958142,-37.826944],[144.958138,-37.826947],[144.958134,-37.826951],[144.958133,-37.826952],[144.958113,-37.82697],[144.958108,-37.826975],[144.9581,-37.826983],[144.958091,-37.826991],[144.958081,-37.826997],[144.958079,-37.826999],[144.958068,-37.827006],[144.958058,-37.827014],[144.958056,-37.827017],[144.958053,-37.827021],[144.95805,-37.827026],[144.958048,-37.82703],[144.958047,-37.827035],[144.958047,-37.82704],[144.958048,-37.827045],[144.95805,-37.82705],[144.958051,-37.827051],[144.95806,-37.827073],[144.958069,-37.827095],[144.958074,-37.827107],[144.958079,-37.82712],[144.958084,-37.827134],[144.958087,-37.827147],[144.958089,-37.827161],[144.958091,-37.827175],[144.958091,-37.827176],[144.958092,-37.827184],[144.958094,-37.827193],[144.958097,-37.827201],[144.9581,-37.827209],[144.958106,-37.827219],[144.958112,-37.827234],[144.958117,-37.827249],[144.958122,-37.827265],[144.958136,-37.827308],[144.958142,-37.82733],[144.958144,-37.827335],[144.958147,-37.827339],[144.95815,-37.827343],[144.958154,-37.827347],[144.958159,-37.82735],[144.958164,-37.827352],[144.95817,-37.827353],[144.958176,-37.827354],[144.958182,-37.827355],[144.958188,-37.827354]]],"type":"Polygon"},"properties":{"base_m":31.5,"date_captured":"2018-05-28","footprint_type":"Structure","structure_id":"812980","top_m":144.5},"type":"Feature"},{"geometry":{"coordinates":[[[144.958188,-37.827354],[144.958194,-37.827353],[144.958199,-37.827351],[144.958205,-37.827349],[144.958205,-37.827348],[144.958214,-37.827342],[144.958222,-37.827335],[144.95823,-37.827328],[144.958497,-37.827105],[144.958419,-37.827047],[144.958188,-37.826876],[144.958115,-37.826938],[144.958104,-37.826948],[144.958092,-37.826958],[144.958086,-37.826964],[144.958083,-37.826968],[144.958076,-37.826975],[144.958069,-37.826982],[144.958061,-37.826989],[144.958052,-37.826995],[144.958051,-37.826995],[144.958043,-37.827001],[144.958035,-37.827006],[144.958027,-37.827013],[144.958021,-37.82702],[144.958016,-37.827026],[144.958013,-37.827031],[144.958012,-37.827036],[144.958011,-37.827041],[144.958011,-37.827046],[144.958012,-37.827048],[144.958014,-37.827055],[144.958014,-37.827057],[144.958142,-37.82733],[144.958144,-37.827335],[144.958147,-37.827339],[144.95815,-37.827343],[144.958154,-37.827347],[144.958159,-37.82735],[144.958164,-37.827352],[144.95817,-37.827353],[144.958176,-37.827354],[144.958182,-37.827355],[144.958188,-37.827354]]],"type":"Polygon"},"properties":{"base_m":0.0,"date_captured":"2018-05-28","footprint_type":"Structure","structure_id":"812980","top_m":31.5},"type":"Feature"},{"geometry":{"coordinates":[[[144.958192,-37.827307],[144.958199,-37.827306],[144.958205,-37.827304],[144.95821,-37.827302],[144.958215,-37.827299],[144.95822,-37.827295],[144.958223,-37.827291],[144.958237,-37.827273],[144.958255,-37.827251],[144.958274,-37.827228],[144.958293,-37.827206],[144.958312,-37.827184],[144.958333,-37.827163],[144.958335,-37.82716],[144.95834,-37.827152],[144.958344,-37.827143],[144.958344,-37.827143],[144.958347,-37.827135],[144.958349,-37.827126],[144.958349,-37.827122],[144.958348,-37.827115],[144.958346,-37.827108],[144.958343,-37.827101],[144.958339,-37.827095],[144.958336,-37.827091],[144.958331,-37.827085],[144.958326,-37.82708],[144.958319,-37.827075],[144.958305,-37.827065],[144.958278,-37.827047],[144.958247,-37.827026],[144.95819,-37.826987],[144.958184,-37.826984],[144.958177,-37.826981],[144.95817,-37.826979],[144.958163,-37.826978],[144.958156,-37.826977],[144.958148,-37.826977],[144.958141,-37.826978],[144.958133,-37.826979],[144.958126,-37.826981],[144.958122,-37.826983],[144.95812,-37.826984],[144.95811,-37.82699],[144.958101,-37.826997],[144.958092,-37.827005],[144.958091,-37.827006],[144.958086,-37.827011],[144.958082,-37.827016],[144.958079,-37.827021],[144.958077,-37.827027],[144.958076,-37.827033],[144.958075,-37.827039],[144.958076,-37.827045],[144.958077,-37.827049],[144.95809,-37.827098],[144.958108,-37.827159],[144.958128,-37.827231],[144.958145,-37.827283],[144.958146,-37.827286],[144.958149,-37.827291],[144.958153,-37.827295],[144.958157,-37.827298],[144.958162,-37.827301],[144.958168,-37.827304],[144.958174,-37.827306],[144.95818,-37.827307],[144.958186,-37.827307],[144.958192,-37.827307]]],"type":"Polygon"},"properties":{"base_m":144.5,"date_captured":"2018-05-28","footprint_type":"Structure","structure_id":"812980","top_m":147.5},"type":"Feature"},{"geometry":{"coordinates":[[[144.958213,-37.824108],[144.958159,-37.824041],[144.957358,-37.824449],[144.957412,-37.824517],[144.958213,-37.824108]]],"type":"Polygon"},"properties":{"base_m":15.0,"date_captured":"2022-01-20","footprint_type":"Structure","structure_id":"811161","top_m":21.5},"type":"Feature"},{"geometry":{"coordinates":[[[144.958213,-37.824108],[144.958159,-37.824041],[144.957358,-37.824449],[144.957412,-37.824517],[144.958213,-37.824108]]],"type":"Polygon"},"properties":{"base_m":20.0,"date_captured":"2018-05-28","footprint_type":"Structure","structure_id":"811161","top_m":21.5},"type":"Feature"},{"geometry":{"coordinates":[[[144.958217,-37.826007],[144.95826,-37.82597],[144.958209,-37.825924],[144.958174,-37.825948],[144.958204,-37.826011],[144.958217,-37.826007]]],"type":"Polygon"},"properties":{"base_m":22.0,"date_captured":"2018-05-28","footprint_type":"Structure","structure_id":"813488","top_m":26.0},"type":"Feature"},{"geometry":{"coordinates":[[[144.958224,-37.824253],[144.958308,-37.82421],[144.958256,-37.824148],[144.958173,-37.82419],[144.958224,-37.824253]]],"type":"Polygon"},"properties":{"base_m":15.0,"date_captured":"2022-01-20","footprint_type":"Structure","structure_id":"811161","top_m":22.5},"type":"Feature"},{"geometry":{"coordinates":[[[144.958224,-37.824253],[144.958308,-37.82421],[144.958257,-37.824148],[144.958173,-37.82419],[144.958224,-37.824253]]],"type":"Polygon"},"properties":{"base_m":20.0,"date_captured":"2018-05-28","footprint_type":"Structure","structure_id":"811161","top_m":22.5},"type":"Feature"},{"geometry":{"coordinates":[[[144.958241,-37.826751],[144.958117,-37.826659],[144.957972,-37.826782],[144.958071,-37.826856],[144.958096,-37.826874],[144.95822,-37.826769],[144.958241,-37.826751]]],"type":"Polygon"},"properties":{"base_m":7.0,"date_captured":"2018-05-28","footprint_type":"Structure","structure_id":"808822","top_m":10.5},"type":"Feature"},{"geometry":{"coordinates":[[[144.958253,-37.827192],[144.958238,-37.82714],[144.958182,-37.82715],[144.958196,-37.827202],[144.958253,-37.827192]]],"type":"Polygon"},"properties":{"base_m":147.5,"date_captured":"2018-05-28","footprint_type":"Structure","structure_id":"812980","top_m":152.5},"type":"Feature"},{"geometry":{"coordinates":[[[144.958267,-37.827118],[144.958252,-37.827063],[144.958162,-37.827079],[144.958176,-37.827128],[144.958228,-37.827119],[144.95823,-37.827125],[144.958267,-37.827118]]],"type":"Polygon"},"properties":{"base_m":147.5,"date_captured":"2018-05-28","footprint_type":"Structure","structure_id":"812980","top_m":152.5},"type":"Feature"},{"geometry":{"coordinates":[[[144.958429,-37.822709],[144.958404,-37.822675],[144.95835,-37.822701],[144.958375,-37.822735],[144.958429,-37.822709]]],"type":"Polygon"},"properties":{"base_m":0.0,"date_captured":"2018-05-28","footprint_type":"Structure","structure_id":"807784","top_m":7.0},"type":"Feature"},{"geometry":{"coordinates":[[[144.958475,-37.824504],[144.958157,-37.824768],[144.958091,-37.824823],[144.957842,-37.82503],[144.957852,-37.825037],[144.957763,-37.8251],[144.957806,-37.825194],[144.957798,-37.825207],[144.957774,-37.825156],[144.957605,-37.825394],[144.95764,-37.825433],[144.957623,-37.825455],[144.957514,-37.825338],[144.957335,-37.825457],[144.957438,-37.825566],[144.957421,-37.825574],[144.957406,-37.825557],[144.957333,-37.825577],[144.957534,-37.826014],[144.95755,-37.826049],[144.957695,-37.826364],[144.957714,-37.826404],[144.957854,-37.826323],[144.958,-37.826199],[144.957967,-37.826163],[144.958028,-37.826126],[144.958009,-37.826105],[144.958041,-37.826089],[144.958275,-37.826606],[144.958326,-37.826589],[144.958377,-37.826628],[144.958739,-37.826323],[144.958645,-37.826113],[144.958891,-37.825941],[144.958895,-37.825945],[144.958919,-37.825929],[144.958914,-37.825923],[144.958934,-37.82591],[144.958948,-37.825922],[144.958989,-37.825894],[144.958996,-37.8259],[144.959066,-37.825851],[144.959058,-37.825843],[144.959127,-37.825795],[144.959135,-37.825801],[144.95947,-37.825567],[144.959463,-37.825561],[144.959505,-37.825532],[144.958825,-37.824909],[144.958892,-37.824862],[144.958549,-37.824552],[144.958537,-37.824561],[144.958475,-37.824504]],[[144.957884,-37.825395],[144.957877,-37.825382],[144.957887,-37.82537],[144.958095,-37.82582],[144.957937,-37.825867],[144.957943,-37.82588],[144.957868,-37.825881],[144.957864,-37.825726],[144.957863,-37.825711],[144.957861,-37.825696],[144.957858,-37.825681],[144.957855,-37.825667],[144.957851,-37.825652],[144.957846,-37.825637],[144.95784,-37.825623],[144.957834,-37.825609],[144.957827,-37.825595],[144.95782,-37.825581],[144.957812,-37.825568],[144.957803,-37.825555],[144.957799,-37.82555],[144.957797,-37.825546],[144.957795,-37.825541],[144.957793,-37.825537],[144.957793,-37.825532],[144.957794,-37.825527],[144.957795,-37.825523],[144.957798,-37.825518],[144.957799,-37.825516],[144.957884,-37.825395]]],"type":"Polygon"},"properties":{"base_m":0.0,"date_captured":"2018-05-28","footprint_type":"Structure","structure_id":"813488","top_m":8.0},"type":"Feature"},{"geometry":{"coordinates":[[[144.958475,-37.824504],[144.958157,-37.824768],[144.958091,-37.824823],[144.957842,-37.82503],[144.957852,-37.825037],[144.957763,-37.8251],[144.957806,-37.825194],[144.957798,-37.825207],[144.957774,-37.825156],[144.957605,-37.825394],[144.95764,-37.825433],[144.957623,-37.825455],[144.957514,-37.825338],[144.957335,-37.825457],[144.957438,-37.825566],[144.957421,-37.825574],[144.957406,-37.825557],[144.957333,-37.825577],[144.957534,-37.826014],[144.95755,-37.826049],[144.957695,-37.826364],[144.957804,-37.826301],[144.95782,-37.826318],[144.958,-37.826199],[144.957967,-37.826163],[144.958028,-37.826126],[144.958009,-37.826105],[144.958041,-37.826089],[144.958275,-37.826606],[144.958326,-37.826589],[144.958377,-37.826628],[144.958739,-37.826323],[144.958645,-37.826113],[144.958891,-37.825941],[144.958895,-37.825945],[144.958919,-37.825929],[144.958914,-37.825923],[144.958934,-37.82591],[144.958948,-37.825922],[144.958989,-37.825894],[144.958996,-37.8259],[144.959066,-37.825851],[144.959058,-37.825843],[144.959127,-37.825795],[144.959135,-37.825801],[144.95947,-37.825567],[144.959463,-37.825561],[144.959505,-37.825532],[144.958825,-37.824909],[144.958892,-37.824862],[144.958549,-37.824552],[144.958537,-37.824561],[144.958475,-37.824504]],[[144.957884,-37.825395],[144.957877,-37.825382],[144.957887,-37.82537],[144.958095,-37.82582],[144.957937,-37.825867],[144.957943,-37.82588],[144.957868,-37.825881],[144.957864,-37.825726],[144.957863,-37.825711],[144.957861,-37.825696],[144.957858,-37.825681],[144.957855,-37.825667],[144.957851,-37.825652],[144.957846,-37.825637],[144.95784,-37.825623],[144.957834,-37.825609],[144.957827,-37.825595],[144.95782,-37.825581],[144.957812,-37.825568],[144.957803,-37.825555],[144.957799,-37.82555],[144.957797,-37.825546],[144.957795,-37.825541],[144.957793,-37.825537],[144.957793,-37.825532],[144.957794,-37.825527],[144.957795,-37.825523],[144.957798,-37.825518],[144.957799,-37.825516],[144.957884,-37.825395]]],"type":"Polygon"},"properties":{"base_m":8.0,"date_captured":"2018-05-28","footprint_type":"Structure","structure_id":"813488","top_m":15.5},"type":"Feature"},{"geometry":{"coordinates":[[[144.958488,-37.825223],[144.95843,-37.82517],[144.958309,-37.825254],[144.958367,-37.825306],[144.958488,-37.825223]]],"type":"Polygon"},"properties":{"base_m":26.0,"date_captured":"2018-05-28","footprint_type":"Structure","structure_id":"813488","top_m":30.5},"type":"Feature"},{"geometry":{"coordinates":[[[144.958515,-37.827695],[144.958528,-37.827684],[144.958417,-37.827602],[144.958408,-37.827596],[144.958405,-37.827599],[144.958372,-37.827626],[144.958364,-37.827633],[144.958356,-37.827641],[144.95835,-37.827649],[144.958344,-37.827658],[144.958339,-37.827667],[144.958335,-37.827676],[144.958332,-37.827686],[144.95833,-37.827696],[144.958329,-37.827705],[144.958329,-37.827715],[144.958329,-37.827725],[144.958331,-37.827735],[144.958332,-37.82774],[144.958334,-37.827746],[144.958336,-37.827752],[144.958339,-37.827758],[144.958344,-37.827769],[144.958395,-37.827879],[144.958406,-37.827876],[144.958412,-37.827874],[144.958423,-37.827899],[144.958599,-37.827847],[144.958565,-37.827773],[144.958558,-37.827775],[144.958525,-37.827704],[144.958521,-37.827696],[144.958518,-37.827697],[144.958515,-37.827695]]],"type":"Polygon"},"properties":{"base_m":44.0,"date_captured":"2018-05-28","footprint_type":"Structure","structure_id":"814848","top_m":96.0},"type":"Feature"},{"geometry":{"coordinates":[[[144.958515,-37.827695],[144.958528,-37.827684],[144.958417,-37.827602],[144.958413,-37.827605],[144.95838,-37.827632],[144.958373,-37.827639],[144.958366,-37.827646],[144.95836,-37.827654],[144.958354,-37.827662],[144.95835,-37.82767],[144.958346,-37.827679],[144.958343,-37.827688],[144.958341,-37.827697],[144.95834,-37.827706],[144.95834,-37.827715],[144.958341,-37.827724],[144.958342,-37.827733],[144.958344,-37.827737],[144.958346,-37.827743],[144.958348,-37.827749],[144.95835,-37.827755],[144.958351,-37.827758],[144.958406,-37.827876],[144.958412,-37.827874],[144.958423,-37.827899],[144.958599,-37.827847],[144.958565,-37.827773],[144.958558,-37.827775],[144.958525,-37.827704],[144.958521,-37.827696],[144.958518,-37.827697],[144.958515,-37.827695]]],"type":"Polygon"},"properties":{"base_m":96.0,"date_captured":"2018-05-28","footprint_type":"Structure","structure_id":"814848","top_m":99.5},"type":"Feature"},{"geometry":{"coordinates":[[[144.958525,-37.827704],[144.958521,-37.827696],[144.958518,-37.827697],[144.958455,-37.827716],[144.958493,-37.827795],[144.958558,-37.827775],[144.958525,-37.827704]]],"type":"Polygon"},"properties":{"base_m":99.5,"date_captured":"2018-05-28","footprint_type":"Structure","structure_id":"814848","top_m":105.0},"type":"Feature"},{"geometry":{"coordinates":[[[144.95853,-37.828046],[144.958539,-37.828067],[144.958929,-37.828028],[144.959062,-37.82799],[144.959023,-37.827904],[144.95853,-37.828046]]],"type":"Polygon"},"properties":{"base_m":82.1,"date_captured":"2023-05-11","footprint_type":"Structure","structure_id":"900436","top_m":106.0},"type":"Feature"},{"geometry":{"coordinates":[[[144.958539,-37.828067],[144.958929,-37.828028],[144.959062,-37.82799],[144.959023,-37.827904],[144.958741,-37.827985],[144.958724,-37.827941],[144.958457,-37.828017],[144.958484,-37.828074],[144.958539,-37.828067]]],"type":"Polygon"},"properties":{"base_m":39.5,"date_captured":"2023-05-11","footprint_type":"Structure","structure_id":"900436","top_m":82.1},"type":"Feature"},{"geometry":{"coordinates":[[[144.958558,-37.827775],[144.958525,-37.827704],[144.958568,-37.827667],[144.958583,-37.827655],[144.958453,-37.827558],[144.958408,-37.827596],[144.958405,-37.827599],[144.958372,-37.827626],[144.958364,-37.827633],[144.958356,-37.827641],[144.95835,-37.827649],[144.958344,-37.827658],[144.958339,-37.827667],[144.958335,-37.827676],[144.958332,-37.827686],[144.95833,-37.827696],[144.958329,-37.827705],[144.958329,-37.827715],[144.958329,-37.827725],[144.958331,-37.827735],[144.958332,-37.82774],[144.958334,-37.827746],[144.958336,-37.827752],[144.958339,-37.827758],[144.958344,-37.827769],[144.958395,-37.827879],[144.958406,-37.827876],[144.958412,-37.827874],[144.958423,-37.827899],[144.958599,-37.827847],[144.958565,-37.827773],[144.958558,-37.827775]]],"type":"Polygon"},"properties":{"base_m":23.5,"date_captured":"2018-05-28","footprint_type":"Structure","structure_id":"814848","top_m":44.0},"type":"Feature"},{"geometry":{"coordinates":[[[144.958589,-37.826801],[144.958422,-37.826677],[144.958339,-37.826748],[144.958506,-37.826871],[144.958589,-37.826801]]],"type":"Polygon"},"properties":{"base_m":0.0,"date_captured":"2018-05-28","footprint_type":"Structure","structure_id":"801995","top_m":9.0},"type":"Feature"},{"geometry":{"coordinates":[[[144.958589,-37.826801],[144.958506,-37.826871],[144.958339,-37.826748],[144.958188,-37.826876],[144.958419,-37.827047],[144.958653,-37.826848],[144.958589,-37.826801]]],"type":"Polygon"},"properties":{"base_m":0.0,"date_captured":"2018-05-28","footprint_type":"Structure","structure_id":"801995","top_m":6.5},"type":"Feature"},{"geometry":{"coordinates":[[[144.958599,-37.827847],[144.958645,-37.827833],[144.958574,-37.827681],[144.958568,-37.827667],[144.958583,-37.827655],[144.958453,-37.827558],[144.958408,-37.827596],[144.958405,-37.827599],[144.958372,-37.827626],[144.958364,-37.827633],[144.958356,-37.827641],[144.95835,-37.827649],[144.958344,-37.827658],[144.958339,-37.827667],[144.958335,-37.827676],[144.958332,-37.827686],[144.95833,-37.827696],[144.958329,-37.827705],[144.958329,-37.827715],[144.958329,-37.827725],[144.958331,-37.827735],[144.958332,-37.82774],[144.958334,-37.827746],[144.958336,-37.827752],[144.958339,-37.827758],[144.958344,-37.827769],[144.958395,-37.827879],[144.958406,-37.827876],[144.958412,-37.827874],[144.958423,-37.827899],[144.958599,-37.827847]]],"type":"Polygon"},"properties":{"base_m":20.5,"date_captured":"2018-05-28","footprint_type":"Structure","structure_id":"814848","top_m":23.5},"type":"Feature"},{"geometry":{"coordinates":[[[144.958603,-37.827419],[144.958602,-37.827418],[144.958444,-37.827551],[144.958453,-37.827558],[144.958583,-37.827655],[144.958597,-37.827666],[144.958599,-37.827667],[144.9586,-37.827666],[144.958758,-37.827533],[144.958721,-37.827506],[144.958683,-37.827478],[144.958641,-37.827447],[144.958624,-37.827434],[144.958603,-37.827419]]],"type":"Polygon"},"properties":{"base_m":0.0,"date_captured":"2018-05-28","footprint_type":"Structure","structure_id":"818472","top_m":11.5},"type":"Feature"},{"geometry":{"coordinates":[[[144.95865,-37.827843],[144.958645,-37.827833],[144.958574,-37.827681],[144.958583,-37.827678],[144.958597,-37.827666],[144.958583,-37.827655],[144.958453,-37.827558],[144.958444,-37.827551],[144.9583,-37.827673],[144.958336,-37.827752],[144.958339,-37.827758],[144.958344,-37.827769],[144.958395,-37.827879],[144.95841,-37.827912],[144.95865,-37.827843]]],"type":"Polygon"},"properties":{"base_m":0.0,"date_captured":"2018-05-28","footprint_type":"Structure","structure_id":"814848","top_m":20.5},"type":"Feature"},{"geometry":{"coordinates":[[[144.958658,-37.827375],[144.958648,-37.827367],[144.958608,-37.827401],[144.958617,-37.827407],[144.958632,-37.827418],[144.958671,-37.827385],[144.958658,-37.827375]]],"type":"Polygon"},"properties":{"base_m":47.5,"date_captured":"2018-05-28","footprint_type":"Structure","structure_id":"817337","top_m":49.0},"type":"Feature"},{"geometry":{"coordinates":[[[144.958672,-37.826862],[144.958653,-37.826848],[144.958419,-37.827047],[144.958497,-37.827105],[144.958731,-37.826906],[144.958672,-37.826862]]],"type":"Polygon"},"properties":{"base_m":0.0,"date_captured":"2018-05-28","footprint_type":"Structure","structure_id":"801995","top_m":9.0},"type":"Feature"},{"geometry":{"coordinates":[[[144.958687,-37.823882],[144.958583,-37.823755],[144.958443,-37.823521],[144.958006,-37.823745],[144.958142,-37.823979],[144.958247,-37.824107],[144.958687,-37.823882]]],"type":"Polygon"},"properties":{"base_m":19.5,"date_captured":"2022-01-20","footprint_type":"Structure","structure_id":"811161","top_m":30.4},"type":"Feature"},{"geometry":{"coordinates":[[[144.958687,-37.825687],[144.958653,-37.825656],[144.95854,-37.825734],[144.958575,-37.825765],[144.958687,-37.825687]]],"type":"Polygon"},"properties":{"base_m":22.0,"date_captured":"2018-05-28","footprint_type":"Structure","structure_id":"813488","top_m":26.0},"type":"Feature"},{"geometry":{"coordinates":[[[144.958694,-37.825468],[144.958648,-37.825426],[144.95862,-37.825445],[144.958666,-37.825487],[144.958694,-37.825468]]],"type":"Polygon"},"properties":{"base_m":22.0,"date_captured":"2018-05-28","footprint_type":"Structure","structure_id":"813488","top_m":24.5},"type":"Feature"},{"geometry":{"coordinates":[[[144.958701,-37.825074],[144.958644,-37.825022],[144.958532,-37.825099],[144.958588,-37.825151],[144.958701,-37.825074]]],"type":"Polygon"},"properties":{"base_m":26.0,"date_captured":"2018-05-28","footprint_type":"Structure","structure_id":"813488","top_m":30.5},"type":"Feature"},{"geometry":{"coordinates":[[[144.958724,-37.827941],[144.958457,-37.828017],[144.958484,-37.828074],[144.958494,-37.828073],[144.9585,-37.828091],[144.958915,-37.828048],[144.958991,-37.828039],[144.959128,-37.827997],[144.959056,-37.827843],[144.958861,-37.827903],[144.958724,-37.827941]]],"type":"Polygon"},"properties":{"base_m":0.0,"date_captured":"2023-05-11","footprint_type":"Structure","structure_id":"900436","top_m":39.5},"type":"Feature"},{"geometry":{"coordinates":[[[144.95875,-37.826796],[144.95872,-37.826774],[144.958528,-37.826631],[144.9585,-37.826611],[144.958422,-37.826677],[144.958589,-37.826801],[144.958653,-37.826848],[144.958672,-37.826862],[144.95875,-37.826796]]],"type":"Polygon"},"properties":{"base_m":0.5,"date_captured":"2018-05-28","footprint_type":"Structure","structure_id":"816045","top_m":5.5},"type":"Feature"},{"geometry":{"coordinates":[[[144.958758,-37.827285],[144.958748,-37.827294],[144.958741,-37.827288],[144.958697,-37.827325],[144.95866,-37.827356],[144.958671,-37.827364],[144.958658,-37.827375],[144.958648,-37.827367],[144.958608,-37.827401],[144.958617,-37.827407],[144.958603,-37.827419],[144.958624,-37.827434],[144.958632,-37.827428],[144.958648,-37.827441],[144.958641,-37.827447],[144.958683,-37.827478],[144.958697,-37.827466],[144.9587,-37.827464],[144.958737,-37.827492],[144.958735,-37.827494],[144.958721,-37.827506],[144.958758,-37.827533],[144.958765,-37.827538],[144.95877,-37.827533],[144.958787,-37.827545],[144.958781,-37.82755],[144.958801,-37.827564],[144.958814,-37.827553],[144.958853,-37.82752],[144.958934,-37.827448],[144.958954,-37.82743],[144.958868,-37.827367],[144.958859,-37.827374],[144.958853,-37.827379],[144.958825,-37.827357],[144.958829,-37.827354],[144.958839,-37.827345],[144.958807,-37.827322],[144.958806,-37.827321],[144.958801,-37.827325],[144.958787,-37.827315],[144.958792,-37.827311],[144.958758,-37.827285]]],"type":"Polygon"},"properties":{"base_m":31.5,"date_captured":"2018-05-28","footprint_type":"Structure","structure_id":"817337","top_m":44.5},"type":"Feature"},{"geometry":{"coordinates":[[[144.958758,-37.827285],[144.958748,-37.827294],[144.958741,-37.827288],[144.958697,-37.827325],[144.95866,-37.827356],[144.958671,-37.827364],[144.958658,-37.827375],[144.958648,-37.827367],[144.958608,-37.827401],[144.958617,-37.827407],[144.958603,-37.827419],[144.958624,-37.827434],[144.958641,-37.827447],[144.958683,-37.827478],[144.958697,-37.827466],[144.9587,-37.827464],[144.958737,-37.827492],[144.958735,-37.827494],[144.958721,-37.827506],[144.958758,-37.827533],[144.958765,-37.827538],[144.958781,-37.82755],[144.958801,-37.827564],[144.958814,-37.827553],[144.958853,-37.82752],[144.958934,-37.827448],[144.958954,-37.82743],[144.958868,-37.827367],[144.958859,-37.827374],[144.958853,-37.827379],[144.958825,-37.827357],[144.958829,-37.827354],[144.958839,-37.827345],[144.958807,-37.827322],[144.958806,-37.827321],[144.958792,-37.827311],[144.958758,-37.827285]]],"type":"Polygon"},"properties":{"base_m":15.5,"date_captured":"2018-05-28","footprint_type":"Structure","structure_id":"817337","top_m":31.5},"type":"Feature"},{"geometry":{"coordinates":[[[144.958758,-37.827285],[144.958748,-37.827294],[144.958741,-37.827288],[144.958697,-37.827325],[144.95866,-37.827356],[144.958671,-37.827364],[144.958658,-37.827375],[144.958648,-37.827367],[144.958608,-37.827401],[144.958617,-37.827407],[144.958603,-37.827419],[144.958624,-37.827434],[144.958641,-37.827447],[144.958683,-37.827478],[144.958721,-37.827506],[144.958758,-37.827533],[144.958765,-37.827538],[144.958781,-37.82755],[144.958801,-37.827564],[144.958814,-37.827553],[144.958853,-37.82752],[144.958934,-37.827448],[144.958954,-37.82743],[144.958868,-37.827367],[144.958841,-37.827347],[144.958839,-37.827345],[144.958807,-37.827322],[144.958806,-37.827321],[144.958792,-37.827311],[144.958758,-37.827285]]],"type":"Polygon"},"properties":{"base_m":0.0,"date_captured":"2018-05-28","footprint_type":"Structure","structure_id":"817337","top_m":15.5},"type":"Feature"},{"geometry":{"coordinates":[[[144.958765,-37.827538],[144.958758,-37.827533],[144.9586,-37.827666],[144.958607,-37.827671],[144.958682,-37.827834],[144.959024,-37.827735],[144.958995,-37.827674],[144.958869,-37.82771],[144.958802,-37.827565],[144.958801,-37.827564],[144.958781,-37.82755],[144.958765,-37.827538]]],"type":"Polygon"},"properties":{"base_m":0.5,"date_captured":"2018-05-28","footprint_type":"Structure","structure_id":"818472","top_m":8.0},"type":"Feature"},{"geometry":{"coordinates":[[[144.958785,-37.823545],[144.958733,-37.823481],[144.958681,-37.823507],[144.958732,-37.823571],[144.958785,-37.823545]]],"type":"Polygon"},"properties":{"base_m":22.1,"date_captured":"2022-01-20","footprint_type":"Structure","structure_id":"811161","top_m":25.0},"type":"Feature"},{"geometry":{"coordinates":[[[144.958785,-37.823545],[144.958733,-37.823481],[144.958681,-37.823507],[144.958732,-37.823571],[144.958785,-37.823545]]],"type":"Polygon"},"properties":{"base_m":22.5,"date_captured":"2018-05-28","footprint_type":"Structure","structure_id":"811161","top_m":25.0},"type":"Feature"},{"geometry":{"coordinates":[[[144.958789,-37.824928],[144.958822,-37.824906],[144.958681,-37.824777],[144.958606,-37.824829],[144.958747,-37.824958],[144.958789,-37.824928]]],"type":"Polygon"},"properties":{"base_m":26.0,"date_captured":"2018-05-28","footprint_type":"Structure","structure_id":"813488","top_m":30.0},"type":"Feature"},{"geometry":{"coordinates":[[[144.958809,-37.82684],[144.95875,-37.826796],[144.958672,-37.826862],[144.958731,-37.826906],[144.958809,-37.82684]]],"type":"Polygon"},"properties":{"base_m":0.0,"date_captured":"2018-05-28","footprint_type":"Structure","structure_id":"816045","top_m":8.0},"type":"Feature"},{"geometry":{"coordinates":[[[144.958815,-37.823057],[144.958881,-37.823024],[144.958806,-37.822931],[144.95874,-37.822964],[144.958815,-37.823057]]],"type":"Polygon"},"properties":{"base_m":19.5,"date_captured":"2022-01-20","footprint_type":"Structure","structure_id":"811161","top_m":21.9},"type":"Feature"},{"geometry":{"coordinates":[[[144.958825,-37.827357],[144.958829,-37.827354],[144.95875,-37.827296],[144.958748,-37.827294],[144.958741,-37.827288],[144.958697,-37.827325],[144.958719,-37.827341],[144.958696,-37.827361],[144.958739,-37.827393],[144.958762,-37.827373],[144.958784,-37.827389],[144.958734,-37.827432],[144.958671,-37.827385],[144.958658,-37.827375],[144.958648,-37.827367],[144.958608,-37.827401],[144.958617,-37.827407],[144.958632,-37.827418],[144.958697,-37.827466],[144.9587,-37.827464],[144.958737,-37.827492],[144.958735,-37.827494],[144.958771,-37.827521],[144.958814,-37.827553],[144.958853,-37.82752],[144.958775,-37.827463],[144.958782,-37.827457],[144.958773,-37.82745],[144.958817,-37.827413],[144.958876,-37.827457],[144.958921,-37.82742],[144.958859,-37.827374],[144.958853,-37.827379],[144.958825,-37.827357]]],"type":"Polygon"},"properties":{"base_m":44.5,"date_captured":"2018-05-28","footprint_type":"Structure","structure_id":"817337","top_m":47.5},"type":"Feature"},{"geometry":{"coordinates":[[[144.958861,-37.82512],[144.95885,-37.82511],[144.958929,-37.825055],[144.958789,-37.824928],[144.958822,-37.824906],[144.958681,-37.824777],[144.958537,-37.824649],[144.957861,-37.825119],[144.957883,-37.82517],[144.957854,-37.825189],[144.957917,-37.825246],[144.95789,-37.825265],[144.957949,-37.825319],[144.957921,-37.825338],[144.957949,-37.825399],[144.957946,-37.825402],[144.958016,-37.825465],[144.957996,-37.82548],[144.958136,-37.825607],[144.958506,-37.825351],[144.958515,-37.825359],[144.958861,-37.82512]]],"type":"Polygon"},"properties":{"base_m":22.0,"date_captured":"2018-05-28","footprint_type":"Structure","structure_id":"813488","top_m":26.0},"type":"Feature"},{"geometry":{"coordinates":[[[144.958911,-37.826603],[144.958798,-37.826358],[144.958577,-37.826546],[144.958811,-37.82672],[144.958894,-37.82665],[144.958873,-37.826635],[144.958911,-37.826603]]],"type":"Polygon"},"properties":{"base_m":0.5,"date_captured":"2018-05-28","footprint_type":"Structure","structure_id":"811577","top_m":9.5},"type":"Feature"},{"geometry":{"coordinates":[[[144.958911,-37.826603],[144.958873,-37.826635],[144.958894,-37.82665],[144.958811,-37.82672],[144.958577,-37.826546],[144.9585,-37.826611],[144.958528,-37.826631],[144.95872,-37.826774],[144.95875,-37.826796],[144.958809,-37.82684],[144.958961,-37.826711],[144.958911,-37.826603]]],"type":"Polygon"},"properties":{"base_m":0.0,"date_captured":"2018-05-28","footprint_type":"Structure","structure_id":"811577","top_m":9.5},"type":"Feature"},{"geometry":{"coordinates":[[[144.958975,-37.82291],[144.958948,-37.822924],[144.95896,-37.82294],[144.958939,-37.82295],[144.959004,-37.823032],[144.959053,-37.823007],[144.958975,-37.82291]]],"type":"Polygon"},"properties":{"base_m":19.5,"date_captured":"2022-01-20","footprint_type":"Structure","structure_id":"811161","top_m":21.3},"type":"Feature"},{"geometry":{"coordinates":[[[144.959005,-37.823641],[144.959001,-37.823636],[144.958966,-37.823593],[144.958866,-37.823644],[144.958904,-37.823692],[144.959005,-37.823641]]],"type":"Polygon"},"properties":{"base_m":22.1,"date_captured":"2022-01-20","footprint_type":"Structure","structure_id":"811161","top_m":23.0},"type":"Feature"},{"geometry":{"coordinates":[[[144.959005,-37.823641],[144.959001,-37.823636],[144.958966,-37.823593],[144.958866,-37.823644],[144.958904,-37.823692],[144.959005,-37.823641]]],"type":"Polygon"},"properties":{"base_m":22.5,"date_captured":"2018-05-28","footprint_type":"Structure","structure_id":"811161","top_m":23.0},"type":"Feature"},{"geometry":{"coordinates":[[[144.959055,-37.822633],[144.958854,-37.822735],[144.9591,-37.823041],[144.959301,-37.82294],[144.959055,-37.822633]]],"type":"Polygon"},"properties":{"base_m":19.5,"date_captured":"2022-01-20","footprint_type":"Structure","structure_id":"811161","top_m":24.0},"type":"Feature"},{"geometry":{"coordinates":[[[144.959056,-37.823476],[144.959015,-37.823425],[144.958953,-37.823456],[144.958994,-37.823507],[144.959056,-37.823476]]],"type":"Polygon"},"properties":{"base_m":22.1,"date_captured":"2022-01-20","footprint_type":"Structure","structure_id":"811161","top_m":26.0},"type":"Feature"},{"geometry":{"coordinates":[[[144.959056,-37.823476],[144.959015,-37.823425],[144.958953,-37.823456],[144.958994,-37.823507],[144.959056,-37.823476]]],"type":"Polygon"},"properties":{"base_m":22.5,"date_captured":"2018-05-28","footprint_type":"Structure","structure_id":"811161","top_m":26.0},"type":"Feature"},{"geometry":{"coordinates":[[[144.959063,-37.826317],[144.959093,-37.82629],[144.959147,-37.826241],[144.95914,-37.826205],[144.959136,-37.826202],[144.959105,-37.826179],[144.959022,-37.826118],[144.958983,-37.826089],[144.958971,-37.826079],[144.958962,-37.826073],[144.958923,-37.826106],[144.958927,-37.826115],[144.959017,-37.826309],[144.959033,-37.826344],[144.959063,-37.826317]]],"type":"Polygon"},"properties":{"base_m":14.0,"date_captured":"2018-05-28","footprint_type":"Structure","structure_id":"815587","top_m":61.5},"type":"Feature"},{"geometry":{"coordinates":[[[144.959077,-37.827075],[144.959041,-37.827106],[144.958993,-37.8271],[144.958965,-37.827123],[144.958947,-37.827139],[144.958938,-37.827132],[144.958805,-37.827245],[144.958758,-37.827285],[144.958792,-37.827311],[144.958806,-37.827321],[144.958807,-37.827322],[144.958839,-37.827345],[144.958841,-37.827347],[144.958868,-37.827367],[144.958954,-37.82743],[144.958962,-37.827436],[144.959006,-37.827468],[144.958968,-37.82748],[144.958948,-37.827486],[144.958982,-37.82756],[144.959052,-37.82754],[144.959182,-37.827502],[144.959308,-37.827464],[144.959167,-37.827159],[144.959155,-37.827163],[144.959135,-37.82712],[144.959095,-37.827113],[144.959077,-37.827075]]],"type":"Polygon"},"properties":{"base_m":8.5,"date_captured":"2018-05-28","footprint_type":"Structure","structure_id":"807518","top_m":26.0},"type":"Feature"},{"geometry":{"coordinates":[[[144.959079,-37.827182],[144.959095,-37.827168],[144.959039,-37.827127],[144.958996,-37.827163],[144.959006,-37.827171],[144.958979,-37.827194],[144.958966,-37.827184],[144.958922,-37.827221],[144.958935,-37.827231],[144.958906,-37.827256],[144.958896,-37.827248],[144.958885,-37.827258],[144.958879,-37.827254],[144.958859,-37.82726],[144.958844,-37.827264],[144.958847,-37.827271],[144.95885,-37.827279],[144.958858,-37.827296],[144.958844,-37.827308],[144.958927,-37.82737],[144.958937,-37.827362],[144.958958,-37.827378],[144.95894,-37.827393],[144.958979,-37.827421],[144.958997,-37.827435],[144.958984,-37.827446],[144.959076,-37.827515],[144.959089,-37.827504],[144.959102,-37.827513],[144.959169,-37.827457],[144.959181,-37.827465],[144.959236,-37.827419],[144.959191,-37.827385],[144.959205,-37.827373],[144.959159,-37.82734],[144.959135,-37.827322],[144.959159,-37.827302],[144.959125,-37.827277],[144.959141,-37.827264],[144.959096,-37.827231],[144.959119,-37.827211],[144.959079,-37.827182]]],"type":"Polygon"},"properties":{"base_m":117.5,"date_captured":"2018-05-28","footprint_type":"Structure","structure_id":"807518","top_m":126.0},"type":"Feature"},{"geometry":{"coordinates":[[[144.959083,-37.827342],[144.959016,-37.827293],[144.958955,-37.827344],[144.95911,-37.827461],[144.959172,-37.827408],[144.959083,-37.827342]]],"type":"Polygon"},"properties":{"base_m":129.5,"date_captured":"2018-05-28","footprint_type":"Structure","structure_id":"807518","top_m":136.5},"type":"Feature"},{"geometry":{"coordinates":[[[144.959093,-37.82629],[144.959147,-37.826241],[144.95914,-37.826205],[144.959136,-37.826202],[144.959105,-37.826179],[144.959022,-37.826118],[144.958983,-37.826089],[144.958971,-37.826079],[144.958927,-37.826115],[144.959017,-37.826309],[144.959063,-37.826317],[144.959093,-37.82629]]],"type":"Polygon"},"properties":{"base_m":61.5,"date_captured":"2018-05-28","footprint_type":"Structure","structure_id":"815587","top_m":67.0},"type":"Feature"},{"geometry":{"coordinates":[[[144.959095,-37.827113],[144.959077,-37.827075],[144.959041,-37.827106],[144.958896,-37.827229],[144.958859,-37.82726],[144.958844,-37.827264],[144.958847,-37.827271],[144.958843,-37.827274],[144.958805,-37.827245],[144.958758,-37.827285],[144.958792,-37.827311],[144.958806,-37.827321],[144.958807,-37.827322],[144.958839,-37.827345],[144.958841,-37.827347],[144.958868,-37.827367],[144.958954,-37.82743],[144.958962,-37.827436],[144.959006,-37.827468],[144.959022,-37.82748],[144.959044,-37.827531],[144.959148,-37.827504],[144.959153,-37.827507],[144.95917,-37.827493],[144.959182,-37.827502],[144.959203,-37.827483],[144.959205,-37.827485],[144.959284,-37.827418],[144.959258,-37.827399],[144.959269,-37.82739],[144.959206,-37.827343],[144.959195,-37.827352],[144.959168,-37.827332],[144.95916,-37.827313],[144.959183,-37.827306],[144.959095,-37.827113]]],"type":"Polygon"},"properties":{"base_m":26.0,"date_captured":"2018-05-28","footprint_type":"Structure","structure_id":"807518","top_m":32.0},"type":"Feature"},{"geometry":{"coordinates":[[[144.959095,-37.827113],[144.959077,-37.827075],[144.959041,-37.827106],[144.958896,-37.827229],[144.958909,-37.827238],[144.958896,-37.827248],[144.958885,-37.827258],[144.958879,-37.827254],[144.958859,-37.82726],[144.958844,-37.827264],[144.958847,-37.827271],[144.95885,-37.827279],[144.958815,-37.827288],[144.958824,-37.827308],[144.958817,-37.827314],[144.958807,-37.827322],[144.958839,-37.827345],[144.958841,-37.827347],[144.95885,-37.827339],[144.958858,-37.827332],[144.95894,-37.827393],[144.958979,-37.827421],[144.958962,-37.827436],[144.959006,-37.827468],[144.959022,-37.82748],[144.959044,-37.827531],[144.959148,-37.827504],[144.959153,-37.827507],[144.95917,-37.827493],[144.959182,-37.827502],[144.959203,-37.827483],[144.959205,-37.827485],[144.959284,-37.827418],[144.959258,-37.827399],[144.959269,-37.82739],[144.959206,-37.827343],[144.959195,-37.827352],[144.959168,-37.827332],[144.95916,-37.827313],[144.959183,-37.827306],[144.959095,-37.827113]]],"type":"Polygon"},"properties":{"base_m":32.0,"date_captured":"2018-05-28","footprint_type":"Structure","structure_id":"807518","top_m":47.0},"type":"Feature"},{"geometry":{"coordinates":[[[144.959095,-37.827113],[144.959077,-37.827075],[144.959041,-37.827106],[144.958896,-37.827229],[144.958909,-37.827238],[144.958896,-37.827248],[144.958885,-37.827258],[144.958879,-37.827254],[144.958859,-37.82726],[144.958844,-37.827264],[144.958847,-37.827271],[144.95885,-37.827279],[144.958815,-37.827288],[144.958824,-37.827308],[144.958817,-37.827314],[144.95885,-37.827339],[144.958858,-37.827332],[144.95894,-37.827393],[144.958979,-37.827421],[144.958962,-37.827436],[144.959006,-37.827468],[144.959022,-37.82748],[144.959044,-37.827531],[144.959148,-37.827504],[144.959153,-37.827507],[144.95917,-37.827493],[144.959182,-37.827502],[144.959203,-37.827483],[144.959205,-37.827485],[144.959284,-37.827418],[144.959258,-37.827399],[144.959269,-37.82739],[144.959206,-37.827343],[144.959195,-37.827352],[144.959168,-37.827332],[144.95916,-37.827313],[144.959183,-37.827306],[144.959095,-37.827113]]],"type":"Polygon"},"properties":{"base_m":47.0,"date_captured":"2018-05-28","footprint_type":"Structure","structure_id":"807518","top_m":104.5},"type":"Feature"},{"geometry":{"coordinates":[[[144.959095,-37.827113],[144.959077,-37.827075],[144.959041,-37.827106],[144.958896,-37.827229],[144.958909,-37.827238],[144.958896,-37.827248],[144.958885,-37.827258],[144.958879,-37.827254],[144.958859,-37.82726],[144.958844,-37.827264],[144.958847,-37.827271],[144.95885,-37.827279],[144.958858,-37.827296],[144.958844,-37.827308],[144.958927,-37.82737],[144.958937,-37.827362],[144.958958,-37.827378],[144.95894,-37.827393],[144.958979,-37.827421],[144.958997,-37.827435],[144.958984,-37.827446],[144.959076,-37.827515],[144.959089,-37.827504],[144.959102,-37.827513],[144.959169,-37.827457],[144.959181,-37.827465],[144.959236,-37.827419],[144.959191,-37.827385],[144.959205,-37.827373],[144.959159,-37.82734],[144.959168,-37.827332],[144.95916,-37.827313],[144.959183,-37.827306],[144.959095,-37.827113]]],"type":"Polygon"},"properties":{"base_m":104.5,"date_captured":"2018-05-28","footprint_type":"Structure","structure_id":"807518","top_m":117.5},"type":"Feature"},{"geometry":{"coordinates":[[[144.959105,-37.826179],[144.959022,-37.826118],[144.958993,-37.826143],[144.959075,-37.826204],[144.959105,-37.826179]]],"type":"Polygon"},"properties":{"base_m":70.0,"date_captured":"2018-05-28","footprint_type":"Structure","structure_id":"815587","top_m":71.0},"type":"Feature"},{"geometry":{"coordinates":[[[144.959117,-37.827049],[144.959047,-37.82704],[144.958956,-37.827117],[144.958965,-37.827123],[144.958947,-37.827139],[144.958938,-37.827132],[144.958805,-37.827245],[144.958758,-37.827285],[144.958792,-37.827311],[144.958806,-37.827321],[144.958807,-37.827322],[144.958839,-37.827345],[144.958841,-37.827347],[144.958868,-37.827367],[144.958954,-37.82743],[144.958962,-37.827436],[144.959006,-37.827468],[144.958968,-37.82748],[144.958948,-37.827486],[144.958982,-37.82756],[144.959052,-37.82754],[144.959182,-37.827502],[144.959308,-37.827464],[144.959167,-37.827159],[144.959117,-37.827049]]],"type":"Polygon"},"properties":{"base_m":0.0,"date_captured":"2018-05-28","footprint_type":"Structure","structure_id":"807518","top_m":8.5},"type":"Feature"},{"geometry":{"coordinates":[[[144.959126,-37.82625],[144.959101,-37.826231],[144.959136,-37.826202],[144.959105,-37.826179],[144.959022,-37.826118],[144.958983,-37.826089],[144.958943,-37.826122],[144.958983,-37.826152],[144.958957,-37.826173],[144.959006,-37.826279],[144.959014,-37.826273],[144.959023,-37.82628],[144.959039,-37.826266],[144.959074,-37.826293],[144.959085,-37.826283],[144.959126,-37.82625]]],"type":"Polygon"},"properties":{"base_m":67.0,"date_captured":"2018-05-28","footprint_type":"Structure","structure_id":"815587","top_m":70.0},"type":"Feature"},{"geometry":{"coordinates":[[[144.95914,-37.826205],[144.959136,-37.826202],[144.959105,-37.826179],[144.959022,-37.826118],[144.958983,-37.826089],[144.958971,-37.826079],[144.958962,-37.826073],[144.958923,-37.826106],[144.958927,-37.826115],[144.959017,-37.826309],[144.959033,-37.826344],[144.959063,-37.826317],[144.959093,-37.82629],[144.959104,-37.826298],[144.959126,-37.826267],[144.959176,-37.826304],[144.95908,-37.826385],[144.959095,-37.826396],[144.959061,-37.826405],[144.959125,-37.826546],[144.959151,-37.826549],[144.959361,-37.82637],[144.959337,-37.826352],[144.959236,-37.826277],[144.95914,-37.826205]]],"type":"Polygon"},"properties":{"base_m":0.0,"date_captured":"2018-05-28","footprint_type":"Structure","structure_id":"815587","top_m":9.0},"type":"Feature"},{"geometry":{"coordinates":[[[144.95914,-37.826205],[144.959136,-37.826202],[144.959105,-37.826179],[144.959022,-37.826118],[144.958983,-37.826089],[144.958971,-37.826079],[144.958962,-37.826073],[144.958923,-37.826106],[144.958927,-37.826115],[144.959017,-37.826309],[144.959033,-37.826344],[144.959063,-37.826317],[144.959093,-37.82629],[144.959104,-37.826298],[144.959126,-37.826267],[144.959176,-37.826304],[144.95908,-37.826385],[144.959095,-37.826396],[144.959147,-37.826435],[144.959133,-37.826446],[144.959182,-37.826483],[144.959337,-37.826352],[144.959236,-37.826277],[144.95914,-37.826205]]],"type":"Polygon"},"properties":{"base_m":9.0,"date_captured":"2018-05-28","footprint_type":"Structure","structure_id":"815587","top_m":11.0},"type":"Feature"},{"geometry":{"coordinates":[[[144.95914,-37.826205],[144.959136,-37.826202],[144.959105,-37.826179],[144.959022,-37.826118],[144.958983,-37.826089],[144.958971,-37.826079],[144.958962,-37.826073],[144.958923,-37.826106],[144.958927,-37.826115],[144.959017,-37.826309],[144.959033,-37.826344],[144.959063,-37.826317],[144.959093,-37.82629],[144.959104,-37.826298],[144.959126,-37.826267],[144.959176,-37.826304],[144.95919,-37.826315],[144.959236,-37.826277],[144.95914,-37.826205]]],"type":"Polygon"},"properties":{"base_m":11.0,"date_captured":"2018-05-28","footprint_type":"Structure","structure_id":"815587","top_m":14.0},"type":"Feature"},{"geometry":{"coordinates":[[[144.959156,-37.827882],[144.959128,-37.827822],[144.959073,-37.827838],[144.959101,-37.827898],[144.959156,-37.827882]]],"type":"Polygon"},"properties":{"base_m":0.0,"date_captured":"2018-05-28","footprint_type":"Structure","structure_id":"819057","top_m":6.5},"type":"Feature"},{"geometry":{"coordinates":[[[144.959172,-37.827408],[144.959083,-37.827342],[144.959099,-37.827328],[144.959033,-37.827278],[144.959016,-37.827293],[144.958955,-37.827344],[144.95911,-37.827461],[144.959172,-37.827408]]],"type":"Polygon"},"properties":{"base_m":126.0,"date_captured":"2018-05-28","footprint_type":"Structure","structure_id":"807518","top_m":129.5},"type":"Feature"},{"geometry":{"coordinates":[[[144.95923,-37.823896],[144.95922,-37.823925],[144.959182,-37.823917],[144.959121,-37.823968],[144.958884,-37.824166],[144.959098,-37.824405],[144.959159,-37.824471],[144.959207,-37.824521],[144.959277,-37.824535],[144.959329,-37.824378],[144.95947,-37.823947],[144.95923,-37.823896]]],"type":"Polygon"},"properties":{"base_m":13.0,"date_captured":"2018-05-28","footprint_type":"Structure","structure_id":"801384","top_m":18.5},"type":"Feature"},{"geometry":{"coordinates":[[[144.959237,-37.826182],[144.959076,-37.826062],[144.958991,-37.826049],[144.958962,-37.826073],[144.958971,-37.826079],[144.958983,-37.826089],[144.959022,-37.826118],[144.959105,-37.826179],[144.959136,-37.826202],[144.95914,-37.826205],[144.959236,-37.826277],[144.959337,-37.826352],[144.959361,-37.82637],[144.959418,-37.826318],[144.959349,-37.826267],[144.959268,-37.826207],[144.959269,-37.826206],[144.959237,-37.826182]]],"type":"Polygon"},"properties":{"base_m":0.0,"date_captured":"2018-05-28","footprint_type":"Structure","structure_id":"804608","top_m":10.0},"type":"Feature"},{"geometry":{"coordinates":[[[144.959283,-37.82798],[144.959492,-37.82792],[144.959469,-37.827869],[144.959447,-37.827823],[144.959425,-37.827775],[144.959177,-37.827847],[144.9592,-37.827895],[144.959221,-37.827941],[144.959244,-37.827991],[144.959283,-37.82798]]],"type":"Polygon"},"properties":{"base_m":18.0,"date_captured":"2018-05-28","footprint_type":"Structure","structure_id":"800659","top_m":105.5},"type":"Feature"},{"geometry":{"coordinates":[[[144.959283,-37.82798],[144.959492,-37.82792],[144.959469,-37.827869],[144.959447,-37.827823],[144.959425,-37.827775],[144.959409,-37.827741],[144.959161,-37.827812],[144.959177,-37.827847],[144.9592,-37.827895],[144.959221,-37.827941],[144.959244,-37.827991],[144.959283,-37.82798]]],"type":"Polygon"},"properties":{"base_m":0.0,"date_captured":"2018-05-28","footprint_type":"Structure","structure_id":"800659","top_m":18.0},"type":"Feature"},{"geometry":{"coordinates":[[[144.959306,-37.826124],[144.959209,-37.826053],[144.95909,-37.825966],[144.958991,-37.826049],[144.959076,-37.826062],[144.959237,-37.826182],[144.959306,-37.826124]]],"type":"Polygon"},"properties":{"base_m":0.5,"date_captured":"2018-05-28","footprint_type":"Structure","structure_id":"808221","top_m":5.5},"type":"Feature"},{"geometry":{"coordinates":[[[144.959329,-37.824378],[144.959252,-37.824362],[144.95936,-37.824034],[144.959201,-37.824002],[144.959206,-37.823986],[144.959121,-37.823968],[144.958884,-37.824166],[144.959098,-37.824405],[144.959159,-37.824471],[144.959207,-37.824521],[144.959277,-37.824535],[144.959329,-37.824378]]],"type":"Polygon"},"properties":{"base_m":18.5,"date_captured":"2018-05-28","footprint_type":"Structure","structure_id":"801384","top_m":21.0},"type":"Feature"},{"geometry":{"coordinates":[[[144.959384,-37.82763],[144.959345,-37.827545],[144.959019,-37.82764],[144.959057,-37.827725],[144.959384,-37.82763]]],"type":"Polygon"},"properties":{"base_m":0.0,"date_captured":"2018-05-28","footprint_type":"Structure","structure_id":"817707","top_m":6.5},"type":"Feature"},{"geometry":{"coordinates":[[[144.959409,-37.826216],[144.959419,-37.826207],[144.959306,-37.826124],[144.959237,-37.826182],[144.959269,-37.826206],[144.959268,-37.826207],[144.959349,-37.826267],[144.959409,-37.826216]]],"type":"Polygon"},"properties":{"base_m":0.5,"date_captured":"2018-05-28","footprint_type":"Structure","structure_id":"808221","top_m":7.5},"type":"Feature"},{"geometry":{"coordinates":[[[144.95944,-37.824663],[144.959425,-37.82466],[144.959431,-37.824641],[144.959365,-37.824628],[144.959352,-37.824666],[144.959393,-37.824701],[144.959425,-37.824708],[144.95944,-37.824663]]],"type":"Polygon"},"properties":{"base_m":0.0,"date_captured":"2018-05-28","footprint_type":"Structure","structure_id":"803673","top_m":3.0},"type":"Feature"},{"geometry":{"coordinates":[[[144.959469,-37.827869],[144.959447,-37.827823],[144.959383,-37.827841],[144.959378,-37.82783],[144.959258,-37.827864],[144.959264,-37.827877],[144.9592,-37.827895],[144.959221,-37.827941],[144.959284,-37.827923],[144.959296,-37.827949],[144.959416,-37.827915],[144.959404,-37.827888],[144.959469,-37.827869]]],"type":"Polygon"},"properties":{"base_m":105.5,"date_captured":"2018-05-28","footprint_type":"Structure","structure_id":"800659","top_m":110.5},"type":"Feature"},{"geometry":{"coordinates":[[[144.95947,-37.825567],[144.959463,-37.825561],[144.959505,-37.825532],[144.958825,-37.824909],[144.958892,-37.824862],[144.958549,-37.824552],[144.958537,-37.824561],[144.957852,-37.825037],[144.957763,-37.8251],[144.957806,-37.825194],[144.957887,-37.82537],[144.958095,-37.82582],[144.957937,-37.825867],[144.957943,-37.82588],[144.957868,-37.825881],[144.957794,-37.825882],[144.957792,-37.82576],[144.957792,-37.825757],[144.957791,-37.825741],[144.95779,-37.825724],[144.957787,-37.825708],[144.957784,-37.825692],[144.95778,-37.825676],[144.957775,-37.82566],[144.957769,-37.825644],[144.957762,-37.825628],[144.957754,-37.825613],[144.957745,-37.825598],[144.957736,-37.825583],[144.957726,-37.825569],[144.957715,-37.825555],[144.957703,-37.825541],[144.957623,-37.825455],[144.957514,-37.825338],[144.957335,-37.825457],[144.957438,-37.825566],[144.957446,-37.825575],[144.957523,-37.825661],[144.957529,-37.825668],[144.957536,-37.825679],[144.957541,-37.825689],[144.957546,-37.8257],[144.957551,-37.825711],[144.957554,-37.825722],[144.957557,-37.825741],[144.957559,-37.825762],[144.95756,-37.825783],[144.957561,-37.825804],[144.957561,-37.825824],[144.957562,-37.825859],[144.957563,-37.825899],[144.957565,-37.825938],[144.957567,-37.825951],[144.95757,-37.825969],[144.957573,-37.825986],[144.957578,-37.826003],[144.957584,-37.82602],[144.95759,-37.826036],[144.957597,-37.826053],[144.957606,-37.826069],[144.957615,-37.826085],[144.957624,-37.8261],[144.957635,-37.826116],[144.957647,-37.826131],[144.957659,-37.826145],[144.957804,-37.826301],[144.95782,-37.826318],[144.958,-37.826199],[144.957967,-37.826163],[144.958028,-37.826126],[144.958009,-37.826105],[144.958041,-37.826089],[144.958275,-37.826606],[144.958326,-37.826589],[144.958377,-37.826628],[144.958739,-37.826323],[144.958645,-37.826113],[144.958891,-37.825941],[144.958895,-37.825945],[144.958919,-37.825929],[144.958914,-37.825923],[144.958934,-37.82591],[144.958948,-37.825922],[144.958989,-37.825894],[144.958996,-37.8259],[144.959066,-37.825851],[144.959058,-37.825843],[144.959127,-37.825795],[144.959135,-37.825801],[144.95947,-37.825567]]],"type":"Polygon"},"properties":{"base_m":15.5,"date_captured":"2018-05-28","footprint_type":"Structure","structure_id":"813488","top_m":22.0},"type":"Feature"},{"geometry":{"coordinates":[[[144.959474,-37.826263],[144.959409,-37.826216],[144.959349,-37.826267],[144.959418,-37.826318],[144.959474,-37.826263]]],"type":"Polygon"},"properties":{"base_m":0.0,"date_captured":"2018-05-28","footprint_type":"Structure","structure_id":"808221","top_m":11.0},"type":"Feature"},{"geometry":{"coordinates":[[[144.959474,-37.826263],[144.959577,-37.826155],[144.959559,-37.826142],[144.959315,-37.825962],[144.959198,-37.825875],[144.95909,-37.825966],[144.959209,-37.826053],[144.959306,-37.826124],[144.959419,-37.826207],[144.959409,-37.826216],[144.959474,-37.826263]]],"type":"Polygon"},"properties":{"base_m":0.0,"date_captured":"2018-05-28","footprint_type":"Structure","structure_id":"807051","top_m":8.0},"type":"Feature"},{"geometry":{"coordinates":[[[144.959528,-37.822925],[144.959878,-37.822749],[144.959536,-37.822321],[144.959268,-37.822456],[144.959157,-37.822512],[144.959499,-37.82294],[144.959528,-37.822925]]],"type":"Polygon"},"properties":{"base_m":19.5,"date_captured":"2022-01-20","footprint_type":"Structure","structure_id":"811161","top_m":25.4},"type":"Feature"},{"geometry":{"coordinates":[[[144.959528,-37.822925],[144.959878,-37.822749],[144.959536,-37.822321],[144.959268,-37.822456],[144.959157,-37.822512],[144.959499,-37.82294],[144.959528,-37.822925]]],"type":"Polygon"},"properties":{"base_m":22.5,"date_captured":"2018-05-28","footprint_type":"Structure","structure_id":"811161","top_m":25.0},"type":"Feature"},{"geometry":{"coordinates":[[[144.959551,-37.822954],[144.958579,-37.823451],[144.958716,-37.823618],[144.958724,-37.823614],[144.958865,-37.82379],[144.959071,-37.823618],[144.959038,-37.823576],[144.959121,-37.823534],[144.959141,-37.82356],[144.959273,-37.82345],[144.959239,-37.823408],[144.959324,-37.823365],[144.959345,-37.823391],[144.959678,-37.823112],[144.959551,-37.822954]]],"type":"Polygon"},"properties":{"base_m":19.5,"date_captured":"2022-01-20","footprint_type":"Structure","structure_id":"811161","top_m":22.1},"type":"Feature"},{"geometry":{"coordinates":[[[144.959552,-37.826063],[144.959659,-37.825937],[144.959423,-37.825723],[144.95927,-37.825852],[144.959552,-37.826063]]],"type":"Polygon"},"properties":{"base_m":32.2,"date_captured":"2023-05-11","footprint_type":"Structure","structure_id":"901959","top_m":194.9},"type":"Feature"},{"geometry":{"coordinates":[[[144.959576,-37.826832],[144.95944,-37.826871],[144.959472,-37.826941],[144.959608,-37.826901],[144.959629,-37.826947],[144.959676,-37.826933],[144.95963,-37.826834],[144.959583,-37.826848],[144.959576,-37.826832]]],"type":"Polygon"},"properties":{"base_m":164.0,"date_captured":"2018-05-28","footprint_type":"Structure","structure_id":"808702","top_m":166.0},"type":"Feature"},{"geometry":{"coordinates":[[[144.959583,-37.826848],[144.959576,-37.826832],[144.95944,-37.826871],[144.959472,-37.826941],[144.959608,-37.826901],[144.959583,-37.826848]]],"type":"Polygon"},"properties":{"base_m":166.0,"date_captured":"2018-05-28","footprint_type":"Structure","structure_id":"808702","top_m":169.5},"type":"Feature"},{"geometry":{"coordinates":[[[144.959584,-37.825925],[144.959556,-37.825905],[144.959561,-37.825901],[144.959496,-37.825851],[144.959459,-37.825881],[144.959437,-37.825866],[144.959482,-37.825827],[144.959447,-37.825803],[144.95936,-37.825876],[144.959394,-37.825901],[144.959405,-37.825892],[144.959492,-37.825958],[144.95948,-37.825968],[144.959508,-37.825989],[144.959584,-37.825925]]],"type":"Polygon"},"properties":{"base_m":194.9,"date_captured":"2023-05-11","footprint_type":"Structure","structure_id":"901959","top_m":196.8},"type":"Feature"},{"geometry":{"coordinates":[[[144.959622,-37.826733],[144.959541,-37.826757],[144.959537,-37.826747],[144.959535,-37.826744],[144.959531,-37.826735],[144.959395,-37.826774],[144.959416,-37.826819],[144.959424,-37.826835],[144.959351,-37.826857],[144.959337,-37.826861],[144.959343,-37.826873],[144.959415,-37.827029],[144.959423,-37.827046],[144.959436,-37.827042],[144.959509,-37.82702],[144.959512,-37.827026],[144.959514,-37.82703],[144.959649,-37.826991],[144.959644,-37.82698],[144.959638,-37.826967],[144.95972,-37.826943],[144.959677,-37.82685],[144.959676,-37.826848],[144.959665,-37.826826],[144.959664,-37.826824],[144.959622,-37.826733]]],"type":"Polygon"},"properties":{"base_m":140.0,"date_captured":"2018-05-28","footprint_type":"Structure","structure_id":"808702","top_m":164.0},"type":"Feature"},{"geometry":{"coordinates":[[[144.959652,-37.82671],[144.959535,-37.826744],[144.959531,-37.826735],[144.959395,-37.826774],[144.959416,-37.826819],[144.959349,-37.826839],[144.959352,-37.826846],[144.959347,-37.826847],[144.959351,-37.826857],[144.959337,-37.826861],[144.959343,-37.826873],[144.959333,-37.826876],[144.959357,-37.826928],[144.959336,-37.826934],[144.959359,-37.826985],[144.959375,-37.826981],[144.959381,-37.826979],[144.959405,-37.827032],[144.959415,-37.827029],[144.959423,-37.827046],[144.959436,-37.827042],[144.959438,-37.827047],[144.959512,-37.827026],[144.959514,-37.82703],[144.959649,-37.826991],[144.959644,-37.82698],[144.959761,-37.826946],[144.959711,-37.826838],[144.959676,-37.826848],[144.959665,-37.826826],[144.959701,-37.826815],[144.959652,-37.82671]]],"type":"Polygon"},"properties":{"base_m":32.5,"date_captured":"2018-05-28","footprint_type":"Structure","structure_id":"808702","top_m":110.0},"type":"Feature"},{"geometry":{"coordinates":[[[144.959652,-37.82671],[144.959535,-37.826744],[144.959531,-37.826735],[144.959395,-37.826774],[144.959416,-37.826819],[144.959349,-37.826839],[144.959352,-37.826846],[144.959347,-37.826847],[144.959351,-37.826857],[144.959337,-37.826861],[144.959343,-37.826873],[144.959333,-37.826876],[144.959357,-37.826928],[144.959368,-37.826951],[144.959362,-37.826953],[144.959375,-37.826981],[144.959381,-37.826979],[144.959405,-37.827032],[144.959415,-37.827029],[144.959423,-37.827046],[144.959436,-37.827042],[144.959438,-37.827047],[144.959512,-37.827026],[144.959514,-37.82703],[144.959649,-37.826991],[144.959644,-37.82698],[144.959761,-37.826946],[144.959711,-37.826838],[144.959676,-37.826848],[144.959665,-37.826826],[144.959701,-37.826815],[144.959652,-37.82671]]],"type":"Polygon"},"properties":{"base_m":110.0,"date_captured":"2018-05-28","footprint_type":"Structure","structure_id":"808702","top_m":140.0},"type":"Feature"},{"geometry":{"coordinates":[[[144.959675,-37.823989],[144.959581,-37.82397],[144.959417,-37.824467],[144.960177,-37.824625],[144.960342,-37.824124],[144.960292,-37.824114],[144.959675,-37.823989]]],"type":"Polygon"},"properties":{"base_m":0.0,"date_captured":"2018-05-28","footprint_type":"Structure","structure_id":"803674","top_m":12.5},"type":"Feature"},{"geometry":{"coordinates":[[[144.959677,-37.825735],[144.959619,-37.825683],[144.959581,-37.82571],[144.959639,-37.825762],[144.959677,-37.825735]]],"type":"Polygon"},"properties":{"base_m":103.5,"date_captured":"2018-05-28","footprint_type":"Structure","structure_id":"812768","top_m":109.5},"type":"Feature"},{"geometry":{"coordinates":[[[144.959736,-37.826815],[144.959797,-37.826797],[144.959748,-37.826689],[144.959686,-37.826707],[144.959736,-37.826815]]],"type":"Polygon"},"properties":{"base_m":159.4,"date_captured":"2022-01-20","footprint_type":"Structure","structure_id":"813796","top_m":163.2},"type":"Feature"},{"geometry":{"coordinates":[[[144.95974,-37.825902],[144.959431,-37.825676],[144.959198,-37.825875],[144.959315,-37.825962],[144.959559,-37.826142],[144.959561,-37.826143],[144.959685,-37.825962],[144.95974,-37.825902]]],"type":"Polygon"},"properties":{"base_m":0.0,"date_captured":"2023-05-11","footprint_type":"Structure","structure_id":"901959","top_m":32.2},"type":"Feature"},{"geometry":{"coordinates":[[[144.959746,-37.826837],[144.959787,-37.826926],[144.959854,-37.826907],[144.959859,-37.826917],[144.959927,-37.826897],[144.959923,-37.826888],[144.959992,-37.826868],[144.959951,-37.826778],[144.959931,-37.826784],[144.959864,-37.826639],[144.95982,-37.826652],[144.959781,-37.82657],[144.959708,-37.826591],[144.959712,-37.826601],[144.959646,-37.826621],[144.959686,-37.826707],[144.959736,-37.826815],[144.959746,-37.826837]]],"type":"Polygon"},"properties":{"base_m":30.1,"date_captured":"2022-01-20","footprint_type":"Structure","structure_id":"813796","top_m":156.0},"type":"Feature"},{"geometry":{"coordinates":[[[144.959746,-37.826837],[144.959813,-37.826818],[144.959859,-37.826917],[144.959927,-37.826897],[144.959923,-37.826888],[144.959992,-37.826868],[144.959951,-37.826778],[144.959858,-37.826805],[144.959801,-37.826681],[144.959829,-37.826673],[144.959781,-37.82657],[144.959708,-37.826591],[144.959752,-37.826688],[144.959748,-37.826689],[144.959686,-37.826707],[144.959736,-37.826815],[144.959746,-37.826837]]],"type":"Polygon"},"properties":{"base_m":156.0,"date_captured":"2022-01-20","footprint_type":"Structure","structure_id":"813796","top_m":159.4},"type":"Feature"},{"geometry":{"coordinates":[[[144.959775,-37.826975],[144.959761,-37.826946],[144.959711,-37.826838],[144.959701,-37.826815],[144.959652,-37.82671],[144.959628,-37.826658],[144.959557,-37.826606],[144.959268,-37.826852],[144.959378,-37.827091],[144.959775,-37.826975]]],"type":"Polygon"},"properties":{"base_m":0.0,"date_captured":"2018-05-28","footprint_type":"Structure","structure_id":"808702","top_m":32.5},"type":"Feature"},{"geometry":{"coordinates":[[[144.959786,-37.825817],[144.959833,-37.825711],[144.959621,-37.825519],[144.959524,-37.8256],[144.959433,-37.825677],[144.959648,-37.825835],[144.959746,-37.825907],[144.959786,-37.825817]]],"type":"Polygon"},"properties":{"base_m":0.0,"date_captured":"2018-05-28","footprint_type":"Structure","structure_id":"812768","top_m":13.5},"type":"Feature"},{"geometry":{"coordinates":[[[144.959833,-37.825711],[144.959621,-37.825519],[144.959524,-37.8256],[144.959433,-37.825677],[144.959648,-37.825835],[144.959673,-37.825814],[144.959704,-37.825842],[144.959767,-37.825798],[144.959786,-37.825817],[144.959833,-37.825711]]],"type":"Polygon"},"properties":{"base_m":13.5,"date_captured":"2018-05-28","footprint_type":"Structure","structure_id":"812768","top_m":27.0},"type":"Feature"},{"geometry":{"coordinates":[[[144.959833,-37.825711],[144.959621,-37.825519],[144.959524,-37.8256],[144.959547,-37.825619],[144.959498,-37.825654],[144.959673,-37.825814],[144.959704,-37.825842],[144.959767,-37.825798],[144.959786,-37.825817],[144.959833,-37.825711]]],"type":"Polygon"},"properties":{"base_m":27.0,"date_captured":"2018-05-28","footprint_type":"Structure","structure_id":"812768","top_m":103.5},"type":"Feature"},{"geometry":{"coordinates":[[[144.959839,-37.827772],[144.959775,-37.827634],[144.959645,-37.827672],[144.959709,-37.82781],[144.959839,-37.827772]]],"type":"Polygon"},"properties":{"base_m":0.0,"date_captured":"2018-05-28","footprint_type":"Structure","structure_id":"800836","top_m":14.5},"type":"Feature"},{"geometry":{"coordinates":[[[144.959839,-37.827772],[144.959875,-37.827762],[144.959812,-37.827623],[144.959775,-37.827634],[144.959839,-37.827772]]],"type":"Polygon"},"properties":{"base_m":0.0,"date_captured":"2018-05-28","footprint_type":"Structure","structure_id":"800836","top_m":6.5},"type":"Feature"},{"geometry":{"coordinates":[[[144.959858,-37.827136],[144.959678,-37.827187],[144.959656,-37.827137],[144.959524,-37.827175],[144.959527,-37.827181],[144.959513,-37.827185],[144.959534,-37.827232],[144.959492,-37.827244],[144.959512,-37.827288],[144.9595,-37.827291],[144.959508,-37.827309],[144.959493,-37.827313],[144.959597,-37.827543],[144.95968,-37.82752],[144.959684,-37.827529],[144.959741,-37.827512],[144.959737,-37.827504],[144.959897,-37.827458],[144.959828,-37.827306],[144.959923,-37.82728],[144.959896,-37.827221],[144.959858,-37.827136]]],"type":"Polygon"},"properties":{"base_m":0.0,"date_captured":"2018-05-28","footprint_type":"Structure","structure_id":"801471","top_m":4.5},"type":"Feature"},{"geometry":{"coordinates":[[[144.959858,-37.827136],[144.959678,-37.827187],[144.959656,-37.827137],[144.959524,-37.827175],[144.959527,-37.827181],[144.959513,-37.827185],[144.959534,-37.827232],[144.959539,-37.827243],[144.959545,-37.827256],[144.95953,-37.82726],[144.959535,-37.827271],[144.959522,-37.827275],[144.959526,-37.827284],[144.959512,-37.827288],[144.9595,-37.827291],[144.959508,-37.827309],[144.959493,-37.827313],[144.959597,-37.827543],[144.95968,-37.82752],[144.959684,-37.827529],[144.959741,-37.827512],[144.959737,-37.827504],[144.959897,-37.827458],[144.959828,-37.827306],[144.959923,-37.82728],[144.959896,-37.827221],[144.959858,-37.827136]]],"type":"Polygon"},"properties":{"base_m":4.5,"date_captured":"2018-05-28","footprint_type":"Structure","structure_id":"801471","top_m":9.0},"type":"Feature"},{"geometry":{"coordinates":[[[144.959858,-37.827136],[144.959678,-37.827187],[144.959656,-37.827137],[144.959524,-37.827175],[144.959527,-37.827181],[144.959553,-37.827239],[144.959539,-37.827243],[144.959545,-37.827256],[144.95953,-37.82726],[144.959535,-37.827271],[144.959522,-37.827275],[144.959526,-37.827284],[144.959512,-37.827288],[144.9595,-37.827291],[144.959508,-37.827309],[144.959493,-37.827313],[144.959597,-37.827543],[144.95968,-37.82752],[144.959684,-37.827529],[144.959741,-37.827512],[144.959737,-37.827504],[144.959897,-37.827458],[144.959828,-37.827306],[144.959923,-37.82728],[144.959896,-37.827221],[144.959858,-37.827136]]],"type":"Polygon"},"properties":{"base_m":9.0,"date_captured":"2018-05-28","footprint_type":"Structure","structure_id":"801471","top_m":11.5},"type":"Feature"},{"geometry":{"coordinates":[[[144.959868,-37.824002],[144.959882,-37.823959],[144.959762,-37.823935],[144.959748,-37.823977],[144.959868,-37.824002]]],"type":"Polygon"},"properties":{"base_m":17.5,"date_captured":"2018-05-28","footprint_type":"Structure","structure_id":"801384","top_m":23.0},"type":"Feature"},{"geometry":{"coordinates":[[[144.959872,-37.826913],[144.959886,-37.826943],[144.960079,-37.826886],[144.960002,-37.826719],[144.959967,-37.826642],[144.959966,-37.82664],[144.959873,-37.826571],[144.959802,-37.826518],[144.959779,-37.826502],[144.959726,-37.826462],[144.959557,-37.826606],[144.959628,-37.826658],[144.959681,-37.826697],[144.959686,-37.826707],[144.959736,-37.826815],[144.959746,-37.826837],[144.959787,-37.826926],[144.959854,-37.826907],[144.959859,-37.826917],[144.959872,-37.826913]]],"type":"Polygon"},"properties":{"base_m":0.0,"date_captured":"2022-01-20","footprint_type":"Structure","structure_id":"813796","top_m":7.6},"type":"Feature"},{"geometry":{"coordinates":[[[144.959887,-37.826689],[144.959966,-37.82664],[144.959873,-37.826571],[144.959802,-37.826518],[144.959779,-37.826502],[144.959726,-37.826462],[144.959557,-37.826606],[144.959628,-37.826658],[144.959681,-37.826697],[144.959686,-37.826707],[144.959736,-37.826815],[144.959746,-37.826837],[144.959787,-37.826926],[144.959854,-37.826907],[144.959859,-37.826917],[144.959927,-37.826897],[144.959923,-37.826888],[144.959992,-37.826868],[144.959951,-37.826778],[144.959931,-37.826784],[144.959887,-37.826689]]],"type":"Polygon"},"properties":{"base_m":7.6,"date_captured":"2022-01-20","footprint_type":"Structure","structure_id":"813796","top_m":30.1},"type":"Feature"},{"geometry":{"coordinates":[[[144.959896,-37.827221],[144.959858,-37.827136],[144.959678,-37.827187],[144.959656,-37.827137],[144.959524,-37.827175],[144.959527,-37.827181],[144.959553,-37.827239],[144.959576,-37.827289],[144.959508,-37.827309],[144.959493,-37.827313],[144.959597,-37.827543],[144.95968,-37.82752],[144.959737,-37.827504],[144.959897,-37.827458],[144.959828,-37.827306],[144.959802,-37.827248],[144.959896,-37.827221]]],"type":"Polygon"},"properties":{"base_m":11.5,"date_captured":"2018-05-28","footprint_type":"Structure","structure_id":"801471","top_m":13.5},"type":"Feature"},{"geometry":{"coordinates":[[[144.959907,-37.823885],[144.959922,-37.823839],[144.959891,-37.823833],[144.959892,-37.823831],[144.959801,-37.823813],[144.9598,-37.823817],[144.959733,-37.823804],[144.959719,-37.823848],[144.95971,-37.823875],[144.959709,-37.82388],[144.959776,-37.823893],[144.959774,-37.823899],[144.959867,-37.823917],[144.959869,-37.823911],[144.959897,-37.823917],[144.959899,-37.823913],[144.959907,-37.823885]]],"type":"Polygon"},"properties":{"base_m":81.5,"date_captured":"2018-05-28","footprint_type":"Structure","structure_id":"801384","top_m":84.0},"type":"Feature"},{"geometry":{"coordinates":[[[144.959956,-37.821928],[144.959892,-37.821961],[144.959904,-37.821976],[144.959894,-37.821981],[144.959882,-37.821966],[144.959812,-37.822002],[144.959824,-37.822017],[144.959815,-37.822022],[144.959802,-37.822007],[144.9598,-37.822008],[144.959732,-37.822043],[144.95973,-37.822044],[144.959741,-37.822058],[144.959733,-37.822062],[144.959721,-37.822048],[144.959651,-37.822084],[144.959662,-37.822098],[144.959652,-37.822103],[144.959641,-37.822089],[144.959577,-37.822122],[144.959589,-37.822138],[144.959579,-37.822142],[144.959589,-37.822154],[144.95961,-37.82218],[144.959662,-37.822244],[144.959575,-37.822288],[144.959523,-37.822223],[144.959502,-37.822197],[144.959481,-37.822172],[144.9594,-37.822212],[144.959421,-37.822238],[144.959407,-37.822245],[144.959386,-37.82222],[144.959264,-37.822281],[144.959284,-37.822307],[144.95927,-37.822315],[144.959249,-37.822289],[144.959167,-37.82233],[144.959188,-37.822356],[144.95921,-37.822383],[144.959268,-37.822456],[144.959157,-37.822512],[144.959499,-37.82294],[144.959528,-37.822925],[144.959551,-37.822954],[144.959125,-37.823171],[144.958579,-37.823451],[144.958716,-37.823618],[144.958724,-37.823614],[144.958865,-37.82379],[144.959009,-37.82367],[144.959064,-37.823624],[144.959071,-37.823618],[144.959038,-37.823576],[144.959121,-37.823534],[144.959141,-37.82356],[144.959273,-37.82345],[144.959239,-37.823408],[144.959324,-37.823365],[144.959345,-37.823391],[144.959678,-37.823112],[144.959644,-37.823068],[144.959724,-37.823028],[144.959757,-37.823068],[144.959842,-37.823023],[144.95982,-37.822996],[144.960012,-37.822835],[144.960065,-37.822899],[144.960242,-37.822809],[144.960131,-37.822672],[144.960047,-37.822715],[144.96001,-37.822669],[144.959997,-37.822676],[144.959932,-37.822595],[144.959945,-37.822589],[144.959722,-37.822312],[144.959757,-37.822294],[144.959723,-37.822252],[144.959686,-37.82227],[144.959669,-37.822249],[144.960063,-37.822049],[144.96044,-37.822515],[144.960356,-37.822558],[144.960466,-37.822695],[144.960642,-37.822605],[144.960635,-37.822596],[144.960593,-37.822544],[144.96018,-37.822034],[144.960149,-37.821995],[144.960141,-37.821999],[144.96006,-37.822041],[144.960007,-37.821976],[144.959987,-37.82195],[144.959978,-37.821939],[144.959968,-37.821943],[144.959956,-37.821928]]],"type":"Polygon"},"properties":{"base_m":20.0,"date_captured":"2018-05-28","footprint_type":"Structure","structure_id":"811161","top_m":22.5},"type":"Feature"},{"geometry":{"coordinates":[[[144.959959,-37.826498],[144.959993,-37.826571],[144.960099,-37.82654],[144.960066,-37.826468],[144.959959,-37.826498]]],"type":"Polygon"},"properties":{"base_m":126.5,"date_captured":"2022-01-20","footprint_type":"Structure","structure_id":"808752","top_m":129.1},"type":"Feature"},{"geometry":{"coordinates":[[[144.960038,-37.826708],[144.960116,-37.826878],[144.960355,-37.826808],[144.960277,-37.826639],[144.960038,-37.826708]]],"type":"Polygon"},"properties":{"base_m":0.0,"date_captured":"2022-01-20","footprint_type":"Structure","structure_id":"900448","top_m":32.2},"type":"Feature"},{"geometry":{"coordinates":[[[144.960052,-37.822254],[144.960037,-37.822262],[144.960035,-37.822261],[144.960028,-37.822254],[144.960019,-37.822247],[144.96001,-37.822241],[144.960001,-37.822236],[144.959991,-37.822231],[144.95998,-37.822227],[144.95997,-37.822224],[144.959959,-37.822221],[144.959958,-37.822221],[144.959952,-37.82222],[144.959947,-37.82222],[144.959941,-37.82222],[144.959935,-37.822221],[144.95993,-37.822223],[144.959925,-37.822225],[144.959921,-37.822228],[144.959917,-37.822232],[144.959914,-37.822236],[144.959912,-37.82224],[144.959911,-37.822245],[144.95991,-37.822249],[144.95991,-37.822255],[144.95991,-37.822268],[144.959911,-37.822281],[144.959912,-37.822295],[144.959915,-37.822308],[144.959918,-37.822321],[144.959931,-37.822314],[144.959993,-37.82239],[144.960113,-37.822329],[144.960109,-37.822323],[144.960104,-37.822317],[144.960111,-37.822314],[144.960066,-37.822255],[144.960057,-37.82226],[144.960052,-37.822254]]],"type":"Polygon"},"properties":{"base_m":120.0,"date_captured":"2018-05-28","footprint_type":"Structure","structure_id":"816936","top_m":123.0},"type":"Feature"},{"geometry":{"coordinates":[[[144.960052,-37.822254],[144.960092,-37.822235],[144.960087,-37.822231],[144.960084,-37.822229],[144.960071,-37.822219],[144.960054,-37.822208],[144.960049,-37.822205],[144.960038,-37.822197],[144.960026,-37.822191],[144.960013,-37.822184],[144.96,-37.822179],[144.959986,-37.822174],[144.959972,-37.82217],[144.959958,-37.822166],[144.959944,-37.822163],[144.959938,-37.822162],[144.95993,-37.822161],[144.959921,-37.822161],[144.959913,-37.822162],[144.959905,-37.822164],[144.959897,-37.822166],[144.95989,-37.822169],[144.959883,-37.822172],[144.959876,-37.822176],[144.95987,-37.822181],[144.959865,-37.822186],[144.95986,-37.822191],[144.959857,-37.822197],[144.959856,-37.822199],[144.959852,-37.822209],[144.959849,-37.822219],[144.959847,-37.822229],[144.959846,-37.822239],[144.959846,-37.822249],[144.959846,-37.82225],[144.959848,-37.822266],[144.95985,-37.822281],[144.959853,-37.822297],[144.959858,-37.822312],[144.959863,-37.822327],[144.959869,-37.822342],[144.959878,-37.822363],[144.95989,-37.822386],[144.959903,-37.82241],[144.959916,-37.822433],[144.959929,-37.822453],[144.959945,-37.822475],[144.959962,-37.822496],[144.959979,-37.822517],[144.959992,-37.822532],[144.960009,-37.822549],[144.960014,-37.822554],[144.959945,-37.822589],[144.959932,-37.822595],[144.959997,-37.822676],[144.96001,-37.822669],[144.960098,-37.822625],[144.96011,-37.822633],[144.960132,-37.822647],[144.960155,-37.82266],[144.960161,-37.822665],[144.960172,-37.822671],[144.960184,-37.822676],[144.960196,-37.822681],[144.960208,-37.822685],[144.96022,-37.822688],[144.960233,-37.822691],[144.96024,-37.822693],[144.960249,-37.822694],[144.960257,-37.822694],[144.960265,-37.822694],[144.960274,-37.822693],[144.960282,-37.822691],[144.96029,-37.822689],[144.960297,-37.822685],[144.960304,-37.822682],[144.96031,-37.822677],[144.960316,-37.822673],[144.960321,-37.822667],[144.960326,-37.822662],[144.960329,-37.822655],[144.960332,-37.822645],[144.960335,-37.822634],[144.960337,-37.822622],[144.960338,-37.82261],[144.960338,-37.822599],[144.960337,-37.822587],[144.960333,-37.822569],[144.960328,-37.822551],[144.960322,-37.822533],[144.960316,-37.822515],[144.960308,-37.822497],[144.9603,-37.822479],[144.960291,-37.822462],[144.960281,-37.822446],[144.960266,-37.822423],[144.960251,-37.822401],[144.960235,-37.822379],[144.960218,-37.822358],[144.9602,-37.822337],[144.960181,-37.822316],[144.960166,-37.8223],[144.960162,-37.822296],[144.960109,-37.822323],[144.960104,-37.822317],[144.960111,-37.822314],[144.960066,-37.822255],[144.960057,-37.82226],[144.960052,-37.822254]]],"type":"Polygon"},"properties":{"base_m":97.5,"date_captured":"2018-05-28","footprint_type":"Structure","structure_id":"816936","top_m":120.0},"type":"Feature"},{"geometry":{"coordinates":[[[144.960071,-37.822219],[144.960054,-37.822208],[144.960049,-37.822205],[144.960038,-37.822197],[144.960026,-37.822191],[144.960013,-37.822184],[144.96,-37.822179],[144.959986,-37.822174],[144.959972,-37.82217],[144.959958,-37.822166],[144.959944,-37.822163],[144.959938,-37.822162],[144.95993,-37.822161],[144.959921,-37.822161],[144.959913,-37.822162],[144.959905,-37.822164],[144.959897,-37.822166],[144.95989,-37.822169],[144.959883,-37.822172],[144.959876,-37.822176],[144.95987,-37.822181],[144.959865,-37.822186],[144.95986,-37.822191],[144.959857,-37.822197],[144.959856,-37.822199],[144.959852,-37.822209],[144.959849,-37.822219],[144.959847,-37.822229],[144.959846,-37.822239],[144.959846,-37.822249],[144.959846,-37.82225],[144.959848,-37.822266],[144.95985,-37.822281],[144.959853,-37.822297],[144.959858,-37.822312],[144.959863,-37.822327],[144.959869,-37.822342],[144.959878,-37.822363],[144.95989,-37.822386],[144.959903,-37.82241],[144.959916,-37.822433],[144.959929,-37.822453],[144.959945,-37.822475],[144.959962,-37.822496],[144.959979,-37.822517],[144.959992,-37.822532],[144.960009,-37.822549],[144.960014,-37.822554],[144.959945,-37.822589],[144.959932,-37.822595],[144.959997,-37.822676],[144.96001,-37.822669],[144.960098,-37.822625],[144.96011,-37.822633],[144.960132,-37.822647],[144.960155,-37.82266],[144.960161,-37.822665],[144.960172,-37.822671],[144.960184,-37.822676],[144.960196,-37.822681],[144.960208,-37.822685],[144.96022,-37.822688],[144.960233,-37.822691],[144.96024,-37.822693],[144.960249,-37.822694],[144.960257,-37.822694],[144.960265,-37.822694],[144.960274,-37.822693],[144.960282,-37.822691],[144.96029,-37.822689],[144.960297,-37.822685],[144.960304,-37.822682],[144.96031,-37.822677],[144.960316,-37.822673],[144.960321,-37.822667],[144.960326,-37.822662],[144.960329,-37.822655],[144.960332,-37.822645],[144.960335,-37.822634],[144.960337,-37.822622],[144.960338,-37.82261],[144.960338,-37.822599],[144.960337,-37.822587],[144.960333,-37.822569],[144.960328,-37.822551],[144.960322,-37.822533],[144.960316,-37.822515],[144.960308,-37.822497],[144.9603,-37.822479],[144.960291,-37.822462],[144.960281,-37.822446],[144.960266,-37.822423],[144.960251,-37.822401],[144.960235,-37.822379],[144.960218,-37.822358],[144.9602,-37.822337],[144.960181,-37.822316],[144.960166,-37.8223],[144.960197,-37.822285],[144.960134,-37.822204],[144.960084,-37.822229],[144.960071,-37.822219]]],"type":"Polygon"},"properties":{"base_m":0.0,"date_captured":"2018-05-28","footprint_type":"Structure","structure_id":"816936","top_m":97.5},"type":"Feature"},{"geometry":{"coordinates":[[[144.960072,-37.826316],[144.96012,-37.826302],[144.960067,-37.826187],[144.960051,-37.826184],[144.9599,-37.826313],[144.959951,-37.826351],[144.960072,-37.826316]]],"type":"Polygon"},"properties":{"base_m":0.0,"date_captured":"2022-01-20","footprint_type":"Structure","structure_id":"807782","top_m":8.8},"type":"Feature"},{"geometry":{"coordinates":[[[144.960072,-37.826316],[144.96012,-37.826302],[144.960067,-37.826187],[144.960051,-37.826184],[144.9599,-37.826313],[144.959951,-37.826351],[144.960072,-37.826316]]],"type":"Polygon"},"properties":{"base_m":0.3,"date_captured":"2018-05-28","footprint_type":"Structure","structure_id":"807782","top_m":8.8},"type":"Feature"},{"geometry":{"coordinates":[[[144.960077,-37.826326],[144.960072,-37.826316],[144.959951,-37.826351],[144.959897,-37.826367],[144.959807,-37.826393],[144.959815,-37.826412],[144.959801,-37.826416],[144.959807,-37.826428],[144.959843,-37.826506],[144.959852,-37.826525],[144.959873,-37.826571],[144.959966,-37.82664],[144.959967,-37.826642],[144.960002,-37.826719],[144.96004,-37.826708],[144.960232,-37.826652],[144.960223,-37.826632],[144.960266,-37.826619],[144.960224,-37.826528],[144.960198,-37.82647],[144.96016,-37.82639],[144.960129,-37.826321],[144.960081,-37.826335],[144.960077,-37.826326]]],"type":"Polygon"},"properties":{"base_m":18.2,"date_captured":"2022-01-20","footprint_type":"Structure","structure_id":"808752","top_m":32.2},"type":"Feature"},{"geometry":{"coordinates":[[[144.960077,-37.826326],[144.960072,-37.826316],[144.959951,-37.826351],[144.959897,-37.826367],[144.959865,-37.826343],[144.959807,-37.826393],[144.959726,-37.826462],[144.959779,-37.826502],[144.959802,-37.826518],[144.959843,-37.826506],[144.959852,-37.826525],[144.959873,-37.826571],[144.959966,-37.82664],[144.959967,-37.826642],[144.960002,-37.826719],[144.96004,-37.826708],[144.960232,-37.826652],[144.960223,-37.826632],[144.960266,-37.826619],[144.960224,-37.826528],[144.960198,-37.82647],[144.96016,-37.82639],[144.960129,-37.826321],[144.960081,-37.826335],[144.960077,-37.826326]]],"type":"Polygon"},"properties":{"base_m":7.2,"date_captured":"2022-01-20","footprint_type":"Structure","structure_id":"808752","top_m":18.2},"type":"Feature"},{"geometry":{"coordinates":[[[144.960077,-37.826326],[144.960072,-37.826316],[144.959951,-37.826351],[144.9599,-37.826313],[144.959865,-37.826343],[144.959807,-37.826393],[144.959726,-37.826462],[144.959779,-37.826502],[144.959802,-37.826518],[144.959873,-37.826571],[144.959966,-37.82664],[144.959967,-37.826642],[144.960002,-37.826719],[144.96004,-37.826708],[144.960232,-37.826652],[144.960275,-37.826639],[144.960266,-37.826619],[144.960224,-37.826528],[144.960198,-37.82647],[144.96016,-37.82639],[144.960129,-37.826321],[144.960081,-37.826335],[144.960077,-37.826326]]],"type":"Polygon"},"properties":{"base_m":0.0,"date_captured":"2022-01-20","footprint_type":"Structure","structure_id":"808752","top_m":7.2},"type":"Feature"},{"geometry":{"coordinates":[[[144.960083,-37.827744],[144.960002,-37.827568],[144.959839,-37.827615],[144.959921,-37.827791],[144.960083,-37.827744]]],"type":"Polygon"},"properties":{"base_m":0.0,"date_captured":"2018-05-28","footprint_type":"Structure","structure_id":"807862","top_m":9.0},"type":"Feature"},{"geometry":{"coordinates":[[[144.960113,-37.82742],[144.960094,-37.827378],[144.960009,-37.827403],[144.960029,-37.827445],[144.960113,-37.82742]]],"type":"Polygon"},"properties":{"base_m":0.0,"date_captured":"2018-05-28","footprint_type":"Structure","structure_id":"815922","top_m":3.5},"type":"Feature"},{"geometry":{"coordinates":[[[144.960129,-37.826321],[144.960081,-37.826335],[144.960077,-37.826326],[144.960015,-37.826344],[144.960019,-37.826352],[144.959917,-37.826382],[144.959877,-37.826394],[144.959815,-37.826412],[144.959801,-37.826416],[144.959807,-37.826428],[144.959843,-37.826506],[144.959852,-37.826525],[144.959886,-37.826515],[144.959921,-37.826591],[144.959963,-37.826579],[144.960018,-37.826698],[144.960161,-37.826656],[144.960158,-37.82665],[144.960223,-37.826632],[144.960266,-37.826619],[144.960224,-37.826528],[144.960198,-37.82647],[144.96016,-37.82639],[144.960129,-37.826321]]],"type":"Polygon"},"properties":{"base_m":32.2,"date_captured":"2022-01-20","footprint_type":"Structure","structure_id":"808752","top_m":105.7},"type":"Feature"},{"geometry":{"coordinates":[[[144.960129,-37.826321],[144.960081,-37.826335],[144.960077,-37.826326],[144.960015,-37.826344],[144.960019,-37.826352],[144.959917,-37.826382],[144.959877,-37.826394],[144.959815,-37.826412],[144.959801,-37.826416],[144.959807,-37.826428],[144.959843,-37.826506],[144.959852,-37.826525],[144.959886,-37.826515],[144.959921,-37.826591],[144.959963,-37.826579],[144.960018,-37.826698],[144.960161,-37.826656],[144.960158,-37.82665],[144.960223,-37.826632],[144.960266,-37.826619],[144.960224,-37.826528],[144.960215,-37.82653],[144.960188,-37.826473],[144.960198,-37.82647],[144.96016,-37.82639],[144.960129,-37.826321]]],"type":"Polygon"},"properties":{"base_m":105.7,"date_captured":"2022-01-20","footprint_type":"Structure","structure_id":"808752","top_m":108.7},"type":"Feature"},{"geometry":{"coordinates":[[[144.960129,-37.826321],[144.960081,-37.826335],[144.960077,-37.826326],[144.960015,-37.826344],[144.960019,-37.826352],[144.959917,-37.826382],[144.959877,-37.826394],[144.959883,-37.826406],[144.959807,-37.826428],[144.959843,-37.826506],[144.959852,-37.826525],[144.959886,-37.826515],[144.959921,-37.826591],[144.959963,-37.826579],[144.960018,-37.826698],[144.960161,-37.826656],[144.960158,-37.82665],[144.960223,-37.826632],[144.960266,-37.826619],[144.960224,-37.826528],[144.960215,-37.82653],[144.960188,-37.826473],[144.960198,-37.82647],[144.96016,-37.82639],[144.960129,-37.826321]]],"type":"Polygon"},"properties":{"base_m":108.7,"date_captured":"2022-01-20","footprint_type":"Structure","structure_id":"808752","top_m":111.7},"type":"Feature"},{"geometry":{"coordinates":[[[144.960129,-37.826321],[144.960081,-37.826335],[144.960077,-37.826326],[144.960015,-37.826344],[144.960019,-37.826352],[144.959917,-37.826382],[144.959877,-37.826394],[144.959883,-37.826406],[144.959916,-37.826477],[144.959874,-37.82649],[144.959886,-37.826515],[144.959921,-37.826591],[144.959963,-37.826579],[144.960018,-37.826698],[144.960161,-37.826656],[144.960158,-37.82665],[144.960129,-37.826587],[144.960228,-37.826558],[144.960215,-37.82653],[144.960188,-37.826473],[144.960198,-37.82647],[144.96016,-37.82639],[144.960129,-37.826321]]],"type":"Polygon"},"properties":{"base_m":111.7,"date_captured":"2022-01-20","footprint_type":"Structure","structure_id":"808752","top_m":120.2},"type":"Feature"},{"geometry":{"coordinates":[[[144.960132,-37.822494],[144.960216,-37.822452],[144.960145,-37.822361],[144.959992,-37.822438],[144.960066,-37.822528],[144.960014,-37.822554],[144.959945,-37.822589],[144.959932,-37.822595],[144.959997,-37.822676],[144.96001,-37.822669],[144.960098,-37.822625],[144.960197,-37.822575],[144.960214,-37.822597],[144.960173,-37.822616],[144.960177,-37.822618],[144.960185,-37.822623],[144.960193,-37.822627],[144.960202,-37.82263],[144.960211,-37.822633],[144.96022,-37.822635],[144.96023,-37.822637],[144.960231,-37.822637],[144.960237,-37.822637],[144.960242,-37.822636],[144.960248,-37.822635],[144.960253,-37.822633],[144.960258,-37.82263],[144.960262,-37.822627],[144.960266,-37.822623],[144.960268,-37.822619],[144.96027,-37.822615],[144.960271,-37.82261],[144.960272,-37.822606],[144.960272,-37.822594],[144.960272,-37.822583],[144.960271,-37.822571],[144.960268,-37.82256],[144.960265,-37.822549],[144.960262,-37.822537],[144.960257,-37.822526],[144.960252,-37.822516],[144.960179,-37.822553],[144.960132,-37.822494]]],"type":"Polygon"},"properties":{"base_m":120.0,"date_captured":"2018-05-28","footprint_type":"Structure","structure_id":"816936","top_m":123.0},"type":"Feature"},{"geometry":{"coordinates":[[[144.960149,-37.821995],[144.96006,-37.822041],[144.959978,-37.821939],[144.959968,-37.821943],[144.959956,-37.821928],[144.959892,-37.821961],[144.959904,-37.821976],[144.959894,-37.821981],[144.959882,-37.821966],[144.959812,-37.822002],[144.959824,-37.822017],[144.959815,-37.822022],[144.959802,-37.822007],[144.95973,-37.822044],[144.959741,-37.822058],[144.959733,-37.822062],[144.959721,-37.822048],[144.959651,-37.822084],[144.959662,-37.822098],[144.959652,-37.822103],[144.959641,-37.822089],[144.959577,-37.822122],[144.959589,-37.822138],[144.959579,-37.822142],[144.959662,-37.822244],[144.959575,-37.822288],[144.959481,-37.822172],[144.9594,-37.822212],[144.959421,-37.822238],[144.959407,-37.822245],[144.959386,-37.82222],[144.959264,-37.822281],[144.959284,-37.822307],[144.95927,-37.822315],[144.959249,-37.822289],[144.959167,-37.82233],[144.959268,-37.822456],[144.959536,-37.822321],[144.959878,-37.822749],[144.959528,-37.822925],[144.959644,-37.823068],[144.959724,-37.823028],[144.959757,-37.823068],[144.959842,-37.823023],[144.95982,-37.822996],[144.960012,-37.822834],[144.960065,-37.822899],[144.960242,-37.822809],[144.960131,-37.822672],[144.960047,-37.822715],[144.96001,-37.822669],[144.959997,-37.822676],[144.959932,-37.822595],[144.959945,-37.822589],[144.959722,-37.822312],[144.959757,-37.822294],[144.959723,-37.822252],[144.959686,-37.82227],[144.959669,-37.822249],[144.960063,-37.822049],[144.96044,-37.822515],[144.960356,-37.822558],[144.960466,-37.822695],[144.960642,-37.822605],[144.960149,-37.821995]]],"type":"Polygon"},"properties":{"base_m":19.5,"date_captured":"2022-01-20","footprint_type":"Structure","structure_id":"811161","top_m":23.7},"type":"Feature"},{"geometry":{"coordinates":[[[144.960163,-37.827184],[144.960481,-37.827091],[144.960432,-37.826982],[144.960415,-37.826987],[144.9604,-37.826955],[144.960374,-37.826963],[144.960376,-37.826968],[144.960363,-37.826972],[144.960342,-37.826927],[144.960077,-37.827004],[144.960084,-37.827019],[144.960129,-37.827115],[144.960093,-37.827125],[144.960102,-37.827145],[144.96014,-37.827134],[144.960163,-37.827184]]],"type":"Polygon"},"properties":{"base_m":4.5,"date_captured":"2018-05-28","footprint_type":"Structure","structure_id":"815924","top_m":9.0},"type":"Feature"},{"geometry":{"coordinates":[[[144.960178,-37.826837],[144.960237,-37.82682],[144.960263,-37.826823],[144.96027,-37.826824],[144.960278,-37.826823],[144.960285,-37.826822],[144.960292,-37.82682],[144.960299,-37.826817],[144.960305,-37.826814],[144.96031,-37.82681],[144.960315,-37.826806],[144.96032,-37.826801],[144.960323,-37.826796],[144.960326,-37.82679],[144.960327,-37.826785],[144.960328,-37.826779],[144.96028,-37.826675],[144.960278,-37.826672],[144.960275,-37.82667],[144.960272,-37.826668],[144.960268,-37.826667],[144.960264,-37.826666],[144.960262,-37.826666],[144.960155,-37.826697],[144.96014,-37.826722],[144.96015,-37.826744],[144.960092,-37.826761],[144.960108,-37.826795],[144.960084,-37.826802],[144.960109,-37.826857],[144.960178,-37.826837]]],"type":"Polygon"},"properties":{"base_m":32.2,"date_captured":"2022-01-20","footprint_type":"Structure","structure_id":"900448","top_m":121.4},"type":"Feature"},{"geometry":{"coordinates":[[[144.960178,-37.826837],[144.96026,-37.826814],[144.960261,-37.826814],[144.960267,-37.826814],[144.960274,-37.826814],[144.960281,-37.826813],[144.960288,-37.826811],[144.960294,-37.826809],[144.9603,-37.826806],[144.960305,-37.826802],[144.960309,-37.826798],[144.960313,-37.826794],[144.960316,-37.826789],[144.960319,-37.826784],[144.96032,-37.826778],[144.960275,-37.826682],[144.960262,-37.826675],[144.96019,-37.826696],[144.960205,-37.826728],[144.960092,-37.826761],[144.960113,-37.826806],[144.960158,-37.826793],[144.960178,-37.826837]]],"type":"Polygon"},"properties":{"base_m":121.4,"date_captured":"2022-01-20","footprint_type":"Structure","structure_id":"900448","top_m":125.1},"type":"Feature"},{"geometry":{"coordinates":[[[144.960179,-37.822553],[144.960132,-37.822494],[144.960066,-37.822528],[144.960014,-37.822554],[144.959945,-37.822589],[144.959932,-37.822595],[144.959997,-37.822676],[144.96001,-37.822669],[144.960098,-37.822625],[144.960197,-37.822575],[144.960179,-37.822553]]],"type":"Polygon"},"properties":{"base_m":123.0,"date_captured":"2018-05-28","footprint_type":"Structure","structure_id":"816936","top_m":131.0},"type":"Feature"},{"geometry":{"coordinates":[[[144.960179,-37.823644],[144.959806,-37.823568],[144.959804,-37.823576],[144.959783,-37.823641],[144.959687,-37.823622],[144.959676,-37.823656],[144.959612,-37.823643],[144.959573,-37.823674],[144.959566,-37.823673],[144.95956,-37.823673],[144.959554,-37.823673],[144.959547,-37.823673],[144.959543,-37.823674],[144.959537,-37.823675],[144.959531,-37.823677],[144.959526,-37.823679],[144.95952,-37.823682],[144.959515,-37.823684],[144.959396,-37.823783],[144.959438,-37.823791],[144.959429,-37.823819],[144.959689,-37.823871],[144.95966,-37.823959],[144.959683,-37.823964],[144.959748,-37.823977],[144.959868,-37.824002],[144.960141,-37.824058],[144.960171,-37.823968],[144.96018,-37.82394],[144.960182,-37.823932],[144.960217,-37.823939],[144.960237,-37.823876],[144.960203,-37.82387],[144.960223,-37.823805],[144.960226,-37.823806],[144.960248,-37.823737],[144.960156,-37.823718],[144.960177,-37.823651],[144.960179,-37.823644]]],"type":"Polygon"},"properties":{"base_m":13.0,"date_captured":"2018-05-28","footprint_type":"Structure","structure_id":"801384","top_m":17.5},"type":"Feature"},{"geometry":{"coordinates":[[[144.960198,-37.82647],[144.96016,-37.82639],[144.960129,-37.826321],[144.960081,-37.826335],[144.960073,-37.826337],[144.960078,-37.826348],[144.960024,-37.826364],[144.960019,-37.826352],[144.959917,-37.826382],[144.959877,-37.826394],[144.959883,-37.826406],[144.959916,-37.826477],[144.959874,-37.82649],[144.959886,-37.826515],[144.959907,-37.826559],[144.959978,-37.826539],[144.959992,-37.82657],[144.959963,-37.826579],[144.960018,-37.826698],[144.960161,-37.826656],[144.960158,-37.82665],[144.960129,-37.826587],[144.960105,-37.826535],[144.960099,-37.826537],[144.960097,-37.826531],[144.96014,-37.826519],[144.960127,-37.826491],[144.960188,-37.826473],[144.960198,-37.82647]]],"type":"Polygon"},"properties":{"base_m":123.0,"date_captured":"2022-01-20","footprint_type":"Structure","structure_id":"808752","top_m":126.5},"type":"Feature"},{"geometry":{"coordinates":[[[144.960203,-37.82387],[144.960223,-37.823805],[144.960133,-37.823787],[144.95976,-37.823712],[144.959577,-37.823675],[144.959573,-37.823674],[144.959566,-37.823673],[144.95956,-37.823673],[144.959554,-37.823673],[144.959547,-37.823673],[144.959543,-37.823674],[144.959537,-37.823675],[144.959531,-37.823677],[144.959526,-37.823679],[144.95952,-37.823682],[144.959515,-37.823684],[144.959396,-37.823783],[144.959438,-37.823791],[144.959719,-37.823848],[144.95971,-37.823875],[144.959709,-37.82388],[144.959776,-37.823893],[144.959774,-37.823899],[144.959867,-37.823917],[144.959869,-37.823911],[144.959897,-37.823917],[144.959899,-37.823913],[144.959907,-37.823885],[144.96018,-37.82394],[144.960182,-37.823932],[144.960203,-37.82387]]],"type":"Polygon"},"properties":{"base_m":76.5,"date_captured":"2018-05-28","footprint_type":"Structure","structure_id":"801384","top_m":81.5},"type":"Feature"},{"geometry":{"coordinates":[[[144.96021,-37.827707],[144.960129,-37.827531],[144.960042,-37.827556],[144.960123,-37.827732],[144.96021,-37.827707]]],"type":"Polygon"},"properties":{"base_m":0.0,"date_captured":"2018-05-28","footprint_type":"Structure","structure_id":"806375","top_m":6.0},"type":"Feature"},{"geometry":{"coordinates":[[[144.96021,-37.827707],[144.960425,-37.827644],[144.960426,-37.827647],[144.96045,-37.82764],[144.960451,-37.827642],[144.960508,-37.827626],[144.9607,-37.827569],[144.960617,-37.827389],[144.960129,-37.827531],[144.96021,-37.827707]]],"type":"Polygon"},"properties":{"base_m":0.0,"date_captured":"2018-05-28","footprint_type":"Structure","structure_id":"812721","top_m":9.5},"type":"Feature"},{"geometry":{"coordinates":[[[144.960228,-37.826558],[144.960215,-37.82653],[144.960188,-37.826473],[144.960198,-37.82647],[144.96016,-37.82639],[144.960129,-37.826321],[144.960081,-37.826335],[144.960073,-37.826337],[144.960019,-37.826352],[144.959917,-37.826382],[144.959877,-37.826394],[144.959883,-37.826406],[144.959916,-37.826477],[144.959874,-37.82649],[144.959886,-37.826515],[144.959921,-37.826591],[144.959963,-37.826579],[144.960018,-37.826698],[144.960161,-37.826656],[144.960158,-37.82665],[144.960129,-37.826587],[144.960228,-37.826558]]],"type":"Polygon"},"properties":{"base_m":120.2,"date_captured":"2022-01-20","footprint_type":"Structure","structure_id":"808752","top_m":123.0},"type":"Feature"},{"geometry":{"coordinates":[[[144.960237,-37.823876],[144.960203,-37.82387],[144.960223,-37.823805],[144.960133,-37.823787],[144.95976,-37.823712],[144.959577,-37.823675],[144.959573,-37.823674],[144.959566,-37.823673],[144.95956,-37.823673],[144.959554,-37.823673],[144.959547,-37.823673],[144.959543,-37.823674],[144.959537,-37.823675],[144.959531,-37.823677],[144.959526,-37.823679],[144.95952,-37.823682],[144.959515,-37.823684],[144.959396,-37.823783],[144.959438,-37.823791],[144.959429,-37.823819],[144.959689,-37.823871],[144.95971,-37.823875],[144.959709,-37.82388],[144.959776,-37.823893],[144.959774,-37.823899],[144.959867,-37.823917],[144.959869,-37.823911],[144.959897,-37.823917],[144.959899,-37.823913],[144.960171,-37.823968],[144.96018,-37.82394],[144.960182,-37.823932],[144.960217,-37.823939],[144.960237,-37.823876]]],"type":"Polygon"},"properties":{"base_m":17.5,"date_captured":"2018-05-28","footprint_type":"Structure","structure_id":"801384","top_m":76.5},"type":"Feature"},{"geometry":{"coordinates":[[[144.960303,-37.827365],[144.960294,-37.827345],[144.960171,-37.827381],[144.960167,-37.827372],[144.960133,-37.827381],[144.960147,-37.82741],[144.960303,-37.827365]]],"type":"Polygon"},"properties":{"base_m":0.0,"date_captured":"2018-05-28","footprint_type":"Structure","structure_id":"815923","top_m":4.0},"type":"Feature"},{"geometry":{"coordinates":[[[144.960342,-37.826927],[144.960077,-37.827004],[144.960084,-37.827019],[144.960035,-37.827033],[144.960112,-37.827199],[144.960163,-37.827184],[144.960481,-37.827091],[144.960432,-37.826982],[144.960415,-37.826987],[144.9604,-37.826955],[144.960374,-37.826963],[144.960376,-37.826968],[144.960363,-37.826972],[144.960342,-37.826927]]],"type":"Polygon"},"properties":{"base_m":0.0,"date_captured":"2018-05-28","footprint_type":"Structure","structure_id":"815924","top_m":4.5},"type":"Feature"},{"geometry":{"coordinates":[[[144.960379,-37.824058],[144.960314,-37.824045],[144.960299,-37.824091],[144.960292,-37.824114],[144.960342,-37.824124],[144.960356,-37.824127],[144.960379,-37.824058]]],"type":"Polygon"},"properties":{"base_m":13.0,"date_captured":"2018-05-28","footprint_type":"Structure","structure_id":"801384","top_m":19.0},"type":"Feature"},{"geometry":{"coordinates":[[[144.960447,-37.821776],[144.960507,-37.82185],[144.960228,-37.821992],[144.96029,-37.822068],[144.960383,-37.822021],[144.960532,-37.822205],[144.960718,-37.82211],[144.960563,-37.821918],[144.960649,-37.821874],[144.960885,-37.822165],[144.960889,-37.821879],[144.960889,-37.821869],[144.960888,-37.821849],[144.960884,-37.821829],[144.960882,-37.821823],[144.960875,-37.821804],[144.960866,-37.821785],[144.960854,-37.821767],[144.960697,-37.821573],[144.960454,-37.821696],[144.960499,-37.821749],[144.960447,-37.821776]]],"type":"Polygon"},"properties":{"base_m":15.0,"date_captured":"2022-01-20","footprint_type":"Structure","structure_id":"811161","top_m":21.0},"type":"Feature"},{"geometry":{"coordinates":[[[144.960454,-37.825279],[144.960444,-37.825277],[144.960385,-37.825326],[144.960482,-37.825396],[144.960488,-37.825391],[144.960505,-37.825403],[144.960585,-37.825335],[144.960529,-37.825295],[144.960454,-37.825279]]],"type":"Polygon"},"properties":{"base_m":3.5,"date_captured":"2018-05-28","footprint_type":"Structure","structure_id":"808029","top_m":9.0},"type":"Feature"},{"geometry":{"coordinates":[[[144.960488,-37.822414],[144.960547,-37.822384],[144.960433,-37.822244],[144.960374,-37.822274],[144.96018,-37.822034],[144.960149,-37.821995],[144.960141,-37.821999],[144.960091,-37.821937],[144.960089,-37.821934],[144.960063,-37.821947],[144.960007,-37.821976],[144.959987,-37.82195],[144.959978,-37.821939],[144.959968,-37.821943],[144.959956,-37.821928],[144.959892,-37.821961],[144.959904,-37.821976],[144.959894,-37.821981],[144.959882,-37.821966],[144.959812,-37.822002],[144.959824,-37.822017],[144.959815,-37.822022],[144.959802,-37.822007],[144.9598,-37.822008],[144.959732,-37.822043],[144.95973,-37.822044],[144.959741,-37.822058],[144.959733,-37.822062],[144.959721,-37.822048],[144.959651,-37.822084],[144.959662,-37.822098],[144.959652,-37.822103],[144.959641,-37.822089],[144.959577,-37.822122],[144.959589,-37.822138],[144.959579,-37.822142],[144.959589,-37.822154],[144.959609,-37.82218],[144.959523,-37.822223],[144.959502,-37.822197],[144.959481,-37.822172],[144.9594,-37.822212],[144.959421,-37.822238],[144.959407,-37.822245],[144.959386,-37.82222],[144.959264,-37.822281],[144.959284,-37.822307],[144.95927,-37.822315],[144.959249,-37.822289],[144.959167,-37.82233],[144.959188,-37.822356],[144.95921,-37.822383],[144.959177,-37.8224],[144.959124,-37.822427],[144.959148,-37.822457],[144.959118,-37.822472],[144.95878,-37.822643],[144.958746,-37.82266],[144.958724,-37.822631],[144.958677,-37.822655],[144.958642,-37.822672],[144.958666,-37.822702],[144.958508,-37.822782],[144.958485,-37.822754],[144.958402,-37.822795],[144.958454,-37.82286],[144.958323,-37.822926],[144.958058,-37.823062],[144.958055,-37.823064],[144.958003,-37.823],[144.957985,-37.823008],[144.95793,-37.823037],[144.957923,-37.82304],[144.957952,-37.823076],[144.957971,-37.823099],[144.957925,-37.823122],[144.957989,-37.8232],[144.957958,-37.823216],[144.957977,-37.82324],[144.957578,-37.823447],[144.957681,-37.823573],[144.957778,-37.823694],[144.95799,-37.823955],[144.958027,-37.823937],[144.958097,-37.823901],[144.958142,-37.823979],[144.958247,-37.824107],[144.958382,-37.824038],[144.958584,-37.823935],[144.958786,-37.823832],[144.958797,-37.823847],[144.958865,-37.82379],[144.959009,-37.82367],[144.959064,-37.823624],[144.959071,-37.823618],[144.959038,-37.823576],[144.959121,-37.823534],[144.959141,-37.82356],[144.959273,-37.82345],[144.959239,-37.823408],[144.959324,-37.823365],[144.959345,-37.823391],[144.959678,-37.823112],[144.959644,-37.823068],[144.959724,-37.823028],[144.959757,-37.823068],[144.959842,-37.823023],[144.95982,-37.822996],[144.960012,-37.822834],[144.960065,-37.822899],[144.960242,-37.822809],[144.960131,-37.822672],[144.960155,-37.82266],[144.960161,-37.822665],[144.960172,-37.822671],[144.960184,-37.822676],[144.960196,-37.822681],[144.960208,-37.822685],[144.96022,-37.822688],[144.960233,-37.822691],[144.96024,-37.822693],[144.960249,-37.822694],[144.960257,-37.822694],[144.960265,-37.822694],[144.960274,-37.822693],[144.960282,-37.822691],[144.96029,-37.822689],[144.960297,-37.822685],[144.960304,-37.822682],[144.96031,-37.822677],[144.960316,-37.822673],[144.960321,-37.822667],[144.960326,-37.822662],[144.960329,-37.822655],[144.960332,-37.822645],[144.960335,-37.822634],[144.960337,-37.822622],[144.960338,-37.82261],[144.960338,-37.822599],[144.960337,-37.822587],[144.960333,-37.822569],[144.960356,-37.822558],[144.960466,-37.822695],[144.960642,-37.822605],[144.960635,-37.822596],[144.960593,-37.822544],[144.960488,-37.822414]]],"type":"Polygon"},"properties":{"base_m":15.0,"date_captured":"2022-01-20","footprint_type":"Structure","structure_id":"811161","top_m":19.5},"type":"Feature"},{"geometry":{"coordinates":[[[144.960519,-37.825062],[144.960411,-37.825039],[144.960386,-37.825116],[144.960556,-37.825151],[144.960582,-37.825074],[144.960519,-37.825062]]],"type":"Polygon"},"properties":{"base_m":0.5,"date_captured":"2018-05-28","footprint_type":"Structure","structure_id":"807371","top_m":23.0},"type":"Feature"},{"geometry":{"coordinates":[[[144.960531,-37.823477],[144.960343,-37.823439],[144.960316,-37.823523],[144.960296,-37.823519],[144.960209,-37.823639],[144.960203,-37.823656],[144.960177,-37.823651],[144.960179,-37.823644],[144.959806,-37.823568],[144.959804,-37.823576],[144.959777,-37.823571],[144.959731,-37.823512],[144.959561,-37.823602],[144.959328,-37.823796],[144.959273,-37.823841],[144.959182,-37.823917],[144.959121,-37.823968],[144.958884,-37.824166],[144.959098,-37.824405],[144.959159,-37.824471],[144.959207,-37.824521],[144.959277,-37.824535],[144.959329,-37.824378],[144.95947,-37.823947],[144.959581,-37.82397],[144.959675,-37.823989],[144.959683,-37.823964],[144.959748,-37.823977],[144.959868,-37.824002],[144.960141,-37.824058],[144.960299,-37.824091],[144.960292,-37.824114],[144.960342,-37.824124],[144.960356,-37.824127],[144.960379,-37.824058],[144.960522,-37.823622],[144.960535,-37.823574],[144.960503,-37.823568],[144.960531,-37.823477]]],"type":"Polygon"},"properties":{"base_m":8.0,"date_captured":"2018-05-28","footprint_type":"Structure","structure_id":"801384","top_m":13.0},"type":"Feature"},{"geometry":{"coordinates":[[[144.960531,-37.823477],[144.960343,-37.823439],[144.960316,-37.823523],[144.960296,-37.823519],[144.960209,-37.823639],[144.960203,-37.823656],[144.960177,-37.823651],[144.960179,-37.823644],[144.959806,-37.823568],[144.959804,-37.823576],[144.959777,-37.823571],[144.959731,-37.823512],[144.959561,-37.823602],[144.959328,-37.823796],[144.959273,-37.823841],[144.959182,-37.823917],[144.959121,-37.823968],[144.958884,-37.824166],[144.959098,-37.824405],[144.959159,-37.824471],[144.959207,-37.824521],[144.959277,-37.824535],[144.959329,-37.824378],[144.95947,-37.823947],[144.959581,-37.82397],[144.959675,-37.823989],[144.960292,-37.824114],[144.960342,-37.824124],[144.960356,-37.824127],[144.960379,-37.824058],[144.960522,-37.823622],[144.960535,-37.823574],[144.960503,-37.823568],[144.960531,-37.823477]]],"type":"Polygon"},"properties":{"base_m":0.0,"date_captured":"2018-05-28","footprint_type":"Structure","structure_id":"801384","top_m":8.0},"type":"Feature"},{"geometry":{"coordinates":[[[144.960556,-37.825151],[144.960386,-37.825116],[144.960345,-37.825241],[144.960374,-37.825247],[144.960458,-37.825264],[144.960519,-37.825277],[144.96056,-37.825152],[144.960556,-37.825151]]],"type":"Polygon"},"properties":{"base_m":3.5,"date_captured":"2018-05-28","footprint_type":"Structure","structure_id":"808029","top_m":9.5},"type":"Feature"},{"geometry":{"coordinates":[[[144.96056,-37.824938],[144.960452,-37.824915],[144.960411,-37.825039],[144.960519,-37.825062],[144.96056,-37.824938]]],"type":"Polygon"},"properties":{"base_m":3.0,"date_captured":"2018-05-28","footprint_type":"Structure","structure_id":"812963","top_m":10.5},"type":"Feature"},{"geometry":{"coordinates":[[[144.960563,-37.827289],[144.960479,-37.827105],[144.960238,-37.827176],[144.960323,-37.827359],[144.960563,-37.827289]]],"type":"Polygon"},"properties":{"base_m":0.0,"date_captured":"2018-05-28","footprint_type":"Structure","structure_id":"815925","top_m":7.0},"type":"Feature"},{"geometry":{"coordinates":[[[144.960593,-37.825159],[144.96056,-37.825152],[144.960519,-37.825277],[144.960458,-37.825264],[144.960454,-37.825279],[144.960529,-37.825295],[144.960585,-37.825335],[144.960707,-37.825231],[144.960696,-37.825229],[144.960712,-37.825183],[144.960593,-37.825159]]],"type":"Polygon"},"properties":{"base_m":3.5,"date_captured":"2018-05-28","footprint_type":"Structure","structure_id":"808029","top_m":6.5},"type":"Feature"},{"geometry":{"coordinates":[[[144.96061,-37.825077],[144.960583,-37.825071],[144.960582,-37.825074],[144.960556,-37.825151],[144.96056,-37.825152],[144.960593,-37.825159],[144.960607,-37.825112],[144.960602,-37.825111],[144.96061,-37.825077]]],"type":"Polygon"},"properties":{"base_m":0.0,"date_captured":"2018-05-28","footprint_type":"Structure","structure_id":"807371","top_m":3.5},"type":"Feature"},{"geometry":{"coordinates":[[[144.960645,-37.822874],[144.960548,-37.822755],[144.960524,-37.822767],[144.960275,-37.822894],[144.960371,-37.823013],[144.960645,-37.822874]]],"type":"Polygon"},"properties":{"base_m":0.0,"date_captured":"2018-05-28","footprint_type":"Structure","structure_id":"811162","top_m":10.0},"type":"Feature"},{"geometry":{"coordinates":[[[144.96067,-37.821525],[144.960417,-37.821654],[144.960454,-37.821696],[144.960499,-37.821749],[144.960447,-37.821776],[144.960434,-37.821771],[144.960445,-37.821751],[144.960432,-37.821746],[144.960406,-37.821739],[144.96038,-37.821734],[144.960354,-37.821731],[144.960327,-37.82173],[144.9603,-37.821731],[144.960273,-37.821735],[144.960247,-37.82174],[144.960243,-37.821741],[144.960219,-37.821748],[144.960194,-37.821758],[144.960172,-37.821769],[144.96015,-37.821782],[144.960131,-37.821797],[144.960113,-37.821813],[144.960098,-37.821831],[144.960083,-37.821824],[144.960027,-37.821909],[144.960089,-37.821934],[144.960063,-37.821947],[144.960007,-37.821976],[144.959987,-37.82195],[144.959978,-37.821939],[144.959968,-37.821943],[144.959956,-37.821928],[144.959892,-37.821961],[144.959904,-37.821976],[144.959894,-37.821981],[144.959882,-37.821966],[144.959812,-37.822002],[144.959824,-37.822017],[144.959815,-37.822022],[144.959802,-37.822007],[144.9598,-37.822008],[144.959732,-37.822043],[144.95973,-37.822044],[144.959741,-37.822058],[144.959733,-37.822062],[144.959721,-37.822048],[144.959651,-37.822084],[144.959662,-37.822098],[144.959652,-37.822103],[144.959641,-37.822089],[144.959577,-37.822122],[144.959589,-37.822138],[144.959579,-37.822142],[144.959589,-37.822154],[144.959609,-37.82218],[144.959523,-37.822223],[144.959502,-37.822197],[144.959481,-37.822172],[144.9594,-37.822212],[144.959421,-37.822238],[144.959407,-37.822245],[144.959386,-37.82222],[144.959264,-37.822281],[144.959284,-37.822307],[144.95927,-37.822315],[144.959249,-37.822289],[144.959167,-37.82233],[144.959188,-37.822356],[144.95921,-37.822383],[144.959177,-37.8224],[144.959124,-37.822427],[144.959148,-37.822457],[144.959118,-37.822472],[144.959081,-37.822426],[144.959041,-37.822446],[144.959025,-37.822426],[144.959009,-37.822434],[144.959026,-37.822455],[144.958961,-37.822488],[144.958946,-37.822468],[144.958929,-37.822477],[144.958944,-37.822496],[144.95888,-37.822529],[144.958865,-37.822509],[144.958849,-37.822517],[144.958865,-37.822538],[144.958802,-37.82257],[144.958785,-37.82255],[144.958767,-37.822559],[144.958783,-37.822578],[144.958744,-37.822598],[144.95878,-37.822643],[144.958746,-37.82266],[144.958724,-37.822631],[144.958677,-37.822655],[144.958642,-37.822672],[144.958613,-37.822636],[144.958604,-37.82264],[144.958595,-37.822629],[144.95853,-37.822662],[144.958538,-37.822672],[144.95853,-37.822677],[144.958521,-37.822666],[144.958455,-37.822699],[144.958464,-37.82271],[144.958454,-37.822715],[144.958485,-37.822754],[144.958402,-37.822795],[144.958372,-37.822756],[144.958307,-37.822789],[144.958323,-37.822926],[144.958058,-37.823062],[144.958038,-37.822925],[144.95797,-37.822958],[144.958003,-37.823],[144.957985,-37.823008],[144.95793,-37.823037],[144.957923,-37.82304],[144.957893,-37.823002],[144.957493,-37.823206],[144.957525,-37.823245],[144.957522,-37.823246],[144.957495,-37.82326],[144.957441,-37.823288],[144.957412,-37.823252],[144.957362,-37.823191],[144.957123,-37.823312],[144.957146,-37.823341],[144.957133,-37.823348],[144.957117,-37.823328],[144.957063,-37.823356],[144.957092,-37.823391],[144.957159,-37.823357],[144.957171,-37.823372],[144.957201,-37.823409],[144.957119,-37.823451],[144.957087,-37.823412],[144.95705,-37.823366],[144.956812,-37.823487],[144.956611,-37.82359],[144.956605,-37.823582],[144.956502,-37.823634],[144.956566,-37.823713],[144.956669,-37.823661],[144.95668,-37.823674],[144.956638,-37.823695],[144.956689,-37.823758],[144.956723,-37.823741],[144.956796,-37.823899],[144.956656,-37.823939],[144.956825,-37.824309],[144.956969,-37.824267],[144.957023,-37.824385],[144.957027,-37.824501],[144.95703,-37.824502],[144.957033,-37.824503],[144.957036,-37.824504],[144.95704,-37.824505],[144.957043,-37.824507],[144.957046,-37.824509],[144.957049,-37.824511],[144.957052,-37.824513],[144.957054,-37.824516],[144.957056,-37.824519],[144.957057,-37.824521],[144.957059,-37.824524],[144.95706,-37.824527],[144.95706,-37.824531],[144.95706,-37.824534],[144.95706,-37.824535],[144.957059,-37.824538],[144.957059,-37.824541],[144.957057,-37.824544],[144.957056,-37.824547],[144.957054,-37.82455],[144.957051,-37.824552],[144.957049,-37.824555],[144.957046,-37.824557],[144.957043,-37.824559],[144.95704,-37.824561],[144.957036,-37.824562],[144.957032,-37.824563],[144.957029,-37.824564],[144.957026,-37.824564],[144.957026,-37.824582],[144.957023,-37.824583],[144.957012,-37.824588],[144.957003,-37.824593],[144.956993,-37.824599],[144.956985,-37.824606],[144.956977,-37.824613],[144.956969,-37.82462],[144.956963,-37.824628],[144.956961,-37.82463],[144.956958,-37.824637],[144.956955,-37.824643],[144.956954,-37.82465],[144.956953,-37.824657],[144.956953,-37.824663],[144.956954,-37.82467],[144.956956,-37.824677],[144.956959,-37.824683],[144.956963,-37.824689],[144.956967,-37.824695],[144.956973,-37.8247],[144.956979,-37.824705],[144.956985,-37.82471],[144.956992,-37.824713],[144.957001,-37.824717],[144.95701,-37.824719],[144.957022,-37.824721],[144.957035,-37.824723],[144.957047,-37.824723],[144.957059,-37.824724],[144.957072,-37.824723],[144.957084,-37.824722],[144.957086,-37.824721],[144.957102,-37.824757],[144.957051,-37.82478],[144.957052,-37.824786],[144.957056,-37.824798],[144.957061,-37.824811],[144.957067,-37.824823],[144.957073,-37.824835],[144.95708,-37.824846],[144.957089,-37.824857],[144.957098,-37.824868],[144.957107,-37.824879],[144.957118,-37.824889],[144.957129,-37.824898],[144.95714,-37.824907],[144.957153,-37.824916],[144.957166,-37.824924],[144.957176,-37.824929],[144.957188,-37.824934],[144.957199,-37.824939],[144.957211,-37.824943],[144.957224,-37.824946],[144.957236,-37.824948],[144.957249,-37.82495],[144.957262,-37.824951],[144.957275,-37.824951],[144.957287,-37.824951],[144.9573,-37.82495],[144.957313,-37.824948],[144.957326,-37.824946],[144.957338,-37.824942],[144.95735,-37.824938],[144.957365,-37.824932],[144.957486,-37.824871],[144.957471,-37.824852],[144.957478,-37.824849],[144.957464,-37.82483],[144.957531,-37.824796],[144.957548,-37.824816],[144.957631,-37.824774],[144.957634,-37.824772],[144.957655,-37.824798],[144.957983,-37.824525],[144.957947,-37.82448],[144.957953,-37.824477],[144.958035,-37.824436],[144.958042,-37.824432],[144.958063,-37.824458],[144.958136,-37.824397],[144.958258,-37.824296],[144.958224,-37.824253],[144.958308,-37.82421],[144.958256,-37.824148],[144.95823,-37.824116],[144.958382,-37.824038],[144.958584,-37.823935],[144.958786,-37.823832],[144.958797,-37.823847],[144.958865,-37.82379],[144.959009,-37.82367],[144.959064,-37.823624],[144.959071,-37.823618],[144.959141,-37.82356],[144.959273,-37.82345],[144.959239,-37.823408],[144.959324,-37.823365],[144.959345,-37.823391],[144.959678,-37.823112],[144.959644,-37.823068],[144.959724,-37.823028],[144.959757,-37.823068],[144.959842,-37.823023],[144.95982,-37.822996],[144.960012,-37.822834],[144.960065,-37.822899],[144.960242,-37.822809],[144.960466,-37.822695],[144.960642,-37.822605],[144.960635,-37.822596],[144.960667,-37.82258],[144.960677,-37.822593],[144.960812,-37.822524],[144.960759,-37.82246],[144.960837,-37.82242],[144.960785,-37.822356],[144.960865,-37.822315],[144.960821,-37.82225],[144.960899,-37.822212],[144.960906,-37.821902],[144.960905,-37.821883],[144.960905,-37.821871],[144.960903,-37.821858],[144.960901,-37.821845],[144.960898,-37.821832],[144.960894,-37.821819],[144.96089,-37.821807],[144.960884,-37.821795],[144.960877,-37.821783],[144.96087,-37.821771],[144.960862,-37.82176],[144.960853,-37.821749],[144.960709,-37.821567],[144.960705,-37.821569],[144.96067,-37.821525]]],"type":"Polygon"},"properties":{"base_m":4.5,"date_captured":"2022-01-20","footprint_type":"Structure","structure_id":"811161","top_m":6.5},"type":"Feature"},{"geometry":{"coordinates":[[[144.96067,-37.821525],[144.960417,-37.821654],[144.960454,-37.821696],[144.960499,-37.821749],[144.960447,-37.821776],[144.960434,-37.821771],[144.960445,-37.821751],[144.960432,-37.821746],[144.960406,-37.821739],[144.96038,-37.821734],[144.960354,-37.821731],[144.960327,-37.82173],[144.9603,-37.821731],[144.960273,-37.821735],[144.960247,-37.82174],[144.960243,-37.821741],[144.960219,-37.821748],[144.960194,-37.821758],[144.960172,-37.821769],[144.96015,-37.821782],[144.960131,-37.821797],[144.960113,-37.821813],[144.960098,-37.821831],[144.960083,-37.821824],[144.960027,-37.821909],[144.960089,-37.821934],[144.960063,-37.821947],[144.960007,-37.821976],[144.959987,-37.82195],[144.959978,-37.821939],[144.959968,-37.821943],[144.959956,-37.821928],[144.959892,-37.821961],[144.959904,-37.821976],[144.959894,-37.821981],[144.959882,-37.821966],[144.959812,-37.822002],[144.959824,-37.822017],[144.959815,-37.822022],[144.959802,-37.822007],[144.9598,-37.822008],[144.959732,-37.822043],[144.95973,-37.822044],[144.959741,-37.822058],[144.959733,-37.822062],[144.959721,-37.822048],[144.959651,-37.822084],[144.959662,-37.822098],[144.959652,-37.822103],[144.959641,-37.822089],[144.959577,-37.822122],[144.959589,-37.822138],[144.959579,-37.822142],[144.959589,-37.822154],[144.959609,-37.82218],[144.959523,-37.822223],[144.959502,-37.822197],[144.959481,-37.822172],[144.9594,-37.822212],[144.959421,-37.822238],[144.959407,-37.822245],[144.959386,-37.82222],[144.959264,-37.822281],[144.959284,-37.822307],[144.95927,-37.822315],[144.959249,-37.822289],[144.959167,-37.82233],[144.959188,-37.822356],[144.95921,-37.822383],[144.959177,-37.8224],[144.959124,-37.822427],[144.959148,-37.822457],[144.959118,-37.822472],[144.959081,-37.822426],[144.959041,-37.822446],[144.959025,-37.822426],[144.959009,-37.822434],[144.959026,-37.822455],[144.958961,-37.822488],[144.958946,-37.822468],[144.958929,-37.822477],[144.958944,-37.822496],[144.95888,-37.822529],[144.958865,-37.822509],[144.958849,-37.822517],[144.958865,-37.822538],[144.958802,-37.82257],[144.958785,-37.82255],[144.958767,-37.822559],[144.958783,-37.822578],[144.958744,-37.822598],[144.95878,-37.822643],[144.958746,-37.82266],[144.958724,-37.822631],[144.958677,-37.822655],[144.958642,-37.822672],[144.958613,-37.822636],[144.958604,-37.82264],[144.958595,-37.822629],[144.95853,-37.822662],[144.958538,-37.822672],[144.95853,-37.822677],[144.958521,-37.822666],[144.958455,-37.822699],[144.958464,-37.82271],[144.958454,-37.822715],[144.958485,-37.822754],[144.958402,-37.822795],[144.958372,-37.822756],[144.958307,-37.822789],[144.958323,-37.822926],[144.958058,-37.823062],[144.958038,-37.822925],[144.95797,-37.822958],[144.958003,-37.823],[144.957985,-37.823008],[144.95793,-37.823037],[144.957923,-37.82304],[144.957893,-37.823002],[144.957493,-37.823206],[144.957525,-37.823245],[144.957522,-37.823246],[144.957495,-37.82326],[144.957441,-37.823288],[144.957412,-37.823252],[144.957401,-37.823257],[144.957391,-37.823244],[144.957329,-37.823276],[144.957339,-37.823288],[144.957327,-37.823294],[144.957318,-37.823283],[144.957249,-37.823318],[144.957259,-37.823329],[144.957247,-37.823335],[144.957236,-37.823322],[144.957173,-37.823355],[144.957182,-37.823367],[144.957171,-37.823372],[144.957201,-37.823409],[144.957119,-37.823451],[144.957087,-37.823412],[144.95685,-37.823533],[144.956812,-37.823487],[144.956611,-37.82359],[144.956605,-37.823582],[144.956502,-37.823634],[144.956566,-37.823713],[144.956669,-37.823661],[144.95668,-37.823674],[144.956638,-37.823695],[144.956689,-37.823758],[144.956723,-37.823741],[144.956772,-37.823717],[144.956795,-37.823746],[144.95679,-37.823748],[144.956851,-37.823822],[144.95718,-37.824541],[144.957148,-37.824557],[144.957144,-37.824548],[144.957081,-37.824569],[144.95707,-37.82457],[144.957058,-37.824572],[144.957056,-37.824573],[144.957044,-37.824576],[144.957033,-37.824579],[144.957026,-37.824582],[144.957023,-37.824583],[144.957012,-37.824588],[144.957003,-37.824593],[144.956993,-37.824599],[144.956985,-37.824606],[144.956977,-37.824613],[144.956969,-37.82462],[144.956963,-37.824628],[144.956961,-37.82463],[144.956958,-37.824637],[144.956955,-37.824643],[144.956954,-37.82465],[144.956953,-37.824657],[144.956953,-37.824663],[144.956954,-37.82467],[144.956956,-37.824677],[144.956959,-37.824683],[144.956963,-37.824689],[144.956967,-37.824695],[144.956973,-37.8247],[144.956979,-37.824705],[144.956985,-37.82471],[144.956992,-37.824713],[144.957001,-37.824717],[144.95701,-37.824719],[144.957022,-37.824721],[144.957035,-37.824723],[144.957047,-37.824723],[144.957059,-37.824724],[144.957072,-37.824723],[144.957084,-37.824722],[144.957086,-37.824721],[144.957102,-37.824757],[144.957051,-37.82478],[144.957052,-37.824786],[144.957056,-37.824798],[144.957061,-37.824811],[144.957067,-37.824823],[144.957073,-37.824835],[144.95708,-37.824846],[144.957089,-37.824857],[144.957098,-37.824868],[144.957107,-37.824879],[144.957118,-37.824889],[144.957129,-37.824898],[144.95714,-37.824907],[144.957153,-37.824916],[144.957166,-37.824924],[144.957176,-37.824929],[144.957188,-37.824934],[144.957199,-37.824939],[144.957211,-37.824943],[144.957224,-37.824946],[144.957236,-37.824948],[144.957249,-37.82495],[144.957262,-37.824951],[144.957275,-37.824951],[144.957287,-37.824951],[144.9573,-37.82495],[144.957313,-37.824948],[144.957326,-37.824946],[144.957338,-37.824942],[144.95735,-37.824938],[144.957365,-37.824932],[144.957486,-37.824871],[144.957471,-37.824852],[144.957478,-37.824849],[144.957464,-37.82483],[144.957531,-37.824796],[144.957548,-37.824816],[144.957631,-37.824774],[144.957634,-37.824772],[144.957655,-37.824798],[144.957983,-37.824525],[144.957947,-37.82448],[144.957953,-37.824477],[144.958035,-37.824436],[144.958042,-37.824432],[144.958063,-37.824458],[144.958136,-37.824397],[144.958258,-37.824296],[144.958224,-37.824253],[144.958308,-37.82421],[144.958256,-37.824148],[144.95823,-37.824116],[144.958382,-37.824038],[144.958584,-37.823935],[144.958786,-37.823832],[144.958797,-37.823847],[144.958865,-37.82379],[144.959009,-37.82367],[144.959064,-37.823624],[144.959071,-37.823618],[144.959038,-37.823576],[144.959121,-37.823534],[144.959141,-37.82356],[144.959273,-37.82345],[144.959239,-37.823408],[144.959324,-37.823365],[144.959345,-37.823391],[144.959678,-37.823112],[144.959644,-37.823068],[144.959724,-37.823028],[144.959757,-37.823068],[144.959842,-37.823023],[144.95982,-37.822996],[144.960012,-37.822834],[144.960065,-37.822899],[144.960242,-37.822809],[144.960131,-37.822672],[144.960155,-37.82266],[144.960161,-37.822665],[144.960172,-37.822671],[144.960184,-37.822676],[144.960196,-37.822681],[144.960208,-37.822685],[144.96022,-37.822688],[144.960233,-37.822691],[144.96024,-37.822693],[144.960249,-37.822694],[144.960257,-37.822694],[144.960265,-37.822694],[144.960274,-37.822693],[144.960282,-37.822691],[144.96029,-37.822689],[144.960297,-37.822685],[144.960304,-37.822682],[144.96031,-37.822677],[144.960316,-37.822673],[144.960321,-37.822667],[144.960326,-37.822662],[144.960329,-37.822655],[144.960332,-37.822645],[144.960335,-37.822634],[144.960337,-37.822622],[144.960338,-37.82261],[144.960338,-37.822599],[144.960337,-37.822587],[144.960333,-37.822569],[144.960356,-37.822558],[144.960466,-37.822695],[144.960642,-37.822605],[144.960635,-37.822596],[144.960667,-37.82258],[144.960677,-37.822593],[144.960812,-37.822524],[144.960759,-37.82246],[144.960837,-37.82242],[144.960785,-37.822356],[144.960865,-37.822315],[144.960821,-37.82225],[144.960899,-37.822212],[144.960906,-37.821902],[144.960905,-37.821883],[144.960905,-37.821871],[144.960903,-37.821858],[144.960901,-37.821845],[144.960898,-37.821832],[144.960894,-37.821819],[144.96089,-37.821807],[144.960884,-37.821795],[144.960877,-37.821783],[144.96087,-37.821771],[144.960862,-37.82176],[144.960853,-37.821749],[144.960709,-37.821567],[144.960705,-37.821569],[144.96067,-37.821525]]],"type":"Polygon"},"properties":{"base_m":6.5,"date_captured":"2022-01-20","footprint_type":"Structure","structure_id":"811161","top_m":10.0},"type":"Feature"},{"geometry":{"coordinates":[[[144.96067,-37.821525],[144.960417,-37.821654],[144.960454,-37.821696],[144.960499,-37.821749],[144.960447,-37.821776],[144.960434,-37.821771],[144.960445,-37.821751],[144.960432,-37.821746],[144.960406,-37.821739],[144.96038,-37.821734],[144.960354,-37.821731],[144.960327,-37.82173],[144.9603,-37.821731],[144.960273,-37.821735],[144.960247,-37.82174],[144.960243,-37.821741],[144.960231,-37.821726],[144.959973,-37.821858],[144.96003,-37.821929],[144.960043,-37.821922],[144.960063,-37.821947],[144.960007,-37.821976],[144.959987,-37.82195],[144.960007,-37.82194],[144.95995,-37.821869],[144.959767,-37.821962],[144.959802,-37.822007],[144.9598,-37.822008],[144.959732,-37.822043],[144.95973,-37.822044],[144.959695,-37.822001],[144.959512,-37.822094],[144.959569,-37.822164],[144.959589,-37.822154],[144.959609,-37.82218],[144.959523,-37.822223],[144.959502,-37.822197],[144.959481,-37.822172],[144.959447,-37.822129],[144.959101,-37.822304],[144.959177,-37.8224],[144.959124,-37.822427],[144.959071,-37.822364],[144.958676,-37.822564],[144.958728,-37.822629],[144.958724,-37.822631],[144.958677,-37.822655],[144.958642,-37.822672],[144.958613,-37.822636],[144.958604,-37.82264],[144.958595,-37.822629],[144.95853,-37.822662],[144.958538,-37.822672],[144.95853,-37.822677],[144.958521,-37.822666],[144.958455,-37.822699],[144.958464,-37.82271],[144.958454,-37.822715],[144.958485,-37.822754],[144.958402,-37.822795],[144.958372,-37.822756],[144.958348,-37.822727],[144.958271,-37.822766],[144.95807,-37.822867],[144.958067,-37.822864],[144.958064,-37.822861],[144.95796,-37.822913],[144.957982,-37.822941],[144.957963,-37.822951],[144.95794,-37.822923],[144.957924,-37.822932],[144.957985,-37.823008],[144.95793,-37.823037],[144.957852,-37.822941],[144.957401,-37.823171],[144.957452,-37.823235],[144.957468,-37.823227],[144.957495,-37.82326],[144.957441,-37.823288],[144.957412,-37.823252],[144.957362,-37.823191],[144.957123,-37.823312],[144.957146,-37.823341],[144.957133,-37.823348],[144.957117,-37.823328],[144.957063,-37.823356],[144.957092,-37.823391],[144.957159,-37.823357],[144.957171,-37.823372],[144.957201,-37.823409],[144.957119,-37.823451],[144.957087,-37.823412],[144.95705,-37.823366],[144.956812,-37.823487],[144.956611,-37.82359],[144.956605,-37.823582],[144.956502,-37.823634],[144.956566,-37.823713],[144.956669,-37.823661],[144.95668,-37.823674],[144.956638,-37.823695],[144.956689,-37.823758],[144.956723,-37.823741],[144.956796,-37.823899],[144.956656,-37.823939],[144.956825,-37.824309],[144.956969,-37.824267],[144.957023,-37.824385],[144.957027,-37.824501],[144.95703,-37.824502],[144.957033,-37.824503],[144.957036,-37.824504],[144.95704,-37.824505],[144.957043,-37.824507],[144.957046,-37.824509],[144.957049,-37.824511],[144.957052,-37.824513],[144.957054,-37.824516],[144.957056,-37.824519],[144.957057,-37.824521],[144.957059,-37.824524],[144.95706,-37.824527],[144.95706,-37.824531],[144.95706,-37.824534],[144.95706,-37.824535],[144.957059,-37.824538],[144.957059,-37.824541],[144.957057,-37.824544],[144.957056,-37.824547],[144.957054,-37.82455],[144.957051,-37.824552],[144.957049,-37.824555],[144.957046,-37.824557],[144.957043,-37.824559],[144.95704,-37.824561],[144.957036,-37.824562],[144.957032,-37.824563],[144.957029,-37.824564],[144.957026,-37.824564],[144.957026,-37.824582],[144.957023,-37.824583],[144.957012,-37.824588],[144.957003,-37.824593],[144.956993,-37.824599],[144.956985,-37.824606],[144.956977,-37.824613],[144.956969,-37.82462],[144.956963,-37.824628],[144.956961,-37.82463],[144.956958,-37.824637],[144.956955,-37.824643],[144.956954,-37.82465],[144.956953,-37.824657],[144.956953,-37.824663],[144.956954,-37.82467],[144.956956,-37.824677],[144.956959,-37.824683],[144.956963,-37.824689],[144.956967,-37.824695],[144.956973,-37.8247],[144.956979,-37.824705],[144.956985,-37.82471],[144.956992,-37.824713],[144.957001,-37.824717],[144.95701,-37.824719],[144.957022,-37.824721],[144.957035,-37.824723],[144.957047,-37.824723],[144.957059,-37.824724],[144.957072,-37.824723],[144.957084,-37.824722],[144.957086,-37.824721],[144.957102,-37.824757],[144.957051,-37.82478],[144.957052,-37.824786],[144.957056,-37.824798],[144.957061,-37.824811],[144.957067,-37.824823],[144.957073,-37.824835],[144.95708,-37.824846],[144.957089,-37.824857],[144.957098,-37.824868],[144.957107,-37.824879],[144.957118,-37.824889],[144.957129,-37.824898],[144.95714,-37.824907],[144.957153,-37.824916],[144.957166,-37.824924],[144.957176,-37.824929],[144.957188,-37.824934],[144.957199,-37.824939],[144.957211,-37.824943],[144.957224,-37.824946],[144.957236,-37.824948],[144.957249,-37.82495],[144.957262,-37.824951],[144.957275,-37.824951],[144.957287,-37.824951],[144.9573,-37.82495],[144.957313,-37.824948],[144.957326,-37.824946],[144.957338,-37.824942],[144.95735,-37.824938],[144.957365,-37.824932],[144.957486,-37.824871],[144.957471,-37.824852],[144.957478,-37.824849],[144.957464,-37.82483],[144.957531,-37.824796],[144.957548,-37.824816],[144.957631,-37.824774],[144.957634,-37.824772],[144.957655,-37.824798],[144.957983,-37.824525],[144.957947,-37.82448],[144.957953,-37.824477],[144.958035,-37.824436],[144.958042,-37.824432],[144.958063,-37.824458],[144.958136,-37.824397],[144.958258,-37.824296],[144.958224,-37.824253],[144.958308,-37.82421],[144.958256,-37.824148],[144.95823,-37.824116],[144.958382,-37.824038],[144.958584,-37.823935],[144.958786,-37.823832],[144.958797,-37.823847],[144.958865,-37.82379],[144.959009,-37.82367],[144.959064,-37.823624],[144.959071,-37.823618],[144.959141,-37.82356],[144.959273,-37.82345],[144.959239,-37.823408],[144.959324,-37.823365],[144.959345,-37.823391],[144.959678,-37.823112],[144.959644,-37.823068],[144.959724,-37.823028],[144.959757,-37.823068],[144.959842,-37.823023],[144.95982,-37.822996],[144.960012,-37.822834],[144.960065,-37.822899],[144.960242,-37.822809],[144.960466,-37.822695],[144.960642,-37.822605],[144.960635,-37.822596],[144.960667,-37.82258],[144.960677,-37.822593],[144.960812,-37.822524],[144.960759,-37.82246],[144.960837,-37.82242],[144.960785,-37.822356],[144.960865,-37.822315],[144.960821,-37.82225],[144.960899,-37.822212],[144.960906,-37.821902],[144.960905,-37.821883],[144.960905,-37.821871],[144.960903,-37.821858],[144.960901,-37.821845],[144.960898,-37.821832],[144.960894,-37.821819],[144.96089,-37.821807],[144.960884,-37.821795],[144.960877,-37.821783],[144.96087,-37.821771],[144.960862,-37.82176],[144.960853,-37.821749],[144.960709,-37.821567],[144.960705,-37.821569],[144.96067,-37.821525]]],"type":"Polygon"},"properties":{"base_m":2.5,"date_captured":"2022-01-20","footprint_type":"Structure","structure_id":"811161","top_m":4.5},"type":"Feature"},{"geometry":{"coordinates":[[[144.96067,-37.821525],[144.960417,-37.821654],[144.960454,-37.821696],[144.960499,-37.821749],[144.960447,-37.821776],[144.960434,-37.821771],[144.960445,-37.821751],[144.960432,-37.821746],[144.960406,-37.821739],[144.96038,-37.821734],[144.960354,-37.821731],[144.960327,-37.82173],[144.9603,-37.821731],[144.960273,-37.821735],[144.960247,-37.82174],[144.960243,-37.821741],[144.960231,-37.821726],[144.959973,-37.821858],[144.96003,-37.821929],[144.960043,-37.821922],[144.960063,-37.821947],[144.960007,-37.821976],[144.959987,-37.82195],[144.960007,-37.82194],[144.95995,-37.821869],[144.959767,-37.821962],[144.959802,-37.822007],[144.9598,-37.822008],[144.959732,-37.822043],[144.95973,-37.822044],[144.959695,-37.822001],[144.959512,-37.822094],[144.959569,-37.822164],[144.959589,-37.822154],[144.959609,-37.82218],[144.959523,-37.822223],[144.959502,-37.822197],[144.959481,-37.822172],[144.959447,-37.822129],[144.959101,-37.822304],[144.959177,-37.8224],[144.959124,-37.822427],[144.959071,-37.822364],[144.958676,-37.822564],[144.958728,-37.822629],[144.958724,-37.822631],[144.958677,-37.822655],[144.958665,-37.82264],[144.958696,-37.822624],[144.95865,-37.822568],[144.958576,-37.822605],[144.958595,-37.822629],[144.95853,-37.822662],[144.958538,-37.822672],[144.95853,-37.822677],[144.958521,-37.822666],[144.958455,-37.822699],[144.958464,-37.82271],[144.958454,-37.822715],[144.958485,-37.822754],[144.958402,-37.822795],[144.958372,-37.822756],[144.958348,-37.822727],[144.958271,-37.822766],[144.95807,-37.822867],[144.958067,-37.822864],[144.958064,-37.822861],[144.95796,-37.822913],[144.957982,-37.822941],[144.957963,-37.822951],[144.95794,-37.822923],[144.957924,-37.822932],[144.957985,-37.823008],[144.95793,-37.823037],[144.957852,-37.822941],[144.957401,-37.823171],[144.957452,-37.823235],[144.957468,-37.823227],[144.957495,-37.82326],[144.957441,-37.823288],[144.957412,-37.823252],[144.957362,-37.823191],[144.957123,-37.823312],[144.957146,-37.823341],[144.957133,-37.823348],[144.957117,-37.823328],[144.957063,-37.823356],[144.957092,-37.823391],[144.957159,-37.823357],[144.957171,-37.823372],[144.957201,-37.823409],[144.957119,-37.823451],[144.957087,-37.823412],[144.95705,-37.823366],[144.956812,-37.823487],[144.956611,-37.82359],[144.956605,-37.823582],[144.956502,-37.823634],[144.956566,-37.823713],[144.956669,-37.823661],[144.95668,-37.823674],[144.956638,-37.823695],[144.956689,-37.823758],[144.956723,-37.823741],[144.956796,-37.823899],[144.956656,-37.823939],[144.956825,-37.824309],[144.956969,-37.824267],[144.957023,-37.824385],[144.957027,-37.824501],[144.95703,-37.824502],[144.957033,-37.824503],[144.957036,-37.824504],[144.95704,-37.824505],[144.957043,-37.824507],[144.957046,-37.824509],[144.957049,-37.824511],[144.957052,-37.824513],[144.957054,-37.824516],[144.957056,-37.824519],[144.957057,-37.824521],[144.957059,-37.824524],[144.95706,-37.824527],[144.95706,-37.824531],[144.95706,-37.824534],[144.95706,-37.824535],[144.957059,-37.824538],[144.957059,-37.824541],[144.957057,-37.824544],[144.957056,-37.824547],[144.957054,-37.82455],[144.957051,-37.824552],[144.957049,-37.824555],[144.957046,-37.824557],[144.957043,-37.824559],[144.95704,-37.824561],[144.957036,-37.824562],[144.957032,-37.824563],[144.957029,-37.824564],[144.957026,-37.824564],[144.957026,-37.824582],[144.957023,-37.824583],[144.957012,-37.824588],[144.957003,-37.824593],[144.956993,-37.824599],[144.956985,-37.824606],[144.956977,-37.824613],[144.956969,-37.82462],[144.956963,-37.824628],[144.956961,-37.82463],[144.956958,-37.824637],[144.956955,-37.824643],[144.956954,-37.82465],[144.956953,-37.824657],[144.956953,-37.824663],[144.956954,-37.82467],[144.956956,-37.824677],[144.956959,-37.824683],[144.956963,-37.824689],[144.956967,-37.824695],[144.956973,-37.8247],[144.956979,-37.824705],[144.956985,-37.82471],[144.956992,-37.824713],[144.957001,-37.824717],[144.95701,-37.824719],[144.957022,-37.824721],[144.957035,-37.824723],[144.957047,-37.824723],[144.957059,-37.824724],[144.957072,-37.824723],[144.957084,-37.824722],[144.957086,-37.824721],[144.957102,-37.824757],[144.957051,-37.82478],[144.957052,-37.824786],[144.957056,-37.824798],[144.957061,-37.824811],[144.957067,-37.824823],[144.957073,-37.824835],[144.95708,-37.824846],[144.957089,-37.824857],[144.957098,-37.824868],[144.957107,-37.824879],[144.957118,-37.824889],[144.957129,-37.824898],[144.95714,-37.824907],[144.957153,-37.824916],[144.957166,-37.824924],[144.957176,-37.824929],[144.957188,-37.824934],[144.957199,-37.824939],[144.957211,-37.824943],[144.957224,-37.824946],[144.957236,-37.824948],[144.957249,-37.82495],[144.957262,-37.824951],[144.957275,-37.824951],[144.957287,-37.824951],[144.9573,-37.82495],[144.957313,-37.824948],[144.957326,-37.824946],[144.957338,-37.824942],[144.95735,-37.824938],[144.957365,-37.824932],[144.957486,-37.824871],[144.957471,-37.824852],[144.957478,-37.824849],[144.957464,-37.82483],[144.957531,-37.824796],[144.957548,-37.824816],[144.957631,-37.824774],[144.957634,-37.824772],[144.957655,-37.824798],[144.957983,-37.824525],[144.957947,-37.82448],[144.957953,-37.824477],[144.958035,-37.824436],[144.958042,-37.824432],[144.958063,-37.824458],[144.958136,-37.824397],[144.958258,-37.824296],[144.958224,-37.824253],[144.958308,-37.82421],[144.958256,-37.824148],[144.95823,-37.824116],[144.958382,-37.824038],[144.958584,-37.823935],[144.958786,-37.823832],[144.958797,-37.823847],[144.958865,-37.82379],[144.959009,-37.82367],[144.959064,-37.823624],[144.959071,-37.823618],[144.959141,-37.82356],[144.959273,-37.82345],[144.959239,-37.823408],[144.959324,-37.823365],[144.959345,-37.823391],[144.959678,-37.823112],[144.959644,-37.823068],[144.959724,-37.823028],[144.959757,-37.823068],[144.959842,-37.823023],[144.95982,-37.822996],[144.960012,-37.822834],[144.960065,-37.822899],[144.960242,-37.822809],[144.960466,-37.822695],[144.960642,-37.822605],[144.960635,-37.822596],[144.960667,-37.82258],[144.960677,-37.822593],[144.960812,-37.822524],[144.960759,-37.82246],[144.960837,-37.82242],[144.960785,-37.822356],[144.960865,-37.822315],[144.960821,-37.82225],[144.960899,-37.822212],[144.960906,-37.821902],[144.960905,-37.821883],[144.960905,-37.821871],[144.960903,-37.821858],[144.960901,-37.821845],[144.960898,-37.821832],[144.960894,-37.821819],[144.96089,-37.821807],[144.960884,-37.821795],[144.960877,-37.821783],[144.96087,-37.821771],[144.960862,-37.82176],[144.960853,-37.821749],[144.960709,-37.821567],[144.960705,-37.821569],[144.96067,-37.821525]]],"type":"Polygon"},"properties":{"base_m":0.0,"date_captured":"2022-01-20","footprint_type":"Structure","structure_id":"811161","top_m":2.5},"type":"Feature"},{"geometry":{"coordinates":[[[144.960704,-37.82487],[144.960606,-37.82485],[144.960613,-37.824827],[144.960507,-37.824805],[144.9605,-37.824828],[144.960482,-37.824824],[144.960452,-37.824915],[144.96056,-37.824938],[144.960722,-37.824971],[144.960737,-37.824924],[144.96069,-37.824914],[144.960704,-37.82487]]],"type":"Polygon"},"properties":{"base_m":3.0,"date_captured":"2018-05-28","footprint_type":"Structure","structure_id":"812963","top_m":19.5},"type":"Feature"},{"geometry":{"coordinates":[[[144.960707,-37.825231],[144.960696,-37.825229],[144.960712,-37.825183],[144.960593,-37.825159],[144.96056,-37.825152],[144.960556,-37.825151],[144.960386,-37.825116],[144.960345,-37.825241],[144.960374,-37.825247],[144.960361,-37.825292],[144.960359,-37.825291],[144.960349,-37.8253],[144.960385,-37.825326],[144.960482,-37.825396],[144.960488,-37.825391],[144.960505,-37.825403],[144.960585,-37.825335],[144.960707,-37.825231]]],"type":"Polygon"},"properties":{"base_m":0.0,"date_captured":"2018-05-28","footprint_type":"Structure","structure_id":"808029","top_m":3.5},"type":"Feature"},{"geometry":{"coordinates":[[[144.96074,-37.826688],[144.96071,-37.826623],[144.960637,-37.826644],[144.960667,-37.826709],[144.96074,-37.826688]]],"type":"Polygon"},"properties":{"base_m":0.0,"date_captured":"2018-05-28","footprint_type":"Structure","structure_id":"806817","top_m":6.5},"type":"Feature"},{"geometry":{"coordinates":[[[144.96079,-37.82476],[144.960788,-37.824759],[144.960521,-37.824703],[144.960482,-37.824824],[144.960452,-37.824915],[144.960411,-37.825039],[144.960519,-37.825062],[144.960582,-37.825074],[144.960583,-37.825071],[144.96061,-37.825077],[144.960834,-37.825123],[144.960954,-37.825021],[144.960797,-37.824987],[144.960813,-37.824937],[144.961006,-37.824977],[144.961168,-37.82484],[144.960871,-37.824777],[144.960819,-37.824766],[144.960766,-37.824927],[144.960738,-37.824922],[144.960737,-37.824924],[144.96069,-37.824914],[144.960704,-37.82487],[144.960729,-37.824794],[144.960775,-37.824804],[144.96079,-37.82476]]],"type":"Polygon"},"properties":{"base_m":0.0,"date_captured":"2018-05-28","footprint_type":"Structure","structure_id":"812963","top_m":3.0},"type":"Feature"},{"geometry":{"coordinates":[[[144.96079,-37.82476],[144.960788,-37.824759],[144.960521,-37.824703],[144.960482,-37.824824],[144.9605,-37.824828],[144.960507,-37.824805],[144.960613,-37.824827],[144.960606,-37.82485],[144.960704,-37.82487],[144.960729,-37.824794],[144.960775,-37.824804],[144.96079,-37.82476]]],"type":"Polygon"},"properties":{"base_m":3.0,"date_captured":"2018-05-28","footprint_type":"Structure","structure_id":"812963","top_m":15.5},"type":"Feature"},{"geometry":{"coordinates":[[[144.960798,-37.82669],[144.960675,-37.826726],[144.960791,-37.82698],[144.961019,-37.826914],[144.961018,-37.826913],[144.960872,-37.826764],[144.960871,-37.826764],[144.960798,-37.82669]]],"type":"Polygon"},"properties":{"base_m":0.0,"date_captured":"2018-05-28","footprint_type":"Structure","structure_id":"816803","top_m":10.0},"type":"Feature"},{"geometry":{"coordinates":[[[144.960807,-37.82453],[144.960729,-37.824514],[144.960719,-37.824541],[144.960714,-37.82454],[144.960698,-37.824588],[144.960707,-37.82459],[144.960689,-37.824643],[144.960764,-37.824659],[144.960807,-37.82453]]],"type":"Polygon"},"properties":{"base_m":20.5,"date_captured":"2018-05-28","footprint_type":"Structure","structure_id":"803308","top_m":23.5},"type":"Feature"},{"geometry":{"coordinates":[[[144.960862,-37.824078],[144.960736,-37.824049],[144.960674,-37.82424],[144.961183,-37.824347],[144.961244,-37.824154],[144.961203,-37.824146],[144.960979,-37.824099],[144.960978,-37.824102],[144.96092,-37.82409],[144.96092,-37.824092],[144.960862,-37.824078]]],"type":"Polygon"},"properties":{"base_m":0.0,"date_captured":"2018-05-28","footprint_type":"Structure","structure_id":"818394","top_m":6.5},"type":"Feature"},{"geometry":{"coordinates":[[[144.960871,-37.824777],[144.960819,-37.824766],[144.960766,-37.824927],[144.960813,-37.824937],[144.961006,-37.824977],[144.961168,-37.82484],[144.960871,-37.824777]]],"type":"Polygon"},"properties":{"base_m":3.0,"date_captured":"2018-05-28","footprint_type":"Structure","structure_id":"812963","top_m":9.5},"type":"Feature"},{"geometry":{"coordinates":[[[144.960877,-37.821783],[144.96087,-37.821771],[144.960862,-37.82176],[144.960853,-37.821749],[144.960709,-37.821567],[144.960705,-37.821569],[144.960697,-37.821573],[144.960454,-37.821696],[144.960499,-37.821749],[144.960447,-37.821776],[144.960434,-37.821771],[144.960445,-37.821751],[144.960432,-37.821746],[144.960406,-37.821739],[144.96038,-37.821734],[144.960354,-37.821731],[144.960327,-37.82173],[144.9603,-37.821731],[144.960273,-37.821735],[144.960247,-37.82174],[144.960243,-37.821741],[144.960219,-37.821748],[144.960194,-37.821758],[144.960172,-37.821769],[144.96015,-37.821782],[144.960131,-37.821797],[144.960113,-37.821813],[144.960098,-37.821831],[144.960083,-37.821824],[144.960027,-37.821909],[144.960089,-37.821934],[144.960063,-37.821947],[144.960007,-37.821976],[144.959987,-37.82195],[144.959978,-37.821939],[144.959968,-37.821943],[144.959956,-37.821928],[144.959892,-37.821961],[144.959904,-37.821976],[144.959894,-37.821981],[144.959882,-37.821966],[144.959812,-37.822002],[144.959824,-37.822017],[144.959815,-37.822022],[144.959802,-37.822007],[144.9598,-37.822008],[144.959732,-37.822043],[144.95973,-37.822044],[144.959741,-37.822058],[144.959733,-37.822062],[144.959721,-37.822048],[144.959651,-37.822084],[144.959662,-37.822098],[144.959652,-37.822103],[144.959641,-37.822089],[144.959577,-37.822122],[144.959589,-37.822138],[144.959579,-37.822142],[144.959589,-37.822154],[144.959609,-37.82218],[144.959523,-37.822223],[144.959502,-37.822197],[144.959481,-37.822172],[144.9594,-37.822212],[144.959421,-37.822238],[144.959407,-37.822245],[144.959386,-37.82222],[144.959264,-37.822281],[144.959284,-37.822307],[144.95927,-37.822315],[144.959249,-37.822289],[144.959167,-37.82233],[144.959188,-37.822356],[144.95921,-37.822383],[144.959177,-37.8224],[144.959124,-37.822427],[144.959148,-37.822457],[144.959118,-37.822472],[144.959081,-37.822426],[144.959041,-37.822446],[144.959025,-37.822426],[144.959009,-37.822434],[144.959026,-37.822455],[144.958961,-37.822488],[144.958946,-37.822468],[144.958929,-37.822477],[144.958944,-37.822496],[144.95888,-37.822529],[144.958865,-37.822509],[144.958849,-37.822517],[144.958865,-37.822538],[144.958802,-37.82257],[144.958785,-37.82255],[144.958767,-37.822559],[144.958783,-37.822578],[144.958744,-37.822598],[144.95878,-37.822643],[144.958746,-37.82266],[144.958724,-37.822631],[144.958677,-37.822655],[144.958642,-37.822672],[144.958613,-37.822636],[144.958604,-37.82264],[144.958595,-37.822629],[144.95853,-37.822662],[144.958538,-37.822672],[144.95853,-37.822677],[144.958521,-37.822666],[144.958455,-37.822699],[144.958464,-37.82271],[144.958454,-37.822715],[144.958485,-37.822754],[144.958402,-37.822795],[144.958372,-37.822756],[144.958307,-37.822789],[144.958323,-37.822926],[144.958058,-37.823062],[144.958038,-37.822925],[144.95797,-37.822958],[144.958003,-37.823],[144.957985,-37.823008],[144.95793,-37.823037],[144.957923,-37.82304],[144.957893,-37.823002],[144.957493,-37.823206],[144.957525,-37.823245],[144.957522,-37.823246],[144.957495,-37.82326],[144.957441,-37.823288],[144.957412,-37.823252],[144.957401,-37.823257],[144.957391,-37.823244],[144.957329,-37.823276],[144.957339,-37.823288],[144.957327,-37.823294],[144.957318,-37.823283],[144.957249,-37.823318],[144.957259,-37.823329],[144.957247,-37.823335],[144.957236,-37.823322],[144.957173,-37.823355],[144.957182,-37.823367],[144.957171,-37.823372],[144.957201,-37.823409],[144.957119,-37.823451],[144.957087,-37.823412],[144.95685,-37.823533],[144.956673,-37.823623],[144.956704,-37.823662],[144.95668,-37.823674],[144.956638,-37.823695],[144.956689,-37.823758],[144.956723,-37.823741],[144.956772,-37.823717],[144.956795,-37.823746],[144.95679,-37.823748],[144.956851,-37.823822],[144.95718,-37.824541],[144.957148,-37.824557],[144.957144,-37.824548],[144.957081,-37.824569],[144.95707,-37.82457],[144.957058,-37.824572],[144.957056,-37.824573],[144.957044,-37.824576],[144.957033,-37.824579],[144.957026,-37.824582],[144.957023,-37.824583],[144.957012,-37.824588],[144.957003,-37.824593],[144.956993,-37.824599],[144.956985,-37.824606],[144.956977,-37.824613],[144.956969,-37.82462],[144.956963,-37.824628],[144.956961,-37.82463],[144.956958,-37.824637],[144.956955,-37.824643],[144.956954,-37.82465],[144.956953,-37.824657],[144.956953,-37.824663],[144.956954,-37.82467],[144.956956,-37.824677],[144.956959,-37.824683],[144.956963,-37.824689],[144.956967,-37.824695],[144.956973,-37.8247],[144.956979,-37.824705],[144.956985,-37.82471],[144.956992,-37.824713],[144.957001,-37.824717],[144.95701,-37.824719],[144.957022,-37.824721],[144.957035,-37.824723],[144.957047,-37.824723],[144.957059,-37.824724],[144.957072,-37.824723],[144.957084,-37.824722],[144.957086,-37.824721],[144.957102,-37.824757],[144.957051,-37.82478],[144.957052,-37.824786],[144.957056,-37.824798],[144.957061,-37.824811],[144.957067,-37.824823],[144.957073,-37.824835],[144.95708,-37.824846],[144.957089,-37.824857],[144.957098,-37.824868],[144.957107,-37.824879],[144.957118,-37.824889],[144.957129,-37.824898],[144.95714,-37.824907],[144.957153,-37.824916],[144.957166,-37.824924],[144.957176,-37.824929],[144.957188,-37.824934],[144.957199,-37.824939],[144.957211,-37.824943],[144.957224,-37.824946],[144.957236,-37.824948],[144.957249,-37.82495],[144.957262,-37.824951],[144.957275,-37.824951],[144.957287,-37.824951],[144.9573,-37.82495],[144.957313,-37.824948],[144.957326,-37.824946],[144.957338,-37.824942],[144.95735,-37.824938],[144.957365,-37.824932],[144.957486,-37.824871],[144.957471,-37.824852],[144.957478,-37.824849],[144.957464,-37.82483],[144.957531,-37.824796],[144.957548,-37.824816],[144.957631,-37.824774],[144.957634,-37.824772],[144.957655,-37.824798],[144.957983,-37.824525],[144.957947,-37.82448],[144.957953,-37.824477],[144.958035,-37.824436],[144.958042,-37.824432],[144.958063,-37.824458],[144.958136,-37.824397],[144.958258,-37.824296],[144.958224,-37.824253],[144.958308,-37.82421],[144.958256,-37.824148],[144.95823,-37.824116],[144.958382,-37.824038],[144.958584,-37.823935],[144.958786,-37.823832],[144.958797,-37.823847],[144.958865,-37.82379],[144.959009,-37.82367],[144.959064,-37.823624],[144.959071,-37.823618],[144.959038,-37.823576],[144.959121,-37.823534],[144.959141,-37.82356],[144.959273,-37.82345],[144.959239,-37.823408],[144.959324,-37.823365],[144.959345,-37.823391],[144.959678,-37.823112],[144.959644,-37.823068],[144.959724,-37.823028],[144.959757,-37.823068],[144.959842,-37.823023],[144.95982,-37.822996],[144.960012,-37.822834],[144.960065,-37.822899],[144.960242,-37.822809],[144.960131,-37.822672],[144.960155,-37.82266],[144.960161,-37.822665],[144.960172,-37.822671],[144.960184,-37.822676],[144.960196,-37.822681],[144.960208,-37.822685],[144.96022,-37.822688],[144.960233,-37.822691],[144.96024,-37.822693],[144.960249,-37.822694],[144.960257,-37.822694],[144.960265,-37.822694],[144.960274,-37.822693],[144.960282,-37.822691],[144.96029,-37.822689],[144.960297,-37.822685],[144.960304,-37.822682],[144.96031,-37.822677],[144.960316,-37.822673],[144.960321,-37.822667],[144.960326,-37.822662],[144.960329,-37.822655],[144.960332,-37.822645],[144.960335,-37.822634],[144.960337,-37.822622],[144.960338,-37.82261],[144.960338,-37.822599],[144.960337,-37.822587],[144.960333,-37.822569],[144.960356,-37.822558],[144.960466,-37.822695],[144.960642,-37.822605],[144.960635,-37.822596],[144.960667,-37.82258],[144.960677,-37.822593],[144.960812,-37.822524],[144.960759,-37.82246],[144.960837,-37.82242],[144.960785,-37.822356],[144.960865,-37.822315],[144.960821,-37.82225],[144.960899,-37.822212],[144.960906,-37.821902],[144.960905,-37.821883],[144.960905,-37.821871],[144.960903,-37.821858],[144.960901,-37.821845],[144.960898,-37.821832],[144.960894,-37.821819],[144.96089,-37.821807],[144.960884,-37.821795],[144.960877,-37.821783]]],"type":"Polygon"},"properties":{"base_m":11.6,"date_captured":"2022-01-20","footprint_type":"Structure","structure_id":"811161","top_m":12.9},"type":"Feature"},{"geometry":{"coordinates":[[[144.960877,-37.821783],[144.96087,-37.821771],[144.960862,-37.82176],[144.960853,-37.821749],[144.960709,-37.821567],[144.960705,-37.821569],[144.960697,-37.821573],[144.960454,-37.821696],[144.960499,-37.821749],[144.960447,-37.821776],[144.960434,-37.821771],[144.960445,-37.821751],[144.960432,-37.821746],[144.960406,-37.821739],[144.96038,-37.821734],[144.960354,-37.821731],[144.960327,-37.82173],[144.9603,-37.821731],[144.960273,-37.821735],[144.960247,-37.82174],[144.960243,-37.821741],[144.960219,-37.821748],[144.960194,-37.821758],[144.960172,-37.821769],[144.96015,-37.821782],[144.960131,-37.821797],[144.960113,-37.821813],[144.960098,-37.821831],[144.960083,-37.821824],[144.960027,-37.821909],[144.960089,-37.821934],[144.960063,-37.821947],[144.960007,-37.821976],[144.959987,-37.82195],[144.959978,-37.821939],[144.959968,-37.821943],[144.959956,-37.821928],[144.959892,-37.821961],[144.959904,-37.821976],[144.959894,-37.821981],[144.959882,-37.821966],[144.959812,-37.822002],[144.959824,-37.822017],[144.959815,-37.822022],[144.959802,-37.822007],[144.9598,-37.822008],[144.959732,-37.822043],[144.95973,-37.822044],[144.959741,-37.822058],[144.959733,-37.822062],[144.959721,-37.822048],[144.959651,-37.822084],[144.959662,-37.822098],[144.959652,-37.822103],[144.959641,-37.822089],[144.959577,-37.822122],[144.959589,-37.822138],[144.959579,-37.822142],[144.959589,-37.822154],[144.959609,-37.82218],[144.959523,-37.822223],[144.959502,-37.822197],[144.959481,-37.822172],[144.9594,-37.822212],[144.959421,-37.822238],[144.959407,-37.822245],[144.959386,-37.82222],[144.959264,-37.822281],[144.959284,-37.822307],[144.95927,-37.822315],[144.959249,-37.822289],[144.959167,-37.82233],[144.959188,-37.822356],[144.95921,-37.822383],[144.959177,-37.8224],[144.959124,-37.822427],[144.959148,-37.822457],[144.959118,-37.822472],[144.959081,-37.822426],[144.959041,-37.822446],[144.959025,-37.822426],[144.959009,-37.822434],[144.959026,-37.822455],[144.958961,-37.822488],[144.958946,-37.822468],[144.958929,-37.822477],[144.958944,-37.822496],[144.95888,-37.822529],[144.958865,-37.822509],[144.958849,-37.822517],[144.958865,-37.822538],[144.958802,-37.82257],[144.958785,-37.82255],[144.958767,-37.822559],[144.958783,-37.822578],[144.958744,-37.822598],[144.95878,-37.822643],[144.958746,-37.82266],[144.958724,-37.822631],[144.958677,-37.822655],[144.958642,-37.822672],[144.958613,-37.822636],[144.958604,-37.82264],[144.958595,-37.822629],[144.95853,-37.822662],[144.958538,-37.822672],[144.95853,-37.822677],[144.958521,-37.822666],[144.958455,-37.822699],[144.958464,-37.82271],[144.958454,-37.822715],[144.958485,-37.822754],[144.958402,-37.822795],[144.958372,-37.822756],[144.958307,-37.822789],[144.958323,-37.822926],[144.958058,-37.823062],[144.958038,-37.822925],[144.95797,-37.822958],[144.958003,-37.823],[144.957985,-37.823008],[144.95793,-37.823037],[144.957923,-37.82304],[144.957893,-37.823002],[144.957493,-37.823206],[144.957525,-37.823245],[144.957522,-37.823246],[144.957495,-37.82326],[144.957441,-37.823288],[144.957412,-37.823252],[144.957401,-37.823257],[144.957391,-37.823244],[144.957329,-37.823276],[144.957339,-37.823288],[144.957327,-37.823294],[144.957318,-37.823283],[144.957249,-37.823318],[144.957259,-37.823329],[144.957247,-37.823335],[144.957236,-37.823322],[144.957173,-37.823355],[144.957182,-37.823367],[144.957171,-37.823372],[144.957201,-37.823409],[144.957119,-37.823451],[144.957087,-37.823412],[144.95685,-37.823533],[144.956812,-37.823487],[144.956611,-37.82359],[144.956569,-37.823611],[144.956607,-37.823657],[144.956673,-37.823623],[144.956704,-37.823662],[144.95668,-37.823674],[144.956638,-37.823695],[144.956689,-37.823758],[144.956723,-37.823741],[144.956772,-37.823717],[144.956795,-37.823746],[144.95679,-37.823748],[144.956851,-37.823822],[144.95718,-37.824541],[144.957148,-37.824557],[144.957144,-37.824548],[144.957081,-37.824569],[144.95707,-37.82457],[144.957058,-37.824572],[144.957056,-37.824573],[144.957044,-37.824576],[144.957033,-37.824579],[144.957026,-37.824582],[144.957023,-37.824583],[144.957012,-37.824588],[144.957003,-37.824593],[144.956993,-37.824599],[144.956985,-37.824606],[144.956977,-37.824613],[144.956969,-37.82462],[144.956963,-37.824628],[144.956961,-37.82463],[144.956958,-37.824637],[144.956955,-37.824643],[144.956954,-37.82465],[144.956953,-37.824657],[144.956953,-37.824663],[144.956954,-37.82467],[144.956956,-37.824677],[144.956959,-37.824683],[144.956963,-37.824689],[144.956967,-37.824695],[144.956973,-37.8247],[144.956979,-37.824705],[144.956985,-37.82471],[144.956992,-37.824713],[144.957001,-37.824717],[144.95701,-37.824719],[144.957022,-37.824721],[144.957035,-37.824723],[144.957047,-37.824723],[144.957059,-37.824724],[144.957072,-37.824723],[144.957084,-37.824722],[144.957086,-37.824721],[144.957102,-37.824757],[144.957051,-37.82478],[144.957052,-37.824786],[144.957056,-37.824798],[144.957061,-37.824811],[144.957067,-37.824823],[144.957073,-37.824835],[144.95708,-37.824846],[144.957089,-37.824857],[144.957098,-37.824868],[144.957107,-37.824879],[144.957118,-37.824889],[144.957129,-37.824898],[144.95714,-37.824907],[144.957153,-37.824916],[144.957166,-37.824924],[144.957176,-37.824929],[144.957188,-37.824934],[144.957199,-37.824939],[144.957211,-37.824943],[144.957224,-37.824946],[144.957236,-37.824948],[144.957249,-37.82495],[144.957262,-37.824951],[144.957275,-37.824951],[144.957287,-37.824951],[144.9573,-37.82495],[144.957313,-37.824948],[144.957326,-37.824946],[144.957338,-37.824942],[144.95735,-37.824938],[144.957365,-37.824932],[144.957486,-37.824871],[144.957471,-37.824852],[144.957478,-37.824849],[144.957464,-37.82483],[144.957531,-37.824796],[144.957548,-37.824816],[144.957631,-37.824774],[144.957634,-37.824772],[144.957655,-37.824798],[144.957983,-37.824525],[144.957947,-37.82448],[144.957953,-37.824477],[144.958035,-37.824436],[144.958042,-37.824432],[144.958063,-37.824458],[144.958136,-37.824397],[144.958258,-37.824296],[144.958224,-37.824253],[144.958308,-37.82421],[144.958256,-37.824148],[144.95823,-37.824116],[144.958382,-37.824038],[144.958584,-37.823935],[144.958786,-37.823832],[144.958797,-37.823847],[144.958865,-37.82379],[144.959009,-37.82367],[144.959064,-37.823624],[144.959071,-37.823618],[144.959038,-37.823576],[144.959121,-37.823534],[144.959141,-37.82356],[144.959273,-37.82345],[144.959239,-37.823408],[144.959324,-37.823365],[144.959345,-37.823391],[144.959678,-37.823112],[144.959644,-37.823068],[144.959724,-37.823028],[144.959757,-37.823068],[144.959842,-37.823023],[144.95982,-37.822996],[144.960012,-37.822834],[144.960065,-37.822899],[144.960242,-37.822809],[144.960131,-37.822672],[144.960155,-37.82266],[144.960161,-37.822665],[144.960172,-37.822671],[144.960184,-37.822676],[144.960196,-37.822681],[144.960208,-37.822685],[144.96022,-37.822688],[144.960233,-37.822691],[144.96024,-37.822693],[144.960249,-37.822694],[144.960257,-37.822694],[144.960265,-37.822694],[144.960274,-37.822693],[144.960282,-37.822691],[144.96029,-37.822689],[144.960297,-37.822685],[144.960304,-37.822682],[144.96031,-37.822677],[144.960316,-37.822673],[144.960321,-37.822667],[144.960326,-37.822662],[144.960329,-37.822655],[144.960332,-37.822645],[144.960335,-37.822634],[144.960337,-37.822622],[144.960338,-37.82261],[144.960338,-37.822599],[144.960337,-37.822587],[144.960333,-37.822569],[144.960356,-37.822558],[144.960466,-37.822695],[144.960642,-37.822605],[144.960635,-37.822596],[144.960667,-37.82258],[144.960677,-37.822593],[144.960812,-37.822524],[144.960759,-37.82246],[144.960837,-37.82242],[144.960785,-37.822356],[144.960865,-37.822315],[144.960821,-37.82225],[144.960899,-37.822212],[144.960906,-37.821902],[144.960905,-37.821883],[144.960905,-37.821871],[144.960903,-37.821858],[144.960901,-37.821845],[144.960898,-37.821832],[144.960894,-37.821819],[144.96089,-37.821807],[144.960884,-37.821795],[144.960877,-37.821783]]],"type":"Polygon"},"properties":{"base_m":10.0,"date_captured":"2022-01-20","footprint_type":"Structure","structure_id":"811161","top_m":11.6},"type":"Feature"},{"geometry":{"coordinates":[[[144.960877,-37.821783],[144.96087,-37.821771],[144.960862,-37.82176],[144.960853,-37.821749],[144.960709,-37.821567],[144.960705,-37.821569],[144.960697,-37.821573],[144.960454,-37.821696],[144.960499,-37.821749],[144.960447,-37.821776],[144.960434,-37.821771],[144.960445,-37.821751],[144.960432,-37.821746],[144.960406,-37.821739],[144.96038,-37.821734],[144.960354,-37.821731],[144.960327,-37.82173],[144.9603,-37.821731],[144.960273,-37.821735],[144.960247,-37.82174],[144.960243,-37.821741],[144.960219,-37.821748],[144.960194,-37.821758],[144.960172,-37.821769],[144.96015,-37.821782],[144.960131,-37.821797],[144.960113,-37.821813],[144.960098,-37.821831],[144.960083,-37.821824],[144.960027,-37.821909],[144.960089,-37.821934],[144.960063,-37.821947],[144.960007,-37.821976],[144.959987,-37.82195],[144.959978,-37.821939],[144.959968,-37.821943],[144.959956,-37.821928],[144.959892,-37.821961],[144.959904,-37.821976],[144.959894,-37.821981],[144.959882,-37.821966],[144.959812,-37.822002],[144.959824,-37.822017],[144.959815,-37.822022],[144.959802,-37.822007],[144.9598,-37.822008],[144.959732,-37.822043],[144.95973,-37.822044],[144.959741,-37.822058],[144.959733,-37.822062],[144.959721,-37.822048],[144.959651,-37.822084],[144.959662,-37.822098],[144.959652,-37.822103],[144.959641,-37.822089],[144.959577,-37.822122],[144.959589,-37.822138],[144.959579,-37.822142],[144.959589,-37.822154],[144.959609,-37.82218],[144.959523,-37.822223],[144.959502,-37.822197],[144.959481,-37.822172],[144.9594,-37.822212],[144.959421,-37.822238],[144.959407,-37.822245],[144.959386,-37.82222],[144.959264,-37.822281],[144.959284,-37.822307],[144.95927,-37.822315],[144.959249,-37.822289],[144.959167,-37.82233],[144.959188,-37.822356],[144.95921,-37.822383],[144.959177,-37.8224],[144.959124,-37.822427],[144.959148,-37.822457],[144.959118,-37.822472],[144.959081,-37.822426],[144.959041,-37.822446],[144.959025,-37.822426],[144.959009,-37.822434],[144.959026,-37.822455],[144.958961,-37.822488],[144.958946,-37.822468],[144.958929,-37.822477],[144.958944,-37.822496],[144.95888,-37.822529],[144.958865,-37.822509],[144.958849,-37.822517],[144.958865,-37.822538],[144.958802,-37.82257],[144.958785,-37.82255],[144.958767,-37.822559],[144.958783,-37.822578],[144.958744,-37.822598],[144.95878,-37.822643],[144.958746,-37.82266],[144.958724,-37.822631],[144.958677,-37.822655],[144.958642,-37.822672],[144.958613,-37.822636],[144.958604,-37.82264],[144.958595,-37.822629],[144.95853,-37.822662],[144.958538,-37.822672],[144.95853,-37.822677],[144.958521,-37.822666],[144.958455,-37.822699],[144.958464,-37.82271],[144.958454,-37.822715],[144.958485,-37.822754],[144.958402,-37.822795],[144.958454,-37.82286],[144.958323,-37.822926],[144.958058,-37.823062],[144.958055,-37.823064],[144.958003,-37.823],[144.957985,-37.823008],[144.95793,-37.823037],[144.957923,-37.82304],[144.957893,-37.823002],[144.957493,-37.823206],[144.957525,-37.823245],[144.957522,-37.823246],[144.957495,-37.82326],[144.957441,-37.823288],[144.957412,-37.823252],[144.957401,-37.823257],[144.957391,-37.823244],[144.957329,-37.823276],[144.957339,-37.823288],[144.957327,-37.823294],[144.957318,-37.823283],[144.957249,-37.823318],[144.957259,-37.823329],[144.957247,-37.823335],[144.957236,-37.823322],[144.957173,-37.823355],[144.957182,-37.823367],[144.957171,-37.823372],[144.957201,-37.823409],[144.957119,-37.823451],[144.957087,-37.823412],[144.95685,-37.823533],[144.956673,-37.823623],[144.956704,-37.823662],[144.95668,-37.823674],[144.956638,-37.823695],[144.956689,-37.823758],[144.956723,-37.823741],[144.956772,-37.823717],[144.956795,-37.823746],[144.95679,-37.823748],[144.956851,-37.823822],[144.95718,-37.824541],[144.95735,-37.824914],[144.957471,-37.824852],[144.957478,-37.824849],[144.957464,-37.82483],[144.957531,-37.824796],[144.957548,-37.824816],[144.957631,-37.824774],[144.957634,-37.824772],[144.957655,-37.824798],[144.957983,-37.824525],[144.957947,-37.82448],[144.957953,-37.824477],[144.958035,-37.824436],[144.958042,-37.824432],[144.958063,-37.824458],[144.958136,-37.824397],[144.958258,-37.824296],[144.958224,-37.824253],[144.958308,-37.82421],[144.958256,-37.824148],[144.95823,-37.824116],[144.958382,-37.824038],[144.958584,-37.823935],[144.958786,-37.823832],[144.958797,-37.823847],[144.958865,-37.82379],[144.959009,-37.82367],[144.959064,-37.823624],[144.959071,-37.823618],[144.959038,-37.823576],[144.959121,-37.823534],[144.959141,-37.82356],[144.959273,-37.82345],[144.959239,-37.823408],[144.959324,-37.823365],[144.959345,-37.823391],[144.959678,-37.823112],[144.959644,-37.823068],[144.959724,-37.823028],[144.959757,-37.823068],[144.959842,-37.823023],[144.95982,-37.822996],[144.960012,-37.822834],[144.960065,-37.822899],[144.960242,-37.822809],[144.960131,-37.822672],[144.960155,-37.82266],[144.960161,-37.822665],[144.960172,-37.822671],[144.960184,-37.822676],[144.960196,-37.822681],[144.960208,-37.822685],[144.96022,-37.822688],[144.960233,-37.822691],[144.96024,-37.822693],[144.960249,-37.822694],[144.960257,-37.822694],[144.960265,-37.822694],[144.960274,-37.822693],[144.960282,-37.822691],[144.96029,-37.822689],[144.960297,-37.822685],[144.960304,-37.822682],[144.96031,-37.822677],[144.960316,-37.822673],[144.960321,-37.822667],[144.960326,-37.822662],[144.960329,-37.822655],[144.960332,-37.822645],[144.960335,-37.822634],[144.960337,-37.822622],[144.960338,-37.82261],[144.960338,-37.822599],[144.960337,-37.822587],[144.960333,-37.822569],[144.960356,-37.822558],[144.960466,-37.822695],[144.960642,-37.822605],[144.960635,-37.822596],[144.960667,-37.82258],[144.960677,-37.822593],[144.960812,-37.822524],[144.960759,-37.82246],[144.960837,-37.82242],[144.960785,-37.822356],[144.960865,-37.822315],[144.960821,-37.82225],[144.960899,-37.822212],[144.960906,-37.821902],[144.960905,-37.821883],[144.960905,-37.821871],[144.960903,-37.821858],[144.960901,-37.821845],[144.960898,-37.821832],[144.960894,-37.821819],[144.96089,-37.821807],[144.960884,-37.821795],[144.960877,-37.821783]]],"type":"Polygon"},"properties":{"base_m":12.9,"date_captured":"2022-01-20","footprint_type":"Structure","structure_id":"811161","top_m":15.0},"type":"Feature"},{"geometry":{"coordinates":[[[144.960946,-37.825588],[144.960936,-37.825581],[144.960874,-37.825634],[144.960883,-37.825641],[144.960929,-37.825675],[144.96098,-37.825631],[144.960991,-37.825622],[144.960946,-37.825588]]],"type":"Polygon"},"properties":{"base_m":9.5,"date_captured":"2018-05-28","footprint_type":"Structure","structure_id":"809843","top_m":15.5},"type":"Feature"},{"geometry":{"coordinates":[[[144.960973,-37.824466],[144.960969,-37.824465],[144.960975,-37.824445],[144.96063,-37.824373],[144.960585,-37.82451],[144.960607,-37.824514],[144.960587,-37.824575],[144.960565,-37.824571],[144.960521,-37.824703],[144.960788,-37.824759],[144.96079,-37.82476],[144.960819,-37.824766],[144.960871,-37.824777],[144.960973,-37.824466]]],"type":"Polygon"},"properties":{"base_m":4.5,"date_captured":"2018-05-28","footprint_type":"Structure","structure_id":"803308","top_m":20.5},"type":"Feature"},{"geometry":{"coordinates":[[[144.960975,-37.825975],[144.961026,-37.825941],[144.960936,-37.825858],[144.960886,-37.825893],[144.960975,-37.825975]]],"type":"Polygon"},"properties":{"base_m":0.0,"date_captured":"2023-05-11","footprint_type":"Structure","structure_id":"903391","top_m":5.0},"type":"Feature"},{"geometry":{"coordinates":[[[144.961023,-37.823602],[144.961051,-37.82364],[144.961129,-37.823604],[144.961101,-37.823566],[144.961023,-37.823602]]],"type":"Polygon"},"properties":{"base_m":86.0,"date_captured":"2018-05-28","footprint_type":"Structure","structure_id":"818071","top_m":89.0},"type":"Feature"},{"geometry":{"coordinates":[[[144.961029,-37.825668],[144.96098,-37.825631],[144.960929,-37.825675],[144.960883,-37.825641],[144.960808,-37.825705],[144.96086,-37.825743],[144.960835,-37.825765],[144.960899,-37.825812],[144.960998,-37.825728],[144.961016,-37.825741],[144.961053,-37.825709],[144.961063,-37.825701],[144.961024,-37.825672],[144.961029,-37.825668]]],"type":"Polygon"},"properties":{"base_m":9.5,"date_captured":"2018-05-28","footprint_type":"Structure","structure_id":"809843","top_m":12.5},"type":"Feature"},{"geometry":{"coordinates":[[[144.961037,-37.825937],[144.961088,-37.825903],[144.961001,-37.825821],[144.96095,-37.825855],[144.961037,-37.825937]]],"type":"Polygon"},"properties":{"base_m":0.0,"date_captured":"2023-05-11","footprint_type":"Structure","structure_id":"903392","top_m":4.7},"type":"Feature"},{"geometry":{"coordinates":[[[144.961055,-37.824527],[144.961075,-37.824466],[144.960975,-37.824445],[144.96063,-37.824373],[144.960585,-37.82451],[144.960607,-37.824514],[144.960587,-37.824575],[144.960565,-37.824571],[144.960521,-37.824703],[144.960788,-37.824759],[144.96079,-37.82476],[144.960819,-37.824766],[144.960871,-37.824777],[144.961168,-37.82484],[144.961505,-37.824554],[144.961337,-37.82452],[144.961252,-37.824503],[144.961233,-37.824563],[144.961055,-37.824527]]],"type":"Polygon"},"properties":{"base_m":0.0,"date_captured":"2018-05-28","footprint_type":"Structure","structure_id":"803308","top_m":4.5},"type":"Feature"},{"geometry":{"coordinates":[[[144.961069,-37.827144],[144.96103,-37.82714],[144.961026,-37.82715],[144.96101,-37.827147],[144.960989,-37.827144],[144.960969,-37.827143],[144.960948,-37.827143],[144.960932,-37.827144],[144.960911,-37.827148],[144.960891,-37.827152],[144.960909,-37.827191],[144.960891,-37.827198],[144.961003,-37.82744],[144.961068,-37.82741],[144.961358,-37.827281],[144.961217,-37.827196],[144.961186,-37.827178],[144.961181,-37.827176],[144.961145,-37.827162],[144.961108,-37.827152],[144.961108,-37.827152],[144.961069,-37.827144]]],"type":"Polygon"},"properties":{"base_m":0.0,"date_captured":"2018-05-28","footprint_type":"Structure","structure_id":"819125","top_m":15.5},"type":"Feature"},{"geometry":{"coordinates":[[[144.961073,-37.82378],[144.960879,-37.82374],[144.960853,-37.823819],[144.961048,-37.823859],[144.961073,-37.82378]]],"type":"Polygon"},"properties":{"base_m":65.0,"date_captured":"2018-05-28","footprint_type":"Structure","structure_id":"818071","top_m":68.0},"type":"Feature"},{"geometry":{"coordinates":[[[144.961126,-37.823681],[144.961146,-37.823674],[144.961178,-37.823664],[144.961207,-37.823483],[144.961086,-37.823469],[144.961088,-37.823458],[144.961028,-37.823452],[144.961022,-37.823452],[144.961014,-37.823452],[144.961007,-37.823453],[144.960999,-37.823454],[144.960992,-37.823456],[144.960985,-37.823458],[144.960977,-37.82346],[144.96097,-37.823463],[144.960964,-37.823466],[144.960957,-37.823469],[144.960951,-37.823473],[144.960945,-37.823477],[144.96094,-37.823481],[144.960935,-37.823485],[144.96093,-37.82349],[144.960925,-37.823495],[144.960921,-37.8235],[144.960918,-37.823505],[144.960914,-37.823511],[144.960912,-37.823517],[144.960909,-37.823522],[144.960902,-37.823545],[144.960917,-37.823548],[144.960886,-37.823642],[144.960885,-37.823645],[144.960824,-37.823831],[144.96106,-37.82388],[144.961126,-37.823681]]],"type":"Polygon"},"properties":{"base_m":55.5,"date_captured":"2018-05-28","footprint_type":"Structure","structure_id":"818071","top_m":65.0},"type":"Feature"},{"geometry":{"coordinates":[[[144.961126,-37.823681],[144.961146,-37.823674],[144.961178,-37.823664],[144.961207,-37.823483],[144.961086,-37.823469],[144.961088,-37.823458],[144.961028,-37.823452],[144.961022,-37.823452],[144.961014,-37.823452],[144.961007,-37.823453],[144.960999,-37.823454],[144.960992,-37.823456],[144.960985,-37.823458],[144.960977,-37.82346],[144.96097,-37.823463],[144.960964,-37.823466],[144.960957,-37.823469],[144.960951,-37.823473],[144.960945,-37.823477],[144.96094,-37.823481],[144.960935,-37.823485],[144.96093,-37.82349],[144.960925,-37.823495],[144.960921,-37.8235],[144.960918,-37.823505],[144.960914,-37.823511],[144.960912,-37.823517],[144.960909,-37.823522],[144.960902,-37.823545],[144.960917,-37.823548],[144.960886,-37.823642],[144.961104,-37.823687],[144.961126,-37.823681]]],"type":"Polygon"},"properties":{"base_m":65.0,"date_captured":"2018-05-28","footprint_type":"Structure","structure_id":"818071","top_m":83.5},"type":"Feature"},{"geometry":{"coordinates":[[[144.961163,-37.825724],[144.961187,-37.825704],[144.961153,-37.825679],[144.961165,-37.825668],[144.961188,-37.825685],[144.961371,-37.825529],[144.961275,-37.825459],[144.961101,-37.825607],[144.961006,-37.825537],[144.960946,-37.825588],[144.960991,-37.825622],[144.96098,-37.825631],[144.961029,-37.825668],[144.961056,-37.825645],[144.961163,-37.825724]]],"type":"Polygon"},"properties":{"base_m":9.5,"date_captured":"2018-05-28","footprint_type":"Structure","structure_id":"809843","top_m":11.5},"type":"Feature"},{"geometry":{"coordinates":[[[144.961181,-37.823507],[144.9611,-37.823498],[144.961085,-37.823481],[144.961086,-37.823469],[144.961088,-37.823458],[144.961028,-37.823452],[144.961022,-37.823452],[144.961014,-37.823452],[144.961007,-37.823453],[144.960999,-37.823454],[144.960992,-37.823456],[144.960985,-37.823458],[144.960977,-37.82346],[144.96097,-37.823463],[144.960964,-37.823466],[144.960957,-37.823469],[144.960951,-37.823473],[144.960945,-37.823477],[144.96094,-37.823481],[144.960935,-37.823485],[144.96093,-37.82349],[144.960925,-37.823495],[144.960921,-37.8235],[144.960918,-37.823505],[144.960914,-37.823511],[144.960912,-37.823517],[144.960909,-37.823522],[144.960902,-37.823545],[144.960917,-37.823548],[144.960949,-37.823555],[144.960927,-37.823624],[144.961003,-37.82364],[144.961014,-37.823606],[144.961023,-37.823602],[144.961051,-37.82364],[144.961129,-37.823604],[144.961101,-37.823566],[144.96111,-37.823561],[144.961174,-37.823569],[144.961181,-37.823507]]],"type":"Polygon"},"properties":{"base_m":83.5,"date_captured":"2018-05-28","footprint_type":"Structure","structure_id":"818071","top_m":86.0},"type":"Feature"},{"geometry":{"coordinates":[[[144.961183,-37.824347],[144.960674,-37.82424],[144.96063,-37.824373],[144.960975,-37.824445],[144.961075,-37.824466],[144.96114,-37.82448],[144.961183,-37.824347]]],"type":"Polygon"},"properties":{"base_m":0.0,"date_captured":"2018-05-28","footprint_type":"Structure","structure_id":"815875","top_m":9.0},"type":"Feature"},{"geometry":{"coordinates":[[[144.96133,-37.823495],[144.961207,-37.823483],[144.961086,-37.823469],[144.961088,-37.823458],[144.961028,-37.823452],[144.961022,-37.823452],[144.961014,-37.823452],[144.961007,-37.823453],[144.960999,-37.823454],[144.960992,-37.823456],[144.960985,-37.823458],[144.960977,-37.82346],[144.96097,-37.823463],[144.960964,-37.823466],[144.960957,-37.823469],[144.960951,-37.823473],[144.960945,-37.823477],[144.96094,-37.823481],[144.960935,-37.823485],[144.96093,-37.82349],[144.960925,-37.823495],[144.960921,-37.8235],[144.960918,-37.823505],[144.960914,-37.823511],[144.960912,-37.823517],[144.960909,-37.823522],[144.960902,-37.823545],[144.960917,-37.823548],[144.960886,-37.823642],[144.960885,-37.823645],[144.960824,-37.823831],[144.960792,-37.823928],[144.961028,-37.823977],[144.96106,-37.82388],[144.961126,-37.823681],[144.961146,-37.823674],[144.961299,-37.823689],[144.96133,-37.823495]]],"type":"Polygon"},"properties":{"base_m":44.0,"date_captured":"2018-05-28","footprint_type":"Structure","structure_id":"818071","top_m":47.0},"type":"Feature"},{"geometry":{"coordinates":[[[144.96133,-37.823495],[144.961207,-37.823483],[144.961086,-37.823469],[144.961088,-37.823458],[144.961028,-37.823452],[144.961022,-37.823452],[144.961014,-37.823452],[144.961007,-37.823453],[144.960999,-37.823454],[144.960992,-37.823456],[144.960985,-37.823458],[144.960977,-37.82346],[144.96097,-37.823463],[144.960964,-37.823466],[144.960957,-37.823469],[144.960951,-37.823473],[144.960945,-37.823477],[144.96094,-37.823481],[144.960935,-37.823485],[144.96093,-37.82349],[144.960925,-37.823495],[144.960921,-37.8235],[144.960918,-37.823505],[144.960914,-37.823511],[144.960912,-37.823517],[144.960909,-37.823522],[144.960902,-37.823545],[144.960917,-37.823548],[144.960886,-37.823642],[144.960885,-37.823645],[144.960824,-37.823831],[144.96106,-37.82388],[144.961126,-37.823681],[144.961146,-37.823674],[144.961299,-37.823689],[144.96133,-37.823495]]],"type":"Polygon"},"properties":{"base_m":47.0,"date_captured":"2018-05-28","footprint_type":"Structure","structure_id":"818071","top_m":55.5},"type":"Feature"},{"geometry":{"coordinates":[[[144.961346,-37.824176],[144.961283,-37.824163],[144.961176,-37.824487],[144.961252,-37.824503],[144.961337,-37.82452],[144.961505,-37.824554],[144.961759,-37.824338],[144.961784,-37.824268],[144.961346,-37.824176]]],"type":"Polygon"},"properties":{"base_m":0.0,"date_captured":"2018-05-28","footprint_type":"Structure","structure_id":"804134","top_m":10.0},"type":"Feature"},{"geometry":{"coordinates":[[[144.961371,-37.825529],[144.961275,-37.825459],[144.961101,-37.825607],[144.961006,-37.825537],[144.960946,-37.825588],[144.960936,-37.825581],[144.960874,-37.825634],[144.960883,-37.825641],[144.960808,-37.825705],[144.96086,-37.825743],[144.960835,-37.825765],[144.960899,-37.825812],[144.960998,-37.825728],[144.961016,-37.825741],[144.961053,-37.825709],[144.961122,-37.82576],[144.961163,-37.825724],[144.961187,-37.825704],[144.961153,-37.825679],[144.961165,-37.825668],[144.961188,-37.825685],[144.961371,-37.825529]]],"type":"Polygon"},"properties":{"base_m":0.0,"date_captured":"2018-05-28","footprint_type":"Structure","structure_id":"809843","top_m":9.5},"type":"Feature"},{"geometry":{"coordinates":[[[144.961405,-37.82313],[144.961412,-37.823124],[144.96142,-37.823117],[144.961426,-37.823111],[144.961432,-37.823103],[144.961437,-37.823097],[144.961462,-37.823057],[144.961468,-37.823047],[144.961489,-37.823005],[144.961507,-37.822963],[144.961508,-37.82296],[144.961523,-37.822911],[144.961534,-37.822862],[144.961536,-37.822853],[144.961542,-37.822803],[144.961545,-37.822754],[144.961385,-37.822722],[144.961375,-37.822722],[144.961366,-37.822722],[144.961356,-37.822722],[144.961347,-37.822723],[144.961337,-37.822724],[144.961328,-37.822726],[144.961319,-37.822729],[144.96131,-37.822731],[144.961307,-37.822732],[144.961298,-37.822736],[144.96129,-37.822739],[144.961282,-37.822743],[144.961274,-37.822748],[144.961267,-37.822753],[144.96126,-37.822758],[144.961254,-37.822764],[144.961248,-37.82277],[144.961243,-37.822775],[144.961224,-37.8228],[144.961208,-37.822823],[144.961192,-37.82285],[144.961179,-37.822878],[144.961168,-37.822906],[144.961166,-37.822911],[144.961155,-37.822943],[144.961147,-37.822977],[144.961143,-37.822996],[144.961139,-37.82303],[144.961138,-37.823063],[144.961139,-37.823097],[144.96114,-37.82311],[144.961141,-37.823121],[144.961264,-37.823148],[144.961269,-37.82313],[144.961288,-37.823133],[144.961278,-37.823169],[144.961288,-37.823168],[144.961301,-37.823167],[144.961311,-37.823166],[144.961322,-37.823164],[144.961332,-37.823162],[144.961343,-37.823159],[144.961353,-37.823156],[144.961355,-37.823156],[144.961363,-37.823153],[144.961369,-37.82315],[144.961379,-37.823146],[144.961388,-37.823141],[144.961396,-37.823136],[144.961405,-37.82313]]],"type":"Polygon"},"properties":{"base_m":43.0,"date_captured":"2018-05-28","footprint_type":"Structure","structure_id":"815445","top_m":244.5},"type":"Feature"},{"geometry":{"coordinates":[[[144.96142,-37.822852],[144.961316,-37.822831],[144.961255,-37.823014],[144.961359,-37.823036],[144.96142,-37.822852]]],"type":"Polygon"},"properties":{"base_m":244.5,"date_captured":"2018-05-28","footprint_type":"Structure","structure_id":"815445","top_m":253.5},"type":"Feature"},{"geometry":{"coordinates":[[[144.961424,-37.822039],[144.961398,-37.822034],[144.961342,-37.822205],[144.961768,-37.822293],[144.961876,-37.822315],[144.961896,-37.822319],[144.961924,-37.822232],[144.961952,-37.822148],[144.961844,-37.822126],[144.961779,-37.822113],[144.961767,-37.822148],[144.961716,-37.822137],[144.961724,-37.822113],[144.961668,-37.822102],[144.961661,-37.822126],[144.961559,-37.822105],[144.96157,-37.822069],[144.961567,-37.822069],[144.961534,-37.822062],[144.961424,-37.822039]]],"type":"Polygon"},"properties":{"base_m":0.0,"date_captured":"2018-05-28","footprint_type":"Structure","structure_id":"815213","top_m":11.0},"type":"Feature"},{"geometry":{"coordinates":[[[144.961432,-37.823625],[144.96145,-37.823507],[144.96133,-37.823495],[144.961207,-37.823483],[144.961086,-37.823469],[144.961088,-37.823458],[144.961028,-37.823452],[144.961022,-37.823452],[144.961014,-37.823452],[144.961007,-37.823453],[144.960999,-37.823454],[144.960992,-37.823456],[144.960985,-37.823458],[144.960977,-37.82346],[144.96097,-37.823463],[144.960964,-37.823466],[144.960957,-37.823469],[144.960951,-37.823473],[144.960945,-37.823477],[144.96094,-37.823481],[144.960935,-37.823485],[144.96093,-37.82349],[144.960925,-37.823495],[144.960921,-37.8235],[144.960918,-37.823505],[144.960914,-37.823511],[144.960912,-37.823517],[144.960909,-37.823522],[144.960902,-37.823545],[144.960917,-37.823548],[144.960886,-37.823642],[144.960885,-37.823645],[144.960824,-37.823831],[144.960792,-37.823928],[144.960761,-37.824023],[144.960872,-37.824046],[144.960997,-37.824072],[144.961025,-37.823986],[144.961028,-37.823977],[144.96106,-37.82388],[144.961126,-37.823681],[144.961146,-37.823674],[144.961299,-37.823689],[144.961303,-37.82369],[144.96142,-37.823701],[144.961432,-37.823625]]],"type":"Polygon"},"properties":{"base_m":10.5,"date_captured":"2018-05-28","footprint_type":"Structure","structure_id":"818071","top_m":29.0},"type":"Feature"},{"geometry":{"coordinates":[[[144.961432,-37.823625],[144.96145,-37.823507],[144.96133,-37.823495],[144.961207,-37.823483],[144.961086,-37.823469],[144.961088,-37.823458],[144.961028,-37.823452],[144.961022,-37.823452],[144.961014,-37.823452],[144.961007,-37.823453],[144.960999,-37.823454],[144.960992,-37.823456],[144.960985,-37.823458],[144.960977,-37.82346],[144.96097,-37.823463],[144.960964,-37.823466],[144.960957,-37.823469],[144.960951,-37.823473],[144.960945,-37.823477],[144.96094,-37.823481],[144.960935,-37.823485],[144.96093,-37.82349],[144.960925,-37.823495],[144.960921,-37.8235],[144.960918,-37.823505],[144.960914,-37.823511],[144.960912,-37.823517],[144.960909,-37.823522],[144.960902,-37.823545],[144.960917,-37.823548],[144.960886,-37.823642],[144.960885,-37.823645],[144.960824,-37.823831],[144.960792,-37.823928],[144.961028,-37.823977],[144.96106,-37.82388],[144.961126,-37.823681],[144.961146,-37.823674],[144.961299,-37.823689],[144.961303,-37.82369],[144.96142,-37.823701],[144.961432,-37.823625]]],"type":"Polygon"},"properties":{"base_m":29.0,"date_captured":"2018-05-28","footprint_type":"Structure","structure_id":"818071","top_m":44.0},"type":"Feature"},{"geometry":{"coordinates":[[[144.961446,-37.823803],[144.961411,-37.823797],[144.961407,-37.823805],[144.961394,-37.823832],[144.961309,-37.823817],[144.961203,-37.824146],[144.961244,-37.824154],[144.961244,-37.824153],[144.961284,-37.824162],[144.961283,-37.824163],[144.961346,-37.824176],[144.961784,-37.824268],[144.96183,-37.824277],[144.961847,-37.824263],[144.961956,-37.82417],[144.961851,-37.824093],[144.961542,-37.823866],[144.96151,-37.823842],[144.961487,-37.823837],[144.961446,-37.823803]]],"type":"Polygon"},"properties":{"base_m":0.0,"date_captured":"2018-05-28","footprint_type":"Structure","structure_id":"818072","top_m":8.0},"type":"Feature"},{"geometry":{"coordinates":[[[144.96145,-37.825067],[144.961446,-37.825064],[144.961411,-37.825093],[144.961428,-37.825245],[144.961468,-37.825273],[144.961469,-37.825289],[144.961527,-37.825332],[144.961549,-37.825331],[144.961606,-37.825374],[144.961614,-37.825367],[144.961657,-37.825399],[144.961684,-37.825376],[144.961722,-37.825405],[144.961768,-37.825365],[144.961774,-37.82537],[144.961774,-37.825213],[144.961607,-37.825091],[144.961588,-37.825096],[144.961549,-37.825068],[144.961544,-37.825072],[144.961504,-37.825106],[144.96145,-37.825067]]],"type":"Polygon"},"properties":{"base_m":144.0,"date_captured":"2018-05-28","footprint_type":"Structure","structure_id":"805793","top_m":147.0},"type":"Feature"},{"geometry":{"coordinates":[[[144.961457,-37.823849],[144.961464,-37.823826],[144.961445,-37.823813],[144.961407,-37.823805],[144.961394,-37.823832],[144.961309,-37.823817],[144.961203,-37.824146],[144.961244,-37.824154],[144.961244,-37.824153],[144.961284,-37.824162],[144.961283,-37.824163],[144.961346,-37.824176],[144.961457,-37.823849]]],"type":"Polygon"},"properties":{"base_m":8.0,"date_captured":"2018-05-28","footprint_type":"Structure","structure_id":"818072","top_m":11.5},"type":"Feature"},{"geometry":{"coordinates":[[[144.961481,-37.825041],[144.96145,-37.825067],[144.961446,-37.825064],[144.961411,-37.825093],[144.961334,-37.82516],[144.961379,-37.825194],[144.961382,-37.825211],[144.961428,-37.825245],[144.961468,-37.825273],[144.961469,-37.825289],[144.961527,-37.825332],[144.961549,-37.825331],[144.961606,-37.825374],[144.961614,-37.825367],[144.961657,-37.825399],[144.961684,-37.825376],[144.961722,-37.825405],[144.961768,-37.825365],[144.961774,-37.82537],[144.961774,-37.825213],[144.961607,-37.825091],[144.961588,-37.825096],[144.961549,-37.825068],[144.961544,-37.825072],[144.961527,-37.825074],[144.961481,-37.825041]]],"type":"Polygon"},"properties":{"base_m":19.5,"date_captured":"2018-05-28","footprint_type":"Structure","structure_id":"805793","top_m":53.5},"type":"Feature"},{"geometry":{"coordinates":[[[144.961481,-37.825041],[144.96145,-37.825067],[144.961446,-37.825064],[144.961411,-37.825093],[144.961428,-37.825245],[144.961468,-37.825273],[144.961469,-37.825289],[144.961527,-37.825332],[144.961549,-37.825331],[144.961606,-37.825374],[144.961614,-37.825367],[144.961657,-37.825399],[144.961684,-37.825376],[144.961722,-37.825405],[144.961768,-37.825365],[144.961774,-37.82537],[144.961774,-37.825213],[144.961607,-37.825091],[144.961588,-37.825096],[144.961549,-37.825068],[144.961544,-37.825072],[144.961527,-37.825074],[144.961481,-37.825041]]],"type":"Polygon"},"properties":{"base_m":53.5,"date_captured":"2018-05-28","footprint_type":"Structure","structure_id":"805793","top_m":144.0},"type":"Feature"},{"geometry":{"coordinates":[[[144.961496,-37.823503],[144.961088,-37.823458],[144.961028,-37.823452],[144.961022,-37.823452],[144.961014,-37.823452],[144.961007,-37.823453],[144.960999,-37.823454],[144.960992,-37.823456],[144.960985,-37.823458],[144.960977,-37.82346],[144.96097,-37.823463],[144.960964,-37.823466],[144.960957,-37.823469],[144.960951,-37.823473],[144.960945,-37.823477],[144.96094,-37.823481],[144.960935,-37.823485],[144.96093,-37.82349],[144.960925,-37.823495],[144.960921,-37.8235],[144.960918,-37.823505],[144.960914,-37.823511],[144.960912,-37.823517],[144.960909,-37.823522],[144.960902,-37.823545],[144.960736,-37.824049],[144.960862,-37.824078],[144.960872,-37.824046],[144.960997,-37.824072],[144.961025,-37.823986],[144.961028,-37.823977],[144.96106,-37.82388],[144.961126,-37.823681],[144.961146,-37.823674],[144.961299,-37.823689],[144.961303,-37.82369],[144.96142,-37.823701],[144.961432,-37.823625],[144.961455,-37.823627],[144.961496,-37.823503]]],"type":"Polygon"},"properties":{"base_m":0.0,"date_captured":"2018-05-28","footprint_type":"Structure","structure_id":"818071","top_m":10.5},"type":"Feature"},{"geometry":{"coordinates":[[[144.961542,-37.823866],[144.961457,-37.823849],[144.961346,-37.824176],[144.961784,-37.824268],[144.96183,-37.824277],[144.961847,-37.824263],[144.961804,-37.824231],[144.961851,-37.824093],[144.961542,-37.823866]]],"type":"Polygon"},"properties":{"base_m":8.0,"date_captured":"2018-05-28","footprint_type":"Structure","structure_id":"818072","top_m":14.0},"type":"Feature"},{"geometry":{"coordinates":[[[144.961565,-37.823845],[144.961593,-37.823822],[144.961605,-37.823784],[144.961532,-37.823769],[144.961518,-37.82381],[144.961565,-37.823845]]],"type":"Polygon"},"properties":{"base_m":25.0,"date_captured":"2018-05-28","footprint_type":"Structure","structure_id":"801734","top_m":29.0},"type":"Feature"},{"geometry":{"coordinates":[[[144.96158,-37.822476],[144.961547,-37.82247],[144.961558,-37.822436],[144.961429,-37.822409],[144.96138,-37.822559],[144.961502,-37.822584],[144.961515,-37.822544],[144.961556,-37.822552],[144.96158,-37.822476]]],"type":"Polygon"},"properties":{"base_m":24.5,"date_captured":"2018-05-28","footprint_type":"Structure","structure_id":"807545","top_m":28.5},"type":"Feature"},{"geometry":{"coordinates":[[[144.961622,-37.824919],[144.961481,-37.825041],[144.96145,-37.825067],[144.961446,-37.825064],[144.961411,-37.825093],[144.961334,-37.82516],[144.961379,-37.825194],[144.961382,-37.825211],[144.961428,-37.825245],[144.961468,-37.825273],[144.961469,-37.825289],[144.961527,-37.825332],[144.961549,-37.825331],[144.961606,-37.825374],[144.961614,-37.825367],[144.961657,-37.825399],[144.961684,-37.825376],[144.961722,-37.825405],[144.961768,-37.825365],[144.961774,-37.82537],[144.961791,-37.825383],[144.962007,-37.8252],[144.961622,-37.824919]]],"type":"Polygon"},"properties":{"base_m":15.0,"date_captured":"2018-05-28","footprint_type":"Structure","structure_id":"805793","top_m":19.5},"type":"Feature"},{"geometry":{"coordinates":[[[144.961651,-37.824894],[144.961622,-37.824919],[144.961481,-37.825041],[144.96145,-37.825067],[144.961446,-37.825064],[144.961411,-37.825093],[144.961334,-37.82516],[144.961379,-37.825194],[144.961382,-37.825211],[144.961428,-37.825245],[144.961468,-37.825273],[144.961469,-37.825289],[144.961527,-37.825332],[144.961549,-37.825331],[144.961606,-37.825374],[144.961614,-37.825367],[144.961657,-37.825399],[144.961684,-37.825376],[144.961722,-37.825405],[144.961768,-37.825365],[144.961774,-37.82537],[144.961791,-37.825383],[144.962007,-37.8252],[144.962033,-37.825177],[144.961651,-37.824894]]],"type":"Polygon"},"properties":{"base_m":10.5,"date_captured":"2018-05-28","footprint_type":"Structure","structure_id":"805793","top_m":15.0},"type":"Feature"},{"geometry":{"coordinates":[[[144.961662,-37.822493],[144.96158,-37.822476],[144.961547,-37.82247],[144.961558,-37.822436],[144.961429,-37.822409],[144.961285,-37.82238],[144.961201,-37.822636],[144.961589,-37.822716],[144.961662,-37.822493]]],"type":"Polygon"},"properties":{"base_m":21.0,"date_captured":"2018-05-28","footprint_type":"Structure","structure_id":"807545","top_m":24.5},"type":"Feature"},{"geometry":{"coordinates":[[[144.961665,-37.822794],[144.961672,-37.822772],[144.961234,-37.822681],[144.961197,-37.822794],[144.961162,-37.822787],[144.961152,-37.822784],[144.961051,-37.823091],[144.96114,-37.82311],[144.961141,-37.823121],[144.961264,-37.823148],[144.961269,-37.82313],[144.961288,-37.823133],[144.961278,-37.823169],[144.961288,-37.823168],[144.961301,-37.823167],[144.961311,-37.823166],[144.961322,-37.823164],[144.961332,-37.823162],[144.961343,-37.823159],[144.961353,-37.823156],[144.961355,-37.823156],[144.961534,-37.823194],[144.961665,-37.822794]]],"type":"Polygon"},"properties":{"base_m":36.5,"date_captured":"2018-05-28","footprint_type":"Structure","structure_id":"815445","top_m":43.0},"type":"Feature"},{"geometry":{"coordinates":[[[144.961683,-37.825254],[144.961582,-37.825179],[144.961522,-37.82523],[144.961623,-37.825305],[144.961683,-37.825254]]],"type":"Polygon"},"properties":{"base_m":147.0,"date_captured":"2018-05-28","footprint_type":"Structure","structure_id":"805793","top_m":153.0},"type":"Feature"},{"geometry":{"coordinates":[[[144.961725,-37.821858],[144.961599,-37.821733],[144.96147,-37.821815],[144.961433,-37.821929],[144.961488,-37.821939],[144.961551,-37.82195],[144.961556,-37.821941],[144.961594,-37.821892],[144.961658,-37.82186],[144.961725,-37.821858]]],"type":"Polygon"},"properties":{"base_m":11.9,"date_captured":"2023-05-11","footprint_type":"Structure","structure_id":"800997","top_m":13.7},"type":"Feature"},{"geometry":{"coordinates":[[[144.961746,-37.822748],[144.961685,-37.822736],[144.961684,-37.822735],[144.961589,-37.822716],[144.961201,-37.822636],[144.961183,-37.822689],[144.961205,-37.822693],[144.961183,-37.822758],[144.961172,-37.822756],[144.961162,-37.822787],[144.961152,-37.822784],[144.961051,-37.823091],[144.96114,-37.82311],[144.961141,-37.823121],[144.961264,-37.823148],[144.961269,-37.82313],[144.961288,-37.823133],[144.961278,-37.823169],[144.961589,-37.823232],[144.961727,-37.822807],[144.961746,-37.822748]]],"type":"Polygon"},"properties":{"base_m":0.0,"date_captured":"2018-05-28","footprint_type":"Structure","structure_id":"815445","top_m":36.5},"type":"Feature"},{"geometry":{"coordinates":[[[144.961753,-37.825415],[144.961791,-37.825383],[144.962007,-37.8252],[144.962033,-37.825177],[144.961651,-37.824894],[144.961608,-37.824862],[144.961249,-37.825166],[144.961675,-37.825482],[144.961753,-37.825415]]],"type":"Polygon"},"properties":{"base_m":0.0,"date_captured":"2018-05-28","footprint_type":"Structure","structure_id":"805793","top_m":10.5},"type":"Feature"},{"geometry":{"coordinates":[[[144.961758,-37.822513],[144.961662,-37.822493],[144.96158,-37.822476],[144.961547,-37.82247],[144.961558,-37.822436],[144.961429,-37.822409],[144.961285,-37.82238],[144.961201,-37.822636],[144.961589,-37.822716],[144.961684,-37.822735],[144.961685,-37.822736],[144.961758,-37.822513]]],"type":"Polygon"},"properties":{"base_m":11.0,"date_captured":"2018-05-28","footprint_type":"Structure","structure_id":"807545","top_m":21.0},"type":"Feature"},{"geometry":{"coordinates":[[[144.961768,-37.822293],[144.961342,-37.822205],[144.96132,-37.822273],[144.961369,-37.822283],[144.961357,-37.82232],[144.961342,-37.822364],[144.961293,-37.822354],[144.961285,-37.82238],[144.961429,-37.822409],[144.961558,-37.822436],[144.961547,-37.82247],[144.96158,-37.822476],[144.961662,-37.822493],[144.961758,-37.822513],[144.961808,-37.822523],[144.961862,-37.822358],[144.961754,-37.822336],[144.961768,-37.822293]]],"type":"Polygon"},"properties":{"base_m":12.0,"date_captured":"2018-05-28","footprint_type":"Structure","structure_id":"813057","top_m":15.0},"type":"Feature"},{"geometry":{"coordinates":[[[144.961804,-37.823607],[144.961782,-37.823625],[144.961732,-37.823615],[144.961731,-37.823624],[144.961664,-37.82361],[144.961652,-37.823649],[144.961587,-37.823704],[144.961637,-37.823749],[144.961665,-37.823776],[144.961649,-37.823789],[144.961694,-37.823807],[144.961716,-37.823836],[144.961721,-37.823832],[144.961802,-37.823893],[144.961828,-37.823923],[144.961821,-37.823929],[144.961863,-37.823948],[144.961919,-37.82399],[144.961908,-37.824],[144.961944,-37.824015],[144.961994,-37.824062],[144.962053,-37.824012],[144.962118,-37.823984],[144.962113,-37.823979],[144.962157,-37.823929],[144.962162,-37.82393],[144.962224,-37.823876],[144.96225,-37.823853],[144.962205,-37.823833],[144.962186,-37.823824],[144.962157,-37.823789],[144.96214,-37.823804],[144.962069,-37.823772],[144.962042,-37.82374],[144.962027,-37.823753],[144.961986,-37.823735],[144.961884,-37.82369],[144.961862,-37.823665],[144.961855,-37.823669],[144.961804,-37.823607]]],"type":"Polygon"},"properties":{"base_m":25.0,"date_captured":"2018-05-28","footprint_type":"Structure","structure_id":"801734","top_m":62.0},"type":"Feature"},{"geometry":{"coordinates":[[[144.961804,-37.823607],[144.961782,-37.823625],[144.961765,-37.823639],[144.961737,-37.823641],[144.961659,-37.82371],[144.961661,-37.823729],[144.961637,-37.823749],[144.961665,-37.823776],[144.961649,-37.823789],[144.961694,-37.823807],[144.961716,-37.823836],[144.961721,-37.823832],[144.961802,-37.823893],[144.961828,-37.823923],[144.961821,-37.823929],[144.961863,-37.823948],[144.961919,-37.82399],[144.961908,-37.824],[144.961944,-37.824015],[144.961994,-37.824062],[144.962053,-37.824012],[144.962118,-37.823984],[144.962113,-37.823979],[144.962157,-37.823929],[144.962162,-37.82393],[144.962224,-37.823876],[144.96225,-37.823853],[144.962205,-37.823833],[144.962186,-37.823824],[144.962157,-37.823789],[144.96214,-37.823804],[144.962069,-37.823772],[144.962042,-37.82374],[144.962027,-37.823753],[144.961986,-37.823735],[144.961884,-37.82369],[144.961862,-37.823665],[144.961855,-37.823669],[144.961804,-37.823607]]],"type":"Polygon"},"properties":{"base_m":62.0,"date_captured":"2018-05-28","footprint_type":"Structure","structure_id":"801734","top_m":65.0},"type":"Feature"},{"geometry":{"coordinates":[[[144.961833,-37.82475],[144.961822,-37.824742],[144.961731,-37.824819],[144.961743,-37.824827],[144.961844,-37.824902],[144.961822,-37.824921],[144.96191,-37.824985],[144.961883,-37.825008],[144.961974,-37.825076],[144.961992,-37.82506],[144.96206,-37.825111],[144.962215,-37.82498],[144.962147,-37.82493],[144.962165,-37.824915],[144.962106,-37.824872],[144.962074,-37.824848],[144.962065,-37.824855],[144.962055,-37.824863],[144.962,-37.824822],[144.961967,-37.824798],[144.96196,-37.824803],[144.961934,-37.824825],[144.961833,-37.82475]]],"type":"Polygon"},"properties":{"base_m":87.5,"date_captured":"2018-05-28","footprint_type":"Structure","structure_id":"812410","top_m":96.5},"type":"Feature"},{"geometry":{"coordinates":[[[144.961847,-37.824263],[144.961956,-37.82417],[144.961851,-37.824093],[144.961804,-37.824231],[144.961847,-37.824263]]],"type":"Polygon"},"properties":{"base_m":8.0,"date_captured":"2018-05-28","footprint_type":"Structure","structure_id":"818072","top_m":10.5},"type":"Feature"},{"geometry":{"coordinates":[[[144.961859,-37.824729],[144.961833,-37.82475],[144.961822,-37.824742],[144.961731,-37.824819],[144.961743,-37.824827],[144.961721,-37.824846],[144.961822,-37.824921],[144.96191,-37.824985],[144.961883,-37.825008],[144.961974,-37.825076],[144.961962,-37.825085],[144.962033,-37.825138],[144.962056,-37.825118],[144.962068,-37.825126],[144.962114,-37.825088],[144.962237,-37.824983],[144.962223,-37.824973],[144.962246,-37.824953],[144.962178,-37.824902],[144.962173,-37.824906],[144.962116,-37.824863],[144.962083,-37.824839],[144.962074,-37.824848],[144.962065,-37.824855],[144.962009,-37.824815],[144.961976,-37.82479],[144.961967,-37.824798],[144.96196,-37.824803],[144.961859,-37.824729]]],"type":"Polygon"},"properties":{"base_m":0.0,"date_captured":"2018-05-28","footprint_type":"Structure","structure_id":"812410","top_m":83.5},"type":"Feature"},{"geometry":{"coordinates":[[[144.961859,-37.824729],[144.961833,-37.82475],[144.961822,-37.824742],[144.961731,-37.824819],[144.961743,-37.824827],[144.961721,-37.824846],[144.961822,-37.824921],[144.96191,-37.824985],[144.961883,-37.825008],[144.961974,-37.825076],[144.961962,-37.825085],[144.962033,-37.825138],[144.962056,-37.825118],[144.962068,-37.825126],[144.962114,-37.825088],[144.962237,-37.824983],[144.962223,-37.824973],[144.962246,-37.824953],[144.962178,-37.824902],[144.962173,-37.824906],[144.962116,-37.824863],[144.962106,-37.824872],[144.962074,-37.824848],[144.962065,-37.824855],[144.962009,-37.824815],[144.962,-37.824822],[144.961967,-37.824798],[144.96196,-37.824803],[144.961859,-37.824729]]],"type":"Polygon"},"properties":{"base_m":83.5,"date_captured":"2018-05-28","footprint_type":"Structure","structure_id":"812410","top_m":87.5},"type":"Feature"},{"geometry":{"coordinates":[[[144.961876,-37.822315],[144.961768,-37.822293],[144.961342,-37.822205],[144.96132,-37.822273],[144.961369,-37.822283],[144.961357,-37.82232],[144.961308,-37.82231],[144.961293,-37.822354],[144.961285,-37.82238],[144.961429,-37.822409],[144.961558,-37.822436],[144.961547,-37.82247],[144.96158,-37.822476],[144.961662,-37.822493],[144.961758,-37.822513],[144.961808,-37.822523],[144.961862,-37.822358],[144.961876,-37.822315]]],"type":"Polygon"},"properties":{"base_m":0.0,"date_captured":"2018-05-28","footprint_type":"Structure","structure_id":"813057","top_m":12.0},"type":"Feature"},{"geometry":{"coordinates":[[[144.961886,-37.823701],[144.961853,-37.823731],[144.961849,-37.823727],[144.961823,-37.823762],[144.961782,-37.823783],[144.961786,-37.823786],[144.961741,-37.823824],[144.961809,-37.823886],[144.961802,-37.823893],[144.961828,-37.823923],[144.961821,-37.823929],[144.961863,-37.823948],[144.961919,-37.82399],[144.961908,-37.824],[144.961944,-37.824015],[144.961994,-37.824062],[144.962053,-37.824012],[144.962118,-37.823984],[144.962113,-37.823979],[144.962157,-37.823929],[144.962162,-37.82393],[144.962224,-37.823876],[144.96225,-37.823853],[144.962205,-37.823833],[144.962186,-37.823824],[144.962157,-37.823789],[144.96214,-37.823804],[144.962069,-37.823772],[144.962042,-37.82374],[144.962027,-37.823753],[144.961986,-37.823735],[144.961979,-37.823742],[144.961886,-37.823701]]],"type":"Polygon"},"properties":{"base_m":65.0,"date_captured":"2018-05-28","footprint_type":"Structure","structure_id":"801734","top_m":104.5},"type":"Feature"},{"geometry":{"coordinates":[[[144.961895,-37.822677],[144.961937,-37.822552],[144.961826,-37.822529],[144.961827,-37.822527],[144.961823,-37.822526],[144.961808,-37.822523],[144.961758,-37.822513],[144.961662,-37.822493],[144.96158,-37.822476],[144.961547,-37.82247],[144.961558,-37.822436],[144.961429,-37.822409],[144.961285,-37.82238],[144.961201,-37.822636],[144.961589,-37.822716],[144.961684,-37.822735],[144.961685,-37.822736],[144.961746,-37.822748],[144.96182,-37.822763],[144.961863,-37.822772],[144.961895,-37.822677]]],"type":"Polygon"},"properties":{"base_m":0.0,"date_captured":"2018-05-28","footprint_type":"Structure","structure_id":"807545","top_m":11.0},"type":"Feature"},{"geometry":{"coordinates":[[[144.961908,-37.82553],[144.961753,-37.825415],[144.961675,-37.825482],[144.961847,-37.825609],[144.96188,-37.825581],[144.961863,-37.825569],[144.961908,-37.82553]]],"type":"Polygon"},"properties":{"base_m":21.5,"date_captured":"2018-05-28","footprint_type":"Structure","structure_id":"814806","top_m":25.0},"type":"Feature"},{"geometry":{"coordinates":[[[144.961937,-37.82202],[144.961766,-37.821851],[144.961737,-37.82187],[144.961725,-37.821858],[144.961658,-37.82186],[144.961594,-37.821892],[144.961556,-37.821941],[144.961551,-37.82195],[144.961488,-37.821939],[144.96148,-37.82196],[144.961483,-37.822016],[144.961495,-37.822029],[144.961501,-37.822014],[144.961551,-37.822003],[144.961585,-37.822052],[144.961567,-37.822069],[144.96157,-37.822069],[144.961745,-37.822105],[144.961736,-37.822083],[144.961803,-37.822052],[144.961854,-37.822095],[144.961937,-37.82202]]],"type":"Polygon"},"properties":{"base_m":13.7,"date_captured":"2023-05-11","footprint_type":"Structure","structure_id":"800997","top_m":15.6},"type":"Feature"},{"geometry":{"coordinates":[[[144.961948,-37.826715],[144.961816,-37.826617],[144.961784,-37.826644],[144.961752,-37.82662],[144.961762,-37.826612],[144.961666,-37.826541],[144.961528,-37.826658],[144.961525,-37.826715],[144.961806,-37.827],[144.961869,-37.827079],[144.961887,-37.827065],[144.961936,-37.827023],[144.962008,-37.826962],[144.96182,-37.826823],[144.961948,-37.826715]]],"type":"Polygon"},"properties":{"base_m":0.0,"date_captured":"2018-05-28","footprint_type":"Structure","structure_id":"801946","top_m":10.0},"type":"Feature"},{"geometry":{"coordinates":[[[144.961951,-37.821629],[144.961846,-37.821697],[144.961833,-37.821695],[144.961804,-37.821693],[144.961774,-37.821692],[144.961744,-37.821692],[144.961714,-37.821694],[144.961684,-37.821698],[144.961655,-37.821703],[144.961957,-37.822002],[144.961963,-37.822007],[144.962046,-37.822089],[144.962155,-37.822019],[144.96216,-37.822019],[144.96219,-37.822022],[144.96222,-37.822022],[144.962247,-37.822022],[144.962256,-37.822021],[144.962277,-37.822019],[144.962307,-37.822016],[144.962336,-37.822011],[144.962311,-37.821986],[144.962268,-37.821943],[144.961951,-37.821629]]],"type":"Polygon"},"properties":{"base_m":39.5,"date_captured":"2018-05-28","footprint_type":"Structure","structure_id":"810264","top_m":154.5},"type":"Feature"},{"geometry":{"coordinates":[[[144.961989,-37.822039],[144.961951,-37.822034],[144.961939,-37.822022],[144.961937,-37.82202],[144.961766,-37.821851],[144.961628,-37.821715],[144.961599,-37.821733],[144.96147,-37.821815],[144.961433,-37.821929],[144.961417,-37.821993],[144.961417,-37.822004],[144.961417,-37.822008],[144.961419,-37.822018],[144.961421,-37.822029],[144.961424,-37.822039],[144.961486,-37.822052],[144.961495,-37.822029],[144.961501,-37.822014],[144.961551,-37.822003],[144.961585,-37.822052],[144.961567,-37.822069],[144.96157,-37.822069],[144.961745,-37.822105],[144.961736,-37.822083],[144.961803,-37.822052],[144.961854,-37.822095],[144.961844,-37.822126],[144.961952,-37.822148],[144.961989,-37.822039]]],"type":"Polygon"},"properties":{"base_m":0.0,"date_captured":"2023-05-11","footprint_type":"Structure","structure_id":"800997","top_m":11.9},"type":"Feature"},{"geometry":{"coordinates":[[[144.962008,-37.826962],[144.962136,-37.826854],[144.961948,-37.826715],[144.96182,-37.826823],[144.962008,-37.826962]]],"type":"Polygon"},"properties":{"base_m":0.5,"date_captured":"2018-05-28","footprint_type":"Structure","structure_id":"801946","top_m":9.0},"type":"Feature"},{"geometry":{"coordinates":[[[144.962022,-37.822342],[144.961914,-37.822437],[144.96202,-37.822513],[144.961925,-37.822597],[144.962021,-37.822666],[144.961959,-37.822722],[144.962236,-37.82292],[144.962297,-37.822866],[144.962457,-37.82298],[144.962566,-37.822884],[144.962538,-37.822864],[144.962635,-37.822778],[144.962723,-37.822701],[144.962558,-37.822583],[144.962505,-37.82263],[144.962181,-37.822399],[144.962145,-37.82243],[144.962022,-37.822342]]],"type":"Polygon"},"properties":{"base_m":0.0,"date_captured":"2018-05-28","footprint_type":"Structure","structure_id":"810471","top_m":28.0},"type":"Feature"},{"geometry":{"coordinates":[[[144.962054,-37.821551],[144.961961,-37.821611],[144.961968,-37.821618],[144.961951,-37.821629],[144.961846,-37.821697],[144.961833,-37.821695],[144.961804,-37.821693],[144.961774,-37.821692],[144.961744,-37.821692],[144.961714,-37.821694],[144.961684,-37.821698],[144.961655,-37.821703],[144.961957,-37.822002],[144.961963,-37.822007],[144.962046,-37.822089],[144.962155,-37.822019],[144.96216,-37.822019],[144.96219,-37.822022],[144.96222,-37.822022],[144.962247,-37.822022],[144.962256,-37.822021],[144.962277,-37.822019],[144.962307,-37.822016],[144.962336,-37.822011],[144.962311,-37.821986],[144.962268,-37.821943],[144.962394,-37.821861],[144.962077,-37.821553],[144.962064,-37.821561],[144.962054,-37.821551]]],"type":"Polygon"},"properties":{"base_m":36.0,"date_captured":"2018-05-28","footprint_type":"Structure","structure_id":"810264","top_m":39.5},"type":"Feature"},{"geometry":{"coordinates":[[[144.962069,-37.823772],[144.962042,-37.82374],[144.962027,-37.823753],[144.962005,-37.823772],[144.961948,-37.823749],[144.961817,-37.82386],[144.961852,-37.823903],[144.961828,-37.823923],[144.961821,-37.823929],[144.961863,-37.823948],[144.961919,-37.82399],[144.961908,-37.824],[144.961944,-37.824015],[144.961994,-37.824062],[144.962053,-37.824012],[144.962118,-37.823984],[144.962113,-37.823979],[144.962157,-37.823929],[144.962162,-37.82393],[144.962224,-37.823876],[144.96225,-37.823853],[144.962205,-37.823833],[144.962186,-37.823824],[144.962157,-37.823789],[144.96214,-37.823804],[144.962069,-37.823772]]],"type":"Polygon"},"properties":{"base_m":104.5,"date_captured":"2018-05-28","footprint_type":"Structure","structure_id":"801734","top_m":108.5},"type":"Feature"},{"geometry":{"coordinates":[[[144.962086,-37.822129],[144.962256,-37.822021],[144.962277,-37.822019],[144.962307,-37.822016],[144.962336,-37.822011],[144.962311,-37.821986],[144.96276,-37.821701],[144.962568,-37.821514],[144.962459,-37.821406],[144.962323,-37.821272],[144.961635,-37.82171],[144.961628,-37.821715],[144.961766,-37.821851],[144.961937,-37.82202],[144.961939,-37.822022],[144.961951,-37.822034],[144.961989,-37.822039],[144.961952,-37.822148],[144.961924,-37.822232],[144.962086,-37.822129]]],"type":"Polygon"},"properties":{"base_m":0.0,"date_captured":"2018-05-28","footprint_type":"Structure","structure_id":"810264","top_m":16.5},"type":"Feature"},{"geometry":{"coordinates":[[[144.962111,-37.825378],[144.962058,-37.825423],[144.961945,-37.82552],[144.96208,-37.825619],[144.962072,-37.825626],[144.962123,-37.825664],[144.962131,-37.825657],[144.96215,-37.825671],[144.962315,-37.825529],[144.962246,-37.825479],[144.962252,-37.825473],[144.962192,-37.825428],[144.962186,-37.825433],[144.962111,-37.825378]]],"type":"Polygon"},"properties":{"base_m":112.5,"date_captured":"2018-05-28","footprint_type":"Structure","structure_id":"814806","top_m":116.0},"type":"Feature"},{"geometry":{"coordinates":[[[144.962121,-37.821899],[144.962047,-37.821825],[144.962042,-37.821821],[144.962027,-37.821809],[144.962011,-37.821798],[144.961994,-37.821787],[144.961976,-37.821778],[144.961958,-37.821769],[144.961954,-37.821768],[144.961935,-37.82176],[144.961915,-37.821753],[144.961895,-37.821748],[144.961874,-37.821743],[144.961853,-37.82174],[144.961832,-37.821737],[144.962043,-37.821949],[144.962121,-37.821899]]],"type":"Polygon"},"properties":{"base_m":197.0,"date_captured":"2018-05-28","footprint_type":"Structure","structure_id":"810264","top_m":204.5},"type":"Feature"},{"geometry":{"coordinates":[[[144.962138,-37.823874],[144.962107,-37.823831],[144.96214,-37.823804],[144.962069,-37.823772],[144.962042,-37.82374],[144.962027,-37.823753],[144.962005,-37.823772],[144.961852,-37.823903],[144.961828,-37.823923],[144.961821,-37.823929],[144.961863,-37.823948],[144.961919,-37.82399],[144.961944,-37.823969],[144.962,-37.823991],[144.962138,-37.823874]]],"type":"Polygon"},"properties":{"base_m":108.5,"date_captured":"2018-05-28","footprint_type":"Structure","structure_id":"801734","top_m":111.5},"type":"Feature"},{"geometry":{"coordinates":[[[144.96214,-37.823804],[144.962069,-37.823772],[144.962042,-37.82374],[144.962027,-37.823753],[144.962005,-37.823772],[144.961852,-37.823903],[144.961828,-37.823923],[144.961821,-37.823929],[144.961863,-37.823948],[144.961919,-37.82399],[144.961944,-37.823969],[144.962107,-37.823831],[144.96214,-37.823804]]],"type":"Polygon"},"properties":{"base_m":111.5,"date_captured":"2018-05-28","footprint_type":"Structure","structure_id":"801734","top_m":117.0},"type":"Feature"},{"geometry":{"coordinates":[[[144.962155,-37.822019],[144.962259,-37.821951],[144.962086,-37.821788],[144.962066,-37.821774],[144.962042,-37.82176],[144.962017,-37.821747],[144.961991,-37.821735],[144.961964,-37.821725],[144.961936,-37.821716],[144.961908,-37.821708],[144.961879,-37.821702],[144.96185,-37.821697],[144.961846,-37.821697],[144.961833,-37.821695],[144.961804,-37.821693],[144.961774,-37.821692],[144.961744,-37.821692],[144.961714,-37.821694],[144.961684,-37.821698],[144.961655,-37.821703],[144.961957,-37.822002],[144.961963,-37.822007],[144.962046,-37.822089],[144.962155,-37.822019]]],"type":"Polygon"},"properties":{"base_m":154.5,"date_captured":"2018-05-28","footprint_type":"Structure","structure_id":"810264","top_m":197.0},"type":"Feature"},{"geometry":{"coordinates":[[[144.962167,-37.825547],[144.962096,-37.825495],[144.962024,-37.825556],[144.962095,-37.825608],[144.962167,-37.825547]]],"type":"Polygon"},"properties":{"base_m":116.0,"date_captured":"2018-05-28","footprint_type":"Structure","structure_id":"814806","top_m":119.0},"type":"Feature"},{"geometry":{"coordinates":[[[144.962183,-37.825329],[144.962154,-37.825353],[144.962143,-37.825345],[144.961942,-37.825517],[144.961918,-37.825537],[144.961907,-37.825547],[144.961927,-37.825561],[144.961897,-37.825586],[144.962067,-37.825711],[144.962097,-37.825685],[144.962116,-37.825699],[144.96215,-37.825671],[144.962315,-37.825529],[144.962348,-37.825501],[144.962328,-37.825486],[144.96236,-37.825459],[144.962183,-37.825329]]],"type":"Polygon"},"properties":{"base_m":110.0,"date_captured":"2018-05-28","footprint_type":"Structure","structure_id":"814806","top_m":112.5},"type":"Feature"},{"geometry":{"coordinates":[[[144.962189,-37.825143],[144.962222,-37.825115],[144.962262,-37.825082],[144.9625,-37.824879],[144.962631,-37.824768],[144.96263,-37.824767],[144.962648,-37.824752],[144.96275,-37.824665],[144.962639,-37.824582],[144.962263,-37.824304],[144.961608,-37.824862],[144.961651,-37.824894],[144.962033,-37.825177],[144.962095,-37.825223],[144.962189,-37.825143]]],"type":"Polygon"},"properties":{"base_m":0.0,"date_captured":"2018-05-28","footprint_type":"Structure","structure_id":"800296","top_m":12.0},"type":"Feature"},{"geometry":{"coordinates":[[[144.962197,-37.826893],[144.962275,-37.826858],[144.962399,-37.826803],[144.962567,-37.826759],[144.962625,-37.826742],[144.962759,-37.826695],[144.962946,-37.826681],[144.96292,-37.826662],[144.962931,-37.826659],[144.962632,-37.826438],[144.962426,-37.826613],[144.962373,-37.826658],[144.962349,-37.826679],[144.962325,-37.826699],[144.962254,-37.826759],[144.96219,-37.826813],[144.962139,-37.826856],[144.962193,-37.826895],[144.962197,-37.826893]]],"type":"Polygon"},"properties":{"base_m":0.0,"date_captured":"2018-05-28","footprint_type":"Structure","structure_id":"805972","top_m":25.5},"type":"Feature"},{"geometry":{"coordinates":[[[144.962218,-37.824424],[144.962206,-37.824415],[144.962116,-37.824492],[144.962127,-37.8245],[144.962228,-37.824575],[144.962207,-37.824594],[144.962294,-37.824658],[144.962267,-37.824681],[144.962358,-37.824749],[144.962377,-37.824733],[144.962445,-37.824784],[144.962599,-37.824653],[144.962532,-37.824603],[144.962549,-37.824588],[144.962492,-37.824546],[144.962458,-37.824521],[144.962449,-37.824529],[144.96244,-37.824537],[144.962385,-37.824496],[144.962351,-37.824471],[144.962344,-37.824477],[144.962319,-37.824499],[144.962218,-37.824424]]],"type":"Polygon"},"properties":{"base_m":87.0,"date_captured":"2018-05-28","footprint_type":"Structure","structure_id":"807760","top_m":96.5},"type":"Feature"},{"geometry":{"coordinates":[[[144.962225,-37.823942],[144.962267,-37.823907],[144.962246,-37.823892],[144.962224,-37.823876],[144.96225,-37.823853],[144.962205,-37.823833],[144.962241,-37.823792],[144.962253,-37.823779],[144.962011,-37.823657],[144.961951,-37.823627],[144.961889,-37.8236],[144.961839,-37.823581],[144.961773,-37.82356],[144.961706,-37.823542],[144.961637,-37.823527],[144.961613,-37.823523],[144.96161,-37.823533],[144.961532,-37.823769],[144.961518,-37.82381],[144.961565,-37.823845],[144.961941,-37.824121],[144.961982,-37.824149],[144.962225,-37.823942]]],"type":"Polygon"},"properties":{"base_m":17.5,"date_captured":"2018-05-28","footprint_type":"Structure","structure_id":"801734","top_m":25.0},"type":"Feature"},{"geometry":{"coordinates":[[[144.962225,-37.823942],[144.962267,-37.823907],[144.962246,-37.823892],[144.962287,-37.823856],[144.962241,-37.823792],[144.962253,-37.823779],[144.962011,-37.823657],[144.961951,-37.823627],[144.961889,-37.8236],[144.961839,-37.823581],[144.961773,-37.82356],[144.961706,-37.823542],[144.961637,-37.823527],[144.961613,-37.823523],[144.96161,-37.823533],[144.961532,-37.823769],[144.961518,-37.82381],[144.961565,-37.823845],[144.961941,-37.824121],[144.961982,-37.824149],[144.962225,-37.823942]]],"type":"Polygon"},"properties":{"base_m":0.0,"date_captured":"2018-05-28","footprint_type":"Structure","structure_id":"801734","top_m":17.5},"type":"Feature"},{"geometry":{"coordinates":[[[144.962243,-37.824402],[144.962218,-37.824424],[144.962206,-37.824415],[144.962116,-37.824492],[144.962127,-37.8245],[144.962105,-37.824519],[144.961859,-37.824729],[144.961833,-37.82475],[144.961822,-37.824742],[144.961731,-37.824819],[144.961743,-37.824827],[144.961721,-37.824846],[144.961822,-37.824921],[144.96191,-37.824985],[144.961883,-37.825008],[144.961974,-37.825076],[144.961962,-37.825085],[144.962033,-37.825138],[144.962056,-37.825118],[144.962068,-37.825126],[144.962114,-37.825088],[144.962189,-37.825143],[144.962222,-37.825115],[144.962262,-37.825082],[144.9625,-37.824879],[144.962631,-37.824768],[144.96263,-37.824767],[144.962648,-37.824752],[144.962573,-37.824697],[144.962622,-37.824656],[144.962608,-37.824646],[144.962631,-37.824626],[144.962562,-37.824575],[144.962558,-37.824579],[144.962502,-37.824537],[144.962468,-37.824513],[144.962458,-37.824521],[144.962449,-37.824529],[144.962394,-37.824488],[144.962361,-37.824463],[144.962351,-37.824471],[144.962344,-37.824477],[144.962243,-37.824402]]],"type":"Polygon"},"properties":{"base_m":12.0,"date_captured":"2018-05-28","footprint_type":"Structure","structure_id":"800296","top_m":18.0},"type":"Feature"},{"geometry":{"coordinates":[[[144.962243,-37.824402],[144.962218,-37.824424],[144.962206,-37.824415],[144.962116,-37.824492],[144.962127,-37.8245],[144.962105,-37.824519],[144.962207,-37.824594],[144.962294,-37.824658],[144.962267,-37.824681],[144.962358,-37.824749],[144.962347,-37.824759],[144.962418,-37.824811],[144.962441,-37.824791],[144.962453,-37.8248],[144.962573,-37.824697],[144.962622,-37.824656],[144.962608,-37.824646],[144.962631,-37.824626],[144.962562,-37.824575],[144.962558,-37.824579],[144.962502,-37.824537],[144.962468,-37.824513],[144.962458,-37.824521],[144.962449,-37.824529],[144.962394,-37.824488],[144.962361,-37.824463],[144.962351,-37.824471],[144.962344,-37.824477],[144.962243,-37.824402]]],"type":"Polygon"},"properties":{"base_m":0.0,"date_captured":"2018-05-28","footprint_type":"Structure","structure_id":"807760","top_m":83.5},"type":"Feature"},{"geometry":{"coordinates":[[[144.962243,-37.824402],[144.962218,-37.824424],[144.962206,-37.824415],[144.962116,-37.824492],[144.962127,-37.8245],[144.962105,-37.824519],[144.962207,-37.824594],[144.962294,-37.824658],[144.962267,-37.824681],[144.962358,-37.824749],[144.962347,-37.824759],[144.962418,-37.824811],[144.962441,-37.824791],[144.962453,-37.8248],[144.962573,-37.824697],[144.962622,-37.824656],[144.962608,-37.824646],[144.962631,-37.824626],[144.962562,-37.824575],[144.962558,-37.824579],[144.962502,-37.824537],[144.962492,-37.824546],[144.962458,-37.824521],[144.962449,-37.824529],[144.962394,-37.824488],[144.962385,-37.824496],[144.962351,-37.824471],[144.962344,-37.824477],[144.962243,-37.824402]]],"type":"Polygon"},"properties":{"base_m":83.5,"date_captured":"2018-05-28","footprint_type":"Structure","structure_id":"807760","top_m":87.0},"type":"Feature"},{"geometry":{"coordinates":[[[144.962264,-37.824303],[144.962606,-37.824554],[144.96264,-37.824579],[144.96274,-37.824493],[144.962363,-37.824215],[144.962264,-37.824303]]],"type":"Polygon"},"properties":{"base_m":0.0,"date_captured":"2023-05-11","footprint_type":"Structure","structure_id":"819347","top_m":19.4},"type":"Feature"},{"geometry":{"coordinates":[[[144.962275,-37.826858],[144.962399,-37.826803],[144.962567,-37.826759],[144.962552,-37.826716],[144.962502,-37.826683],[144.962506,-37.826672],[144.962471,-37.826637],[144.96246,-37.826626],[144.962435,-37.826616],[144.962426,-37.826613],[144.962373,-37.826658],[144.962349,-37.826679],[144.962325,-37.826699],[144.962254,-37.826759],[144.96219,-37.826813],[144.962191,-37.826822],[144.962195,-37.826871],[144.962197,-37.826893],[144.962275,-37.826858]]],"type":"Polygon"},"properties":{"base_m":95.0,"date_captured":"2018-05-28","footprint_type":"Structure","structure_id":"811854","top_m":98.5},"type":"Feature"},{"geometry":{"coordinates":[[[144.962336,-37.822011],[144.962311,-37.821986],[144.96276,-37.821701],[144.962568,-37.821514],[144.962459,-37.821406],[144.962323,-37.821272],[144.961635,-37.82171],[144.961628,-37.821715],[144.961766,-37.821851],[144.961937,-37.82202],[144.961939,-37.822022],[144.961963,-37.822007],[144.962046,-37.822089],[144.962086,-37.822129],[144.962256,-37.822021],[144.962277,-37.822019],[144.962307,-37.822016],[144.962336,-37.822011]]],"type":"Polygon"},"properties":{"base_m":16.5,"date_captured":"2018-05-28","footprint_type":"Structure","structure_id":"810264","top_m":36.0},"type":"Feature"},{"geometry":{"coordinates":[[[144.962356,-37.826722],[144.962377,-37.826738],[144.962425,-37.826698],[144.962373,-37.826658],[144.962349,-37.826679],[144.962325,-37.826699],[144.962356,-37.826722]]],"type":"Polygon"},"properties":{"base_m":100.5,"date_captured":"2018-05-28","footprint_type":"Structure","structure_id":"811854","top_m":104.5},"type":"Feature"},{"geometry":{"coordinates":[[[144.962361,-37.82551],[144.962348,-37.825501],[144.962379,-37.825474],[144.96236,-37.825459],[144.962183,-37.825329],[144.96216,-37.825313],[144.961931,-37.825508],[144.961942,-37.825517],[144.961918,-37.825537],[144.961907,-37.825547],[144.961877,-37.825572],[144.961897,-37.825586],[144.962067,-37.825711],[144.962086,-37.825725],[144.962116,-37.825699],[144.96215,-37.825671],[144.962163,-37.82568],[144.962361,-37.82551]]],"type":"Polygon"},"properties":{"base_m":21.5,"date_captured":"2018-05-28","footprint_type":"Structure","structure_id":"814806","top_m":110.0},"type":"Feature"},{"geometry":{"coordinates":[[[144.962361,-37.82551],[144.962348,-37.825501],[144.962379,-37.825474],[144.96236,-37.825459],[144.962183,-37.825329],[144.96216,-37.825313],[144.962007,-37.8252],[144.961791,-37.825383],[144.961753,-37.825415],[144.961675,-37.825482],[144.961847,-37.825609],[144.96188,-37.825581],[144.961863,-37.825569],[144.961908,-37.82553],[144.961918,-37.825537],[144.961907,-37.825547],[144.961877,-37.825572],[144.961897,-37.825586],[144.962067,-37.825711],[144.962086,-37.825725],[144.962116,-37.825699],[144.96215,-37.825671],[144.962163,-37.82568],[144.962361,-37.82551]]],"type":"Polygon"},"properties":{"base_m":19.0,"date_captured":"2018-05-28","footprint_type":"Structure","structure_id":"814806","top_m":21.5},"type":"Feature"},{"geometry":{"coordinates":[[[144.962425,-37.826698],[144.962373,-37.826658],[144.962349,-37.826679],[144.962325,-37.826699],[144.962254,-37.826759],[144.962284,-37.826782],[144.962356,-37.826722],[144.962377,-37.826738],[144.962425,-37.826698]]],"type":"Polygon"},"properties":{"base_m":98.5,"date_captured":"2018-05-28","footprint_type":"Structure","structure_id":"811854","top_m":100.5},"type":"Feature"},{"geometry":{"coordinates":[[[144.962444,-37.82277],[144.962121,-37.822539],[144.962027,-37.822622],[144.96205,-37.822639],[144.962021,-37.822666],[144.961957,-37.822721],[144.961959,-37.822722],[144.962236,-37.82292],[144.962297,-37.822866],[144.962329,-37.822838],[144.96235,-37.822853],[144.962444,-37.82277]]],"type":"Polygon"},"properties":{"base_m":92.0,"date_captured":"2018-05-28","footprint_type":"Structure","structure_id":"810471","top_m":102.0},"type":"Feature"},{"geometry":{"coordinates":[[[144.962445,-37.825483],[144.962095,-37.825223],[144.962033,-37.825177],[144.962007,-37.8252],[144.961791,-37.825383],[144.961753,-37.825415],[144.961675,-37.825482],[144.961847,-37.825609],[144.962088,-37.825788],[144.962445,-37.825483]]],"type":"Polygon"},"properties":{"base_m":0.0,"date_captured":"2018-05-28","footprint_type":"Structure","structure_id":"814806","top_m":19.0},"type":"Feature"},{"geometry":{"coordinates":[[[144.962476,-37.826609],[144.96244,-37.82661],[144.962435,-37.826616],[144.962426,-37.826613],[144.962373,-37.826658],[144.962349,-37.826679],[144.962325,-37.826699],[144.962254,-37.826759],[144.96219,-37.826813],[144.962191,-37.826822],[144.962165,-37.826845],[144.962177,-37.826871],[144.962195,-37.826871],[144.962197,-37.826893],[144.962275,-37.826858],[144.962399,-37.826803],[144.962567,-37.826759],[144.962552,-37.826716],[144.962502,-37.826683],[144.962506,-37.826672],[144.962471,-37.826637],[144.96248,-37.826627],[144.962476,-37.826609]]],"type":"Polygon"},"properties":{"base_m":0.0,"date_captured":"2018-05-28","footprint_type":"Structure","structure_id":"811854","top_m":95.0},"type":"Feature"},{"geometry":{"coordinates":[[[144.962538,-37.822864],[144.962635,-37.822778],[144.962145,-37.82243],[144.962022,-37.822342],[144.961914,-37.822437],[144.96202,-37.822513],[144.961925,-37.822597],[144.962021,-37.822666],[144.961959,-37.822722],[144.962236,-37.82292],[144.962297,-37.822866],[144.962457,-37.82298],[144.962566,-37.822884],[144.962538,-37.822864]]],"type":"Polygon"},"properties":{"base_m":28.0,"date_captured":"2018-05-28","footprint_type":"Structure","structure_id":"810471","top_m":92.0},"type":"Feature"},{"geometry":{"coordinates":[[[144.962631,-37.824066],[144.962621,-37.824059],[144.962609,-37.824069],[144.962559,-37.824111],[144.962549,-37.824104],[144.962482,-37.824161],[144.962492,-37.824168],[144.962431,-37.82422],[144.962556,-37.824313],[144.962546,-37.824322],[144.962572,-37.824341],[144.96258,-37.824346],[144.962588,-37.824351],[144.962594,-37.824357],[144.962596,-37.824359],[144.962611,-37.82437],[144.962623,-37.82436],[144.962748,-37.824452],[144.962807,-37.824402],[144.962817,-37.824408],[144.962885,-37.824351],[144.962876,-37.824344],[144.962937,-37.824292],[144.962873,-37.824244],[144.962882,-37.824236],[144.96269,-37.824093],[144.962679,-37.824102],[144.962631,-37.824066]]],"type":"Polygon"},"properties":{"base_m":17.5,"date_captured":"2018-05-28","footprint_type":"Structure","structure_id":"806352","top_m":75.5},"type":"Feature"},{"geometry":{"coordinates":[[[144.962632,-37.826438],[144.962551,-37.826378],[144.962506,-37.826416],[144.962247,-37.826225],[144.962292,-37.826186],[144.962211,-37.826126],[144.961927,-37.826366],[144.962349,-37.826679],[144.962373,-37.826658],[144.962426,-37.826613],[144.962632,-37.826438]]],"type":"Polygon"},"properties":{"base_m":0.0,"date_captured":"2018-05-28","footprint_type":"Structure","structure_id":"807980","top_m":9.0},"type":"Feature"},{"geometry":{"coordinates":[[[144.962642,-37.824437],[144.962596,-37.824403],[144.962607,-37.824395],[144.962524,-37.824334],[144.962515,-37.824343],[144.962464,-37.824305],[144.962457,-37.824311],[144.96238,-37.824275],[144.962326,-37.82433],[144.962612,-37.824544],[144.962688,-37.824502],[144.962635,-37.824443],[144.962642,-37.824437]]],"type":"Polygon"},"properties":{"base_m":19.4,"date_captured":"2023-05-11","footprint_type":"Structure","structure_id":"819347","top_m":51.6},"type":"Feature"},{"geometry":{"coordinates":[[[144.962657,-37.82341],[144.962447,-37.823254],[144.962401,-37.823293],[144.962525,-37.823385],[144.962535,-37.823377],[144.962586,-37.823414],[144.962601,-37.823401],[144.962636,-37.823427],[144.962657,-37.82341]]],"type":"Polygon"},"properties":{"base_m":24.0,"date_captured":"2018-05-28","footprint_type":"Structure","structure_id":"808919","top_m":26.5},"type":"Feature"},{"geometry":{"coordinates":[[[144.962657,-37.824041],[144.962655,-37.824039],[144.962652,-37.824037],[144.962649,-37.824036],[144.962647,-37.824034],[144.962644,-37.824033],[144.962641,-37.824032],[144.962638,-37.824031],[144.962635,-37.82403],[144.962632,-37.82403],[144.962628,-37.824029],[144.962625,-37.824029],[144.962622,-37.824029],[144.962618,-37.824029],[144.962617,-37.824029],[144.962614,-37.824029],[144.962611,-37.82403],[144.962607,-37.82403],[144.962604,-37.824031],[144.962601,-37.824032],[144.962598,-37.824033],[144.962595,-37.824034],[144.962592,-37.824035],[144.96259,-37.824037],[144.962587,-37.824038],[144.962585,-37.82404],[144.962582,-37.824042],[144.96258,-37.824044],[144.962578,-37.824046],[144.962572,-37.824042],[144.962367,-37.824216],[144.962743,-37.824494],[144.962989,-37.824284],[144.962661,-37.824041],[144.962659,-37.824042],[144.962657,-37.824041]]],"type":"Polygon"},"properties":{"base_m":0.0,"date_captured":"2018-05-28","footprint_type":"Structure","structure_id":"806352","top_m":11.5},"type":"Feature"},{"geometry":{"coordinates":[[[144.962661,-37.824041],[144.962659,-37.824042],[144.962631,-37.824066],[144.962621,-37.824059],[144.962609,-37.824069],[144.962578,-37.824046],[144.962572,-37.824042],[144.962367,-37.824216],[144.962743,-37.824494],[144.962989,-37.824284],[144.962661,-37.824041]]],"type":"Polygon"},"properties":{"base_m":11.5,"date_captured":"2018-05-28","footprint_type":"Structure","structure_id":"806352","top_m":17.5},"type":"Feature"},{"geometry":{"coordinates":[[[144.962668,-37.82648],[144.962653,-37.826462],[144.962611,-37.826507],[144.962618,-37.82651],[144.96261,-37.826518],[144.962603,-37.826515],[144.962535,-37.82656],[144.962554,-37.826572],[144.96253,-37.826595],[144.962587,-37.82669],[144.962604,-37.826686],[144.962625,-37.826742],[144.962759,-37.826695],[144.962946,-37.826681],[144.96292,-37.826662],[144.962822,-37.82659],[144.96279,-37.826578],[144.962782,-37.826556],[144.962733,-37.826539],[144.962668,-37.82648]]],"type":"Polygon"},"properties":{"base_m":25.5,"date_captured":"2018-05-28","footprint_type":"Structure","structure_id":"805972","top_m":109.0},"type":"Feature"},{"geometry":{"coordinates":[[[144.962677,-37.824893],[144.962628,-37.824935],[144.962624,-37.824932],[144.962584,-37.824966],[144.962579,-37.824962],[144.96255,-37.824986],[144.96252,-37.825012],[144.962494,-37.825034],[144.9625,-37.825038],[144.96246,-37.825072],[144.962465,-37.825075],[144.962416,-37.825117],[144.962525,-37.825197],[144.962544,-37.825181],[144.962593,-37.825217],[144.962601,-37.825223],[144.962533,-37.825281],[144.962519,-37.82527],[144.962407,-37.825366],[144.962457,-37.825402],[144.962449,-37.825409],[144.962493,-37.825441],[144.962668,-37.825292],[144.962657,-37.825284],[144.962669,-37.825273],[144.962661,-37.825267],[144.962673,-37.825257],[144.962681,-37.825262],[144.962745,-37.825209],[144.962805,-37.825158],[144.962946,-37.825038],[144.96293,-37.825026],[144.962953,-37.825006],[144.96288,-37.824952],[144.962805,-37.825017],[144.962768,-37.82499],[144.962787,-37.824974],[144.962773,-37.824964],[144.962785,-37.824953],[144.962746,-37.824924],[144.962734,-37.824935],[144.962677,-37.824893]]],"type":"Polygon"},"properties":{"base_m":13.5,"date_captured":"2018-05-28","footprint_type":"Structure","structure_id":"808515","top_m":18.5},"type":"Feature"},{"geometry":{"coordinates":[[[144.962677,-37.824893],[144.962628,-37.824935],[144.962624,-37.824932],[144.962584,-37.824966],[144.962579,-37.824962],[144.96255,-37.824986],[144.96252,-37.825012],[144.962494,-37.825034],[144.9625,-37.825038],[144.96246,-37.825072],[144.962465,-37.825075],[144.962416,-37.825117],[144.962525,-37.825197],[144.962544,-37.825181],[144.962593,-37.825217],[144.962601,-37.825223],[144.962642,-37.825253],[144.962717,-37.825189],[144.962745,-37.825209],[144.962805,-37.825158],[144.962777,-37.825137],[144.962866,-37.825061],[144.962827,-37.825033],[144.962817,-37.825026],[144.962805,-37.825017],[144.962768,-37.82499],[144.962787,-37.824974],[144.962773,-37.824964],[144.962785,-37.824953],[144.962746,-37.824924],[144.962734,-37.824935],[144.962677,-37.824893]]],"type":"Polygon"},"properties":{"base_m":18.5,"date_captured":"2018-05-28","footprint_type":"Structure","structure_id":"808515","top_m":80.5},"type":"Feature"},{"geometry":{"coordinates":[[[144.96269,-37.824093],[144.962679,-37.824102],[144.962618,-37.824155],[144.962559,-37.824111],[144.962549,-37.824104],[144.962482,-37.824161],[144.962492,-37.824168],[144.962606,-37.824252],[144.962693,-37.824317],[144.962807,-37.824402],[144.962817,-37.824408],[144.962885,-37.824351],[144.962876,-37.824344],[144.962811,-37.824296],[144.962873,-37.824244],[144.962882,-37.824236],[144.96269,-37.824093]]],"type":"Polygon"},"properties":{"base_m":75.5,"date_captured":"2018-05-28","footprint_type":"Structure","structure_id":"806352","top_m":78.0},"type":"Feature"},{"geometry":{"coordinates":[[[144.962693,-37.824317],[144.962758,-37.824261],[144.962671,-37.824197],[144.962606,-37.824252],[144.962693,-37.824317]]],"type":"Polygon"},"properties":{"base_m":78.0,"date_captured":"2018-05-28","footprint_type":"Structure","structure_id":"806352","top_m":80.5},"type":"Feature"},{"geometry":{"coordinates":[[[144.962694,-37.824814],[144.962631,-37.824768],[144.9625,-37.824879],[144.962564,-37.824925],[144.962694,-37.824814]]],"type":"Polygon"},"properties":{"base_m":13.5,"date_captured":"2018-05-28","footprint_type":"Structure","structure_id":"808515","top_m":17.5},"type":"Feature"},{"geometry":{"coordinates":[[[144.962719,-37.826635],[144.9627,-37.826585],[144.962635,-37.8266],[144.962654,-37.826651],[144.962719,-37.826635]]],"type":"Polygon"},"properties":{"base_m":113.0,"date_captured":"2018-05-28","footprint_type":"Structure","structure_id":"805972","top_m":118.5},"type":"Feature"},{"geometry":{"coordinates":[[[144.962728,-37.823463],[144.962676,-37.823425],[144.962657,-37.82341],[144.962447,-37.823254],[144.962334,-37.823171],[144.962191,-37.823291],[144.962585,-37.823583],[144.962728,-37.823463]]],"type":"Polygon"},"properties":{"base_m":0.0,"date_captured":"2018-05-28","footprint_type":"Structure","structure_id":"808919","top_m":24.0},"type":"Feature"},{"geometry":{"coordinates":[[[144.962734,-37.824935],[144.962677,-37.824893],[144.962628,-37.824935],[144.962624,-37.824932],[144.962584,-37.824966],[144.962579,-37.824962],[144.96255,-37.824986],[144.96252,-37.825012],[144.962494,-37.825034],[144.9625,-37.825038],[144.96246,-37.825072],[144.962465,-37.825075],[144.962416,-37.825117],[144.962525,-37.825197],[144.962544,-37.825181],[144.962593,-37.825217],[144.962601,-37.825223],[144.962642,-37.825253],[144.962717,-37.825189],[144.962745,-37.825209],[144.962805,-37.825158],[144.962777,-37.825137],[144.962866,-37.825061],[144.962827,-37.825033],[144.962817,-37.825026],[144.962805,-37.825017],[144.962768,-37.82499],[144.962787,-37.824974],[144.962773,-37.824964],[144.962734,-37.824935]]],"type":"Polygon"},"properties":{"base_m":80.5,"date_captured":"2018-05-28","footprint_type":"Structure","structure_id":"808515","top_m":83.0},"type":"Feature"},{"geometry":{"coordinates":[[[144.962734,-37.824935],[144.962677,-37.824893],[144.962628,-37.824935],[144.962624,-37.824932],[144.962584,-37.824966],[144.962579,-37.824962],[144.96255,-37.824986],[144.96252,-37.825012],[144.962494,-37.825034],[144.9625,-37.825038],[144.96246,-37.825072],[144.962465,-37.825075],[144.962416,-37.825117],[144.962525,-37.825197],[144.962544,-37.825181],[144.962593,-37.825217],[144.962661,-37.825159],[144.962668,-37.825153],[144.962717,-37.825189],[144.962745,-37.825209],[144.962805,-37.825158],[144.962777,-37.825137],[144.962729,-37.825101],[144.962749,-37.825084],[144.962817,-37.825026],[144.962805,-37.825017],[144.962768,-37.82499],[144.962787,-37.824974],[144.962773,-37.824964],[144.962734,-37.824935]]],"type":"Polygon"},"properties":{"base_m":83.0,"date_captured":"2018-05-28","footprint_type":"Structure","structure_id":"808515","top_m":86.5},"type":"Feature"},{"geometry":{"coordinates":[[[144.962736,-37.82108],[144.96276,-37.821139],[144.962855,-37.821114],[144.962889,-37.821195],[144.962989,-37.821169],[144.962891,-37.820936],[144.962799,-37.82096],[144.962697,-37.820987],[144.962736,-37.82108]]],"type":"Polygon"},"properties":{"base_m":35.0,"date_captured":"2018-05-28","footprint_type":"Structure","structure_id":"816627","top_m":40.0},"type":"Feature"},{"geometry":{"coordinates":[[[144.962745,-37.825209],[144.962805,-37.825158],[144.962946,-37.825038],[144.96293,-37.825026],[144.962953,-37.825006],[144.96288,-37.824952],[144.962694,-37.824814],[144.962631,-37.824768],[144.9625,-37.824879],[144.962262,-37.825082],[144.962222,-37.825115],[144.962189,-37.825143],[144.962095,-37.825223],[144.962445,-37.825483],[144.962493,-37.825441],[144.962668,-37.825292],[144.962657,-37.825284],[144.962669,-37.825273],[144.962661,-37.825267],[144.962673,-37.825257],[144.962681,-37.825262],[144.962745,-37.825209]]],"type":"Polygon"},"properties":{"base_m":0.0,"date_captured":"2018-05-28","footprint_type":"Structure","structure_id":"808515","top_m":13.5},"type":"Feature"},{"geometry":{"coordinates":[[[144.962749,-37.825084],[144.962661,-37.82502],[144.962574,-37.825095],[144.962661,-37.825159],[144.962668,-37.825153],[144.962729,-37.825101],[144.962749,-37.825084]]],"type":"Polygon"},"properties":{"base_m":89.5,"date_captured":"2018-05-28","footprint_type":"Structure","structure_id":"808515","top_m":93.0},"type":"Feature"},{"geometry":{"coordinates":[[[144.962757,-37.824659],[144.962835,-37.824717],[144.962881,-37.824678],[144.962851,-37.824656],[144.962872,-37.824638],[144.962824,-37.824602],[144.962779,-37.82464],[144.962757,-37.824659]]],"type":"Polygon"},"properties":{"base_m":13.5,"date_captured":"2018-05-28","footprint_type":"Structure","structure_id":"814230","top_m":16.5},"type":"Feature"},{"geometry":{"coordinates":[[[144.96277,-37.82089],[144.962764,-37.820877],[144.96257,-37.820929],[144.96248,-37.820953],[144.962638,-37.821106],[144.962669,-37.821098],[144.962697,-37.821164],[144.96273,-37.821155],[144.962759,-37.821224],[144.962796,-37.821214],[144.962826,-37.821285],[144.963108,-37.82121],[144.963046,-37.821064],[144.962982,-37.820911],[144.962891,-37.820936],[144.962799,-37.82096],[144.96277,-37.82089]]],"type":"Polygon"},"properties":{"base_m":31.0,"date_captured":"2018-05-28","footprint_type":"Structure","structure_id":"816627","top_m":35.0},"type":"Feature"},{"geometry":{"coordinates":[[[144.96277,-37.82089],[144.962764,-37.820877],[144.96257,-37.820929],[144.96248,-37.820953],[144.962638,-37.821106],[144.962669,-37.821098],[144.962736,-37.82108],[144.962697,-37.820987],[144.962799,-37.82096],[144.96277,-37.82089]]],"type":"Polygon"},"properties":{"base_m":35.0,"date_captured":"2018-05-28","footprint_type":"Structure","structure_id":"816627","top_m":40.0},"type":"Feature"},{"geometry":{"coordinates":[[[144.962787,-37.824974],[144.962773,-37.824964],[144.962734,-37.824935],[144.962677,-37.824893],[144.962628,-37.824935],[144.96262,-37.824941],[144.962626,-37.824945],[144.962594,-37.824973],[144.962584,-37.824966],[144.962579,-37.824962],[144.96255,-37.824986],[144.962562,-37.824995],[144.962532,-37.825021],[144.96252,-37.825012],[144.962494,-37.825034],[144.9625,-37.825038],[144.962508,-37.825044],[144.962478,-37.82507],[144.962474,-37.825068],[144.962465,-37.825075],[144.962416,-37.825117],[144.962525,-37.825197],[144.962544,-37.825181],[144.962593,-37.825217],[144.962661,-37.825159],[144.962668,-37.825153],[144.962717,-37.825189],[144.962745,-37.825209],[144.962805,-37.825158],[144.962777,-37.825137],[144.962729,-37.825101],[144.962749,-37.825084],[144.962817,-37.825026],[144.962805,-37.825017],[144.962768,-37.82499],[144.962787,-37.824974]]],"type":"Polygon"},"properties":{"base_m":86.5,"date_captured":"2018-05-28","footprint_type":"Structure","structure_id":"808515","top_m":89.5},"type":"Feature"},{"geometry":{"coordinates":[[[144.962828,-37.821822],[144.962664,-37.82188],[144.962667,-37.821887],[144.962679,-37.821917],[144.962508,-37.822029],[144.962511,-37.822033],[144.962463,-37.822063],[144.962458,-37.822059],[144.962352,-37.822126],[144.962381,-37.822155],[144.962377,-37.822158],[144.9626,-37.822379],[144.962454,-37.822509],[144.962558,-37.822583],[144.962723,-37.822701],[144.962768,-37.822733],[144.962955,-37.822567],[144.963008,-37.82252],[144.962966,-37.82249],[144.962971,-37.822485],[144.96308,-37.822393],[144.963047,-37.822359],[144.963119,-37.822316],[144.963131,-37.82232],[144.963252,-37.822243],[144.962828,-37.821822]]],"type":"Polygon"},"properties":{"base_m":0.0,"date_captured":"2018-05-28","footprint_type":"Structure","structure_id":"801668","top_m":26.0},"type":"Feature"},{"geometry":{"coordinates":[[[144.962828,-37.821822],[144.962664,-37.82188],[144.962667,-37.821887],[144.962679,-37.821917],[144.962682,-37.821925],[144.962697,-37.821956],[144.962693,-37.821957],[144.962661,-37.821977],[144.962655,-37.821971],[144.96253,-37.822051],[144.962535,-37.822055],[144.962958,-37.822472],[144.962965,-37.822479],[144.962971,-37.822485],[144.96308,-37.822393],[144.963047,-37.822359],[144.963119,-37.822316],[144.963131,-37.82232],[144.963252,-37.822243],[144.962828,-37.821822]]],"type":"Polygon"},"properties":{"base_m":26.0,"date_captured":"2018-05-28","footprint_type":"Structure","structure_id":"801668","top_m":136.0},"type":"Feature"},{"geometry":{"coordinates":[[[144.962946,-37.826681],[144.96292,-37.826662],[144.962822,-37.82659],[144.96279,-37.826578],[144.962767,-37.826569],[144.962733,-37.826539],[144.962668,-37.82648],[144.962618,-37.82651],[144.96261,-37.826518],[144.962554,-37.826572],[144.96253,-37.826595],[144.962587,-37.82669],[144.962604,-37.826686],[144.962625,-37.826742],[144.962759,-37.826695],[144.962946,-37.826681]]],"type":"Polygon"},"properties":{"base_m":109.0,"date_captured":"2018-05-28","footprint_type":"Structure","structure_id":"805972","top_m":113.0},"type":"Feature"},{"geometry":{"coordinates":[[[144.962958,-37.822472],[144.962535,-37.822055],[144.96243,-37.822121],[144.962852,-37.82254],[144.962958,-37.822472]]],"type":"Polygon"},"properties":{"base_m":26.0,"date_captured":"2018-05-28","footprint_type":"Structure","structure_id":"801668","top_m":29.5},"type":"Feature"},{"geometry":{"coordinates":[[[144.962996,-37.821372],[144.962993,-37.821365],[144.962923,-37.821384],[144.963031,-37.821489],[144.963045,-37.821485],[144.963043,-37.821482],[144.962996,-37.821372]]],"type":"Polygon"},"properties":{"base_m":79.0,"date_captured":"2018-05-28","footprint_type":"Structure","structure_id":"801935","top_m":82.0},"type":"Feature"},{"geometry":{"coordinates":[[[144.963037,-37.821361],[144.962996,-37.821372],[144.962993,-37.821365],[144.962923,-37.821384],[144.963031,-37.821489],[144.963045,-37.821485],[144.963043,-37.821482],[144.963054,-37.82148],[144.963079,-37.821504],[144.963246,-37.82146],[144.963237,-37.82144],[144.963089,-37.821479],[144.963072,-37.821464],[144.963051,-37.821415],[144.963059,-37.821413],[144.963037,-37.821361]]],"type":"Polygon"},"properties":{"base_m":76.5,"date_captured":"2018-05-28","footprint_type":"Structure","structure_id":"801935","top_m":79.0},"type":"Feature"},{"geometry":{"coordinates":[[[144.963043,-37.820817],[144.962861,-37.820865],[144.96277,-37.82089],[144.962764,-37.820877],[144.96257,-37.820929],[144.96248,-37.820953],[144.962638,-37.821106],[144.962697,-37.821164],[144.96275,-37.821216],[144.962759,-37.821224],[144.962796,-37.821214],[144.962826,-37.821285],[144.963108,-37.82121],[144.963046,-37.821064],[144.963137,-37.82104],[144.963043,-37.820817]]],"type":"Polygon"},"properties":{"base_m":27.5,"date_captured":"2018-05-28","footprint_type":"Structure","structure_id":"816627","top_m":31.0},"type":"Feature"},{"geometry":{"coordinates":[[[144.963043,-37.820817],[144.962861,-37.820865],[144.962856,-37.820853],[144.962764,-37.820877],[144.96257,-37.820929],[144.96248,-37.820953],[144.962638,-37.821106],[144.962697,-37.821164],[144.96275,-37.821216],[144.962759,-37.821224],[144.962796,-37.821214],[144.962826,-37.821285],[144.963108,-37.82121],[144.963046,-37.821064],[144.963137,-37.82104],[144.963043,-37.820817]]],"type":"Polygon"},"properties":{"base_m":0.0,"date_captured":"2018-05-28","footprint_type":"Structure","structure_id":"816627","top_m":27.5},"type":"Feature"},{"geometry":{"coordinates":[[[144.963051,-37.822551],[144.963008,-37.82252],[144.962955,-37.822567],[144.962996,-37.822597],[144.963041,-37.822559],[144.963051,-37.822551]]],"type":"Polygon"},"properties":{"base_m":6.0,"date_captured":"2018-05-28","footprint_type":"Structure","structure_id":"800588","top_m":9.0},"type":"Feature"},{"geometry":{"coordinates":[[[144.963091,-37.824489],[144.963041,-37.824533],[144.962981,-37.824488],[144.962867,-37.824585],[144.963018,-37.824696],[144.962988,-37.824721],[144.96306,-37.824774],[144.963078,-37.824759],[144.963151,-37.824813],[144.963226,-37.824749],[144.963252,-37.824727],[144.963381,-37.824617],[144.963346,-37.824591],[144.963333,-37.824603],[144.963292,-37.824573],[144.963276,-37.824587],[144.963185,-37.82452],[144.963161,-37.824541],[144.963091,-37.824489]]],"type":"Polygon"},"properties":{"base_m":13.5,"date_captured":"2018-05-28","footprint_type":"Structure","structure_id":"814230","top_m":97.0},"type":"Feature"},{"geometry":{"coordinates":[[[144.963091,-37.824489],[144.963041,-37.824533],[144.96301,-37.824559],[144.962996,-37.824549],[144.962936,-37.8246],[144.963019,-37.824661],[144.963039,-37.824644],[144.963131,-37.824712],[144.963088,-37.824749],[144.963149,-37.824795],[144.963213,-37.824739],[144.963226,-37.824749],[144.963252,-37.824727],[144.963381,-37.824617],[144.963346,-37.824591],[144.963333,-37.824603],[144.963292,-37.824573],[144.963276,-37.824587],[144.963185,-37.82452],[144.963161,-37.824541],[144.963091,-37.824489]]],"type":"Polygon"},"properties":{"base_m":97.0,"date_captured":"2018-05-28","footprint_type":"Structure","structure_id":"814230","top_m":100.5},"type":"Feature"},{"geometry":{"coordinates":[[[144.963119,-37.822316],[144.963131,-37.82232],[144.963252,-37.822243],[144.962828,-37.821822],[144.962664,-37.82188],[144.962667,-37.821887],[144.962679,-37.821917],[144.962682,-37.821925],[144.962697,-37.821956],[144.962701,-37.821963],[144.962705,-37.821972],[144.962728,-37.822008],[144.962753,-37.822044],[144.962728,-37.82206],[144.962795,-37.822127],[144.962851,-37.822182],[144.962916,-37.822248],[144.962951,-37.822227],[144.962987,-37.82225],[144.963025,-37.822273],[144.963048,-37.822285],[144.963089,-37.822304],[144.963119,-37.822316]]],"type":"Polygon"},"properties":{"base_m":136.0,"date_captured":"2018-05-28","footprint_type":"Structure","structure_id":"801668","top_m":159.0},"type":"Feature"},{"geometry":{"coordinates":[[[144.963174,-37.822446],[144.963051,-37.822551],[144.963041,-37.822559],[144.963141,-37.822634],[144.962801,-37.822932],[144.962686,-37.822847],[144.962325,-37.823164],[144.962334,-37.823171],[144.962447,-37.823254],[144.962657,-37.82341],[144.962676,-37.823425],[144.962843,-37.823277],[144.962699,-37.823174],[144.962882,-37.823009],[144.962891,-37.823013],[144.963087,-37.823124],[144.96328,-37.82291],[144.963418,-37.822757],[144.963396,-37.822744],[144.963398,-37.822744],[144.963408,-37.82274],[144.963419,-37.822736],[144.963429,-37.822732],[144.963438,-37.822727],[144.963447,-37.822721],[144.963456,-37.822716],[144.963464,-37.822709],[144.963472,-37.822703],[144.963479,-37.822696],[144.963482,-37.822692],[144.963486,-37.822688],[144.963492,-37.82268],[144.963497,-37.822672],[144.963502,-37.822664],[144.963506,-37.822656],[144.963509,-37.822647],[144.963512,-37.822638],[144.963514,-37.822629],[144.963515,-37.82262],[144.963515,-37.822611],[144.963515,-37.822602],[144.963514,-37.822593],[144.963514,-37.822588],[144.963511,-37.822579],[144.963509,-37.82257],[144.963505,-37.822561],[144.963501,-37.822553],[144.963496,-37.822544],[144.963491,-37.822536],[144.963485,-37.822529],[144.963478,-37.822521],[144.963471,-37.822514],[144.963463,-37.822508],[144.963455,-37.822501],[144.963446,-37.822496],[144.963437,-37.82249],[144.963428,-37.822486],[144.963419,-37.822481],[144.963408,-37.822477],[144.963398,-37.822474],[144.963387,-37.822471],[144.963376,-37.822469],[144.963365,-37.822467],[144.963354,-37.822466],[144.963343,-37.822465],[144.963332,-37.822465],[144.96332,-37.822466],[144.963318,-37.822466],[144.963307,-37.822467],[144.963296,-37.822469],[144.963285,-37.822471],[144.963274,-37.822474],[144.963264,-37.822477],[144.963253,-37.822481],[144.963244,-37.822485],[144.963234,-37.82249],[144.963174,-37.822446]]],"type":"Polygon"},"properties":{"base_m":6.0,"date_captured":"2018-05-28","footprint_type":"Structure","structure_id":"800588","top_m":10.0},"type":"Feature"},{"geometry":{"coordinates":[[[144.963197,-37.825986],[144.963442,-37.826311],[144.963456,-37.826304],[144.963475,-37.826333],[144.96354,-37.826277],[144.963544,-37.826282],[144.96355,-37.826288],[144.963558,-37.826294],[144.963566,-37.826299],[144.963574,-37.826304],[144.963583,-37.826309],[144.963593,-37.826312],[144.963603,-37.826315],[144.963613,-37.826318],[144.963623,-37.826319],[144.963634,-37.82632],[144.963644,-37.82632],[144.963655,-37.82632],[144.963665,-37.826318],[144.963675,-37.826316],[144.964059,-37.826106],[144.964068,-37.826119],[144.964181,-37.826086],[144.964169,-37.826071],[144.964181,-37.826065],[144.96377,-37.825542],[144.963785,-37.825534],[144.963732,-37.825467],[144.963703,-37.825463],[144.963474,-37.825572],[144.96347,-37.825575],[144.963466,-37.82558],[144.963462,-37.825584],[144.96346,-37.825589],[144.963458,-37.825594],[144.963497,-37.825667],[144.963545,-37.825756],[144.963483,-37.825787],[144.963328,-37.825747],[144.963151,-37.825897],[144.96315,-37.825899],[144.963148,-37.825905],[144.963146,-37.82591],[144.963146,-37.825916],[144.963146,-37.825922],[144.963197,-37.825986]]],"type":"Polygon"},"properties":{"base_m":14.7,"date_captured":"2022-01-20","footprint_type":"Structure","structure_id":"900623","top_m":17.5},"type":"Feature"},{"geometry":{"coordinates":[[[144.963218,-37.825975],[144.963197,-37.825986],[144.963442,-37.826311],[144.963456,-37.826304],[144.963475,-37.826333],[144.96354,-37.826277],[144.963544,-37.826282],[144.96355,-37.826288],[144.963558,-37.826294],[144.963566,-37.826299],[144.963574,-37.826304],[144.963583,-37.826309],[144.963593,-37.826312],[144.963603,-37.826315],[144.963613,-37.826318],[144.963623,-37.826319],[144.963634,-37.82632],[144.963644,-37.82632],[144.963655,-37.82632],[144.963665,-37.826318],[144.963675,-37.826316],[144.964059,-37.826106],[144.964068,-37.826119],[144.964181,-37.826086],[144.964169,-37.826071],[144.964181,-37.826065],[144.96377,-37.825542],[144.963768,-37.825543],[144.963725,-37.825483],[144.963695,-37.825484],[144.963516,-37.825655],[144.963514,-37.825659],[144.963514,-37.825659],[144.963497,-37.825667],[144.963568,-37.825799],[144.963428,-37.82587],[144.96342,-37.825864],[144.963406,-37.825857],[144.963392,-37.82585],[144.963377,-37.825844],[144.963362,-37.825839],[144.963346,-37.825835],[144.963331,-37.825831],[144.963313,-37.825828],[144.96331,-37.825827],[144.9633,-37.825827],[144.963289,-37.825828],[144.963278,-37.82583],[144.963267,-37.825833],[144.963257,-37.825836],[144.963247,-37.825841],[144.963238,-37.825846],[144.96323,-37.825852],[144.963223,-37.825859],[144.963216,-37.825866],[144.963211,-37.825874],[144.963207,-37.825882],[144.963204,-37.825891],[144.963202,-37.8259],[144.963202,-37.825908],[144.963203,-37.825917],[144.963205,-37.825931],[144.963208,-37.825946],[144.963213,-37.825961],[144.963218,-37.825975]]],"type":"Polygon"},"properties":{"base_m":20.9,"date_captured":"2022-01-20","footprint_type":"Structure","structure_id":"900623","top_m":27.4},"type":"Feature"},{"geometry":{"coordinates":[[[144.96323,-37.825852],[144.963223,-37.825859],[144.963216,-37.825866],[144.963211,-37.825874],[144.963207,-37.825882],[144.963204,-37.825891],[144.963202,-37.8259],[144.963202,-37.825908],[144.963203,-37.825917],[144.963205,-37.825931],[144.963208,-37.825946],[144.963213,-37.825961],[144.963218,-37.825975],[144.963224,-37.82599],[144.963231,-37.826004],[144.963239,-37.826018],[144.963248,-37.826032],[144.963258,-37.826045],[144.963269,-37.826058],[144.96328,-37.826071],[144.963292,-37.826083],[144.963305,-37.826094],[144.963319,-37.826105],[144.963333,-37.826115],[144.963348,-37.826125],[144.963364,-37.826134],[144.96338,-37.826143],[144.963397,-37.826151],[144.963414,-37.826158],[144.963431,-37.826165],[144.96345,-37.826171],[144.963458,-37.826173],[144.96347,-37.826174],[144.963481,-37.826175],[144.963493,-37.826174],[144.963504,-37.826173],[144.963515,-37.82617],[144.963526,-37.826167],[144.963536,-37.826163],[144.963547,-37.826157],[144.963551,-37.826153],[144.963558,-37.826146],[144.963563,-37.826138],[144.963568,-37.82613],[144.963572,-37.826121],[144.963574,-37.826112],[144.963576,-37.826103],[144.963576,-37.826093],[144.963575,-37.826084],[144.963573,-37.826077],[144.96357,-37.826062],[144.963567,-37.826046],[144.963562,-37.826031],[144.963556,-37.826017],[144.96355,-37.826002],[144.963542,-37.825988],[144.963534,-37.825974],[144.963525,-37.82596],[144.963514,-37.825947],[144.963504,-37.825934],[144.963492,-37.825921],[144.963479,-37.825909],[144.963467,-37.825898],[144.963457,-37.82589],[144.963445,-37.825881],[144.963433,-37.825872],[144.96342,-37.825864],[144.963406,-37.825857],[144.963392,-37.82585],[144.963377,-37.825844],[144.963362,-37.825839],[144.963346,-37.825835],[144.963331,-37.825831],[144.963313,-37.825828],[144.96331,-37.825827],[144.9633,-37.825827],[144.963289,-37.825828],[144.963278,-37.82583],[144.963267,-37.825833],[144.963257,-37.825836],[144.963247,-37.825841],[144.963238,-37.825846],[144.96323,-37.825852]]],"type":"Polygon"},"properties":{"base_m":31.7,"date_captured":"2022-01-20","footprint_type":"Structure","structure_id":"900623","top_m":180.4},"type":"Feature"},{"geometry":{"coordinates":[[[144.963256,-37.825871],[144.96325,-37.825876],[144.963246,-37.825881],[144.963242,-37.825887],[144.963239,-37.825893],[144.963237,-37.825899],[144.963236,-37.825906],[144.963235,-37.825912],[144.963236,-37.825919],[144.963238,-37.825931],[144.963241,-37.825945],[144.963245,-37.825959],[144.96325,-37.825973],[144.963256,-37.825987],[144.963262,-37.826],[144.96327,-37.826013],[144.963278,-37.826026],[144.963287,-37.826038],[144.963297,-37.82605],[144.963308,-37.826062],[144.963319,-37.826073],[144.963331,-37.826083],[144.963344,-37.826094],[144.963357,-37.826103],[144.963371,-37.826112],[144.963386,-37.826121],[144.963401,-37.826129],[144.963416,-37.826136],[144.963432,-37.826143],[144.963449,-37.826149],[144.963465,-37.826154],[144.963471,-37.826156],[144.963479,-37.826157],[144.963488,-37.826157],[144.963496,-37.826157],[144.963505,-37.826156],[144.963513,-37.826154],[144.963521,-37.826152],[144.963528,-37.826149],[144.963535,-37.826145],[144.963536,-37.826144],[144.963541,-37.826138],[144.963546,-37.826132],[144.963549,-37.826126],[144.963552,-37.826119],[144.963554,-37.826112],[144.963555,-37.826105],[144.963555,-37.826098],[144.963555,-37.826091],[144.963553,-37.826084],[144.963553,-37.826083],[144.96355,-37.826069],[144.963547,-37.826055],[144.963542,-37.826041],[144.963537,-37.826027],[144.963531,-37.826013],[144.963524,-37.826],[144.963516,-37.825987],[144.963508,-37.825974],[144.963498,-37.825962],[144.963488,-37.82595],[144.963477,-37.825938],[144.963465,-37.825927],[144.963453,-37.825917],[144.963444,-37.825909],[144.963433,-37.8259],[144.963422,-37.825893],[144.96341,-37.825886],[144.963398,-37.825879],[144.963385,-37.825873],[144.963372,-37.825867],[144.963358,-37.825863],[144.963344,-37.825859],[144.96333,-37.825855],[144.963315,-37.825853],[144.963315,-37.825853],[144.963307,-37.825852],[144.963299,-37.825853],[144.963291,-37.825854],[144.963283,-37.825856],[144.963275,-37.825859],[144.963268,-37.825862],[144.963262,-37.825866],[144.963256,-37.825871]]],"type":"Polygon"},"properties":{"base_m":31.7,"date_captured":"2022-01-20","footprint_type":"Structure","structure_id":"900623","top_m":172.9},"type":"Feature"},{"geometry":{"coordinates":[[[144.963276,-37.824587],[144.963262,-37.824599],[144.963183,-37.824541],[144.963127,-37.824588],[144.963115,-37.824579],[144.963039,-37.824644],[144.963131,-37.824712],[144.96316,-37.824687],[144.963201,-37.824717],[144.963218,-37.824703],[144.963252,-37.824727],[144.963381,-37.824617],[144.963346,-37.824591],[144.963333,-37.824603],[144.963292,-37.824573],[144.963276,-37.824587]]],"type":"Polygon"},"properties":{"base_m":100.5,"date_captured":"2018-05-28","footprint_type":"Structure","structure_id":"814230","top_m":104.0},"type":"Feature"},{"geometry":{"coordinates":[[[144.963283,-37.825935],[144.963353,-37.825902],[144.963324,-37.825863],[144.963254,-37.825896],[144.963283,-37.825935]]],"type":"Polygon"},"properties":{"base_m":172.9,"date_captured":"2022-01-20","footprint_type":"Structure","structure_id":"900623","top_m":177.2},"type":"Feature"},{"geometry":{"coordinates":[[[144.963326,-37.826601],[144.96331,-37.826575],[144.96317,-37.826631],[144.963186,-37.826656],[144.963326,-37.826601]]],"type":"Polygon"},"properties":{"base_m":0.0,"date_captured":"2018-05-28","footprint_type":"Structure","structure_id":"801599","top_m":3.0},"type":"Feature"},{"geometry":{"coordinates":[[[144.963328,-37.823592],[144.963334,-37.823587],[144.963299,-37.823561],[144.963246,-37.823606],[144.963236,-37.823599],[144.963022,-37.823781],[144.963032,-37.823788],[144.962958,-37.823851],[144.962944,-37.823862],[144.962973,-37.823884],[144.962988,-37.823872],[144.963012,-37.82389],[144.962989,-37.82391],[144.96306,-37.823962],[144.963082,-37.823943],[144.963108,-37.823962],[144.963096,-37.823973],[144.963125,-37.823994],[144.96316,-37.823965],[144.963169,-37.823971],[144.963489,-37.823699],[144.963426,-37.823652],[144.963437,-37.823643],[144.963365,-37.82359],[144.963347,-37.823606],[144.963328,-37.823592]]],"type":"Polygon"},"properties":{"base_m":124.0,"date_captured":"2018-05-28","footprint_type":"Structure","structure_id":"817883","top_m":127.5},"type":"Feature"},{"geometry":{"coordinates":[[[144.963328,-37.823592],[144.963334,-37.823587],[144.963299,-37.823561],[144.963272,-37.823541],[144.962931,-37.823831],[144.962958,-37.823851],[144.962944,-37.823862],[144.962973,-37.823884],[144.962988,-37.823872],[144.963012,-37.82389],[144.962989,-37.82391],[144.96306,-37.823962],[144.963082,-37.823943],[144.963108,-37.823962],[144.963096,-37.823973],[144.963125,-37.823994],[144.96316,-37.823965],[144.963169,-37.823971],[144.963489,-37.823699],[144.963426,-37.823652],[144.963437,-37.823643],[144.963365,-37.82359],[144.963347,-37.823606],[144.963328,-37.823592]]],"type":"Polygon"},"properties":{"base_m":24.0,"date_captured":"2018-05-28","footprint_type":"Structure","structure_id":"817883","top_m":124.0},"type":"Feature"},{"geometry":{"coordinates":[[[144.963331,-37.82348],[144.963319,-37.823472],[144.9629,-37.823829],[144.962944,-37.823862],[144.962973,-37.823884],[144.962988,-37.823872],[144.963012,-37.82389],[144.962989,-37.82391],[144.96306,-37.823962],[144.963228,-37.824086],[144.963384,-37.823954],[144.963487,-37.823866],[144.963657,-37.823721],[144.963409,-37.823537],[144.963331,-37.82348]]],"type":"Polygon"},"properties":{"base_m":12.5,"date_captured":"2018-05-28","footprint_type":"Structure","structure_id":"817883","top_m":24.0},"type":"Feature"},{"geometry":{"coordinates":[[[144.963331,-37.82348],[144.963319,-37.823472],[144.963284,-37.823445],[144.963279,-37.823442],[144.962849,-37.823807],[144.962989,-37.82391],[144.96306,-37.823962],[144.963228,-37.824086],[144.963384,-37.823954],[144.963487,-37.823866],[144.963657,-37.823721],[144.963409,-37.823537],[144.963331,-37.82348]]],"type":"Polygon"},"properties":{"base_m":0.0,"date_captured":"2018-05-28","footprint_type":"Structure","structure_id":"817883","top_m":12.5},"type":"Feature"},{"geometry":{"coordinates":[[[144.963376,-37.82413],[144.96368,-37.824358],[144.963803,-37.824255],[144.963496,-37.824025],[144.963376,-37.82413]]],"type":"Polygon"},"properties":{"base_m":129.1,"date_captured":"2023-05-11","footprint_type":"Structure","structure_id":"819286","top_m":166.7},"type":"Feature"},{"geometry":{"coordinates":[[[144.963392,-37.826091],[144.963479,-37.82605],[144.963379,-37.825916],[144.963293,-37.825957],[144.963392,-37.826091]]],"type":"Polygon"},"properties":{"base_m":172.9,"date_captured":"2022-01-20","footprint_type":"Structure","structure_id":"900623","top_m":176.9},"type":"Feature"},{"geometry":{"coordinates":[[[144.963426,-37.823652],[144.963437,-37.823643],[144.963365,-37.82359],[144.963347,-37.823606],[144.963339,-37.823612],[144.963324,-37.823601],[144.963204,-37.823704],[144.963189,-37.823692],[144.963158,-37.823719],[144.963174,-37.823731],[144.96302,-37.823862],[144.963033,-37.823872],[144.963012,-37.82389],[144.962989,-37.82391],[144.96306,-37.823962],[144.963082,-37.823943],[144.963218,-37.823828],[144.963226,-37.823833],[144.963316,-37.823756],[144.96331,-37.823752],[144.963426,-37.823652]]],"type":"Polygon"},"properties":{"base_m":127.5,"date_captured":"2018-05-28","footprint_type":"Structure","structure_id":"817883","top_m":131.0},"type":"Feature"},{"geometry":{"coordinates":[[[144.963428,-37.82587],[144.96342,-37.825864],[144.963406,-37.825857],[144.963392,-37.82585],[144.963377,-37.825844],[144.963362,-37.825839],[144.963346,-37.825835],[144.963331,-37.825831],[144.963313,-37.825828],[144.96331,-37.825827],[144.9633,-37.825827],[144.963289,-37.825828],[144.963278,-37.82583],[144.963267,-37.825833],[144.963257,-37.825836],[144.963247,-37.825841],[144.963238,-37.825846],[144.96323,-37.825852],[144.963223,-37.825859],[144.963216,-37.825866],[144.963211,-37.825874],[144.963207,-37.825882],[144.963204,-37.825891],[144.963202,-37.8259],[144.963202,-37.825908],[144.963203,-37.825917],[144.963205,-37.825931],[144.963208,-37.825946],[144.963213,-37.825961],[144.963218,-37.825975],[144.963197,-37.825986],[144.963442,-37.826311],[144.963456,-37.826304],[144.963475,-37.826333],[144.96354,-37.826277],[144.963544,-37.826282],[144.96355,-37.826288],[144.963558,-37.826294],[144.963566,-37.826299],[144.963574,-37.826304],[144.963583,-37.826309],[144.963593,-37.826312],[144.963603,-37.826315],[144.963613,-37.826318],[144.963623,-37.826319],[144.963634,-37.82632],[144.963644,-37.82632],[144.963655,-37.82632],[144.963665,-37.826318],[144.963675,-37.826316],[144.964059,-37.826106],[144.964068,-37.826119],[144.964181,-37.826086],[144.964169,-37.826071],[144.964181,-37.826065],[144.96377,-37.825542],[144.963497,-37.825667],[144.963568,-37.825799],[144.963428,-37.82587]]],"type":"Polygon"},"properties":{"base_m":27.4,"date_captured":"2022-01-20","footprint_type":"Structure","structure_id":"900623","top_m":31.7},"type":"Feature"},{"geometry":{"coordinates":[[[144.963428,-37.82587],[144.96342,-37.825864],[144.963406,-37.825857],[144.963392,-37.82585],[144.963377,-37.825844],[144.963362,-37.825839],[144.963346,-37.825835],[144.963331,-37.825831],[144.963313,-37.825828],[144.96331,-37.825827],[144.9633,-37.825827],[144.963289,-37.825828],[144.963278,-37.82583],[144.963267,-37.825833],[144.963257,-37.825836],[144.963247,-37.825841],[144.963238,-37.825846],[144.96323,-37.825852],[144.963223,-37.825859],[144.963216,-37.825866],[144.963211,-37.825874],[144.963207,-37.825882],[144.963204,-37.825891],[144.963202,-37.8259],[144.963202,-37.825908],[144.963203,-37.825917],[144.963205,-37.825931],[144.963208,-37.825946],[144.963213,-37.825961],[144.963218,-37.825975],[144.963197,-37.825986],[144.963442,-37.826311],[144.963456,-37.826304],[144.963475,-37.826333],[144.96354,-37.826277],[144.963544,-37.826282],[144.96355,-37.826288],[144.963558,-37.826294],[144.963566,-37.826299],[144.963574,-37.826304],[144.963583,-37.826309],[144.963593,-37.826312],[144.963603,-37.826315],[144.963613,-37.826318],[144.963623,-37.826319],[144.963634,-37.82632],[144.963644,-37.82632],[144.963655,-37.82632],[144.963665,-37.826318],[144.963675,-37.826316],[144.964059,-37.826106],[144.964068,-37.826119],[144.964181,-37.826086],[144.964169,-37.826071],[144.964181,-37.826065],[144.96377,-37.825542],[144.963785,-37.825534],[144.963732,-37.825467],[144.963703,-37.825463],[144.963474,-37.825572],[144.96347,-37.825575],[144.963466,-37.82558],[144.963462,-37.825584],[144.96346,-37.825589],[144.963458,-37.825594],[144.963497,-37.825667],[144.963568,-37.825799],[144.963428,-37.82587]]],"type":"Polygon"},"properties":{"base_m":17.5,"date_captured":"2022-01-20","footprint_type":"Structure","structure_id":"900623","top_m":20.9},"type":"Feature"},{"geometry":{"coordinates":[[[144.963441,-37.823358],[144.963434,-37.823353],[144.963404,-37.823379],[144.963411,-37.823384],[144.963435,-37.823402],[144.963516,-37.823462],[144.963681,-37.823583],[144.963704,-37.823601],[144.963734,-37.823606],[144.963739,-37.823607],[144.963754,-37.823618],[144.963788,-37.823589],[144.963709,-37.82353],[144.963565,-37.82342],[144.963532,-37.823395],[144.963475,-37.823383],[144.963465,-37.823376],[144.963441,-37.823358]]],"type":"Polygon"},"properties":{"base_m":127.3,"date_captured":"2023-05-11","footprint_type":"Structure","structure_id":"814046","top_m":130.4},"type":"Feature"},{"geometry":{"coordinates":[[[144.963442,-37.82611],[144.963471,-37.826149],[144.963535,-37.826119],[144.963506,-37.82608],[144.963442,-37.82611]]],"type":"Polygon"},"properties":{"base_m":172.9,"date_captured":"2022-01-20","footprint_type":"Structure","structure_id":"900623","top_m":177.2},"type":"Feature"},{"geometry":{"coordinates":[[[144.963448,-37.822382],[144.963432,-37.822374],[144.963417,-37.822366],[144.963401,-37.822359],[144.963384,-37.822353],[144.963367,-37.822348],[144.963349,-37.822343],[144.963331,-37.82234],[144.963313,-37.822337],[144.963304,-37.822336],[144.963311,-37.822352],[144.963321,-37.82237],[144.963288,-37.82238],[144.963278,-37.822361],[144.963272,-37.822363],[144.963174,-37.822446],[144.963051,-37.822551],[144.963041,-37.822559],[144.962996,-37.822597],[144.962955,-37.822567],[144.962768,-37.822733],[144.9623,-37.823146],[144.962325,-37.823164],[144.962334,-37.823171],[144.962447,-37.823254],[144.962657,-37.82341],[144.962676,-37.823425],[144.962843,-37.823277],[144.962908,-37.823324],[144.963087,-37.823124],[144.96328,-37.82291],[144.963418,-37.822757],[144.963396,-37.822744],[144.963398,-37.822744],[144.963408,-37.82274],[144.963419,-37.822736],[144.963429,-37.822732],[144.963438,-37.822727],[144.963447,-37.822721],[144.963456,-37.822716],[144.963464,-37.822709],[144.963472,-37.822703],[144.963479,-37.822696],[144.963482,-37.822692],[144.963493,-37.822719],[144.963505,-37.822707],[144.963516,-37.822695],[144.963525,-37.822683],[144.963533,-37.822672],[144.963542,-37.822654],[144.963548,-37.822643],[144.963553,-37.822629],[144.963558,-37.822615],[144.963561,-37.8226],[144.963563,-37.822586],[144.963564,-37.822571],[144.963563,-37.822556],[144.963562,-37.822542],[144.963559,-37.822527],[144.963555,-37.822513],[144.963551,-37.822499],[144.963545,-37.822485],[144.963538,-37.822472],[144.963529,-37.822458],[144.963521,-37.822447],[144.963511,-37.822435],[144.9635,-37.822423],[144.963488,-37.822412],[144.963475,-37.822401],[144.963462,-37.822391],[144.963448,-37.822382]]],"type":"Polygon"},"properties":{"base_m":4.0,"date_captured":"2018-05-28","footprint_type":"Structure","structure_id":"800588","top_m":6.0},"type":"Feature"},{"geometry":{"coordinates":[[[144.963449,-37.824624],[144.963073,-37.824346],[144.9628,-37.824578],[144.962796,-37.824581],[144.962824,-37.824602],[144.962779,-37.82464],[144.962757,-37.824659],[144.96275,-37.824665],[144.962648,-37.824752],[144.96263,-37.824767],[144.962631,-37.824768],[144.962694,-37.824814],[144.96288,-37.824952],[144.962953,-37.825006],[144.96298,-37.825025],[144.963449,-37.824624]]],"type":"Polygon"},"properties":{"base_m":0.0,"date_captured":"2018-05-28","footprint_type":"Structure","structure_id":"814230","top_m":13.5},"type":"Feature"},{"geometry":{"coordinates":[[[144.963482,-37.822692],[144.963486,-37.822688],[144.963492,-37.82268],[144.963497,-37.822672],[144.963502,-37.822664],[144.963506,-37.822656],[144.963509,-37.822647],[144.963512,-37.822638],[144.963514,-37.822629],[144.963515,-37.82262],[144.963515,-37.822611],[144.963515,-37.822602],[144.963514,-37.822593],[144.963514,-37.822588],[144.963511,-37.822579],[144.963509,-37.82257],[144.963505,-37.822561],[144.963501,-37.822553],[144.963496,-37.822544],[144.963491,-37.822536],[144.963485,-37.822529],[144.963478,-37.822521],[144.963471,-37.822514],[144.963463,-37.822508],[144.963455,-37.822501],[144.963446,-37.822496],[144.963437,-37.82249],[144.963428,-37.822486],[144.963419,-37.822481],[144.963408,-37.822477],[144.963398,-37.822474],[144.963387,-37.822471],[144.963376,-37.822469],[144.963365,-37.822467],[144.963354,-37.822466],[144.963343,-37.822465],[144.963332,-37.822465],[144.96332,-37.822466],[144.963318,-37.822466],[144.963307,-37.822467],[144.963296,-37.822469],[144.963285,-37.822471],[144.963274,-37.822474],[144.963264,-37.822477],[144.963253,-37.822481],[144.963244,-37.822485],[144.963234,-37.82249],[144.963174,-37.822446],[144.963051,-37.822551],[144.963041,-37.822559],[144.963141,-37.822634],[144.962801,-37.822932],[144.962903,-37.823002],[144.962891,-37.823013],[144.963087,-37.823124],[144.96328,-37.82291],[144.963418,-37.822757],[144.963396,-37.822744],[144.963398,-37.822744],[144.963408,-37.82274],[144.963419,-37.822736],[144.963429,-37.822732],[144.963438,-37.822727],[144.963447,-37.822721],[144.963456,-37.822716],[144.963464,-37.822709],[144.963472,-37.822703],[144.963479,-37.822696],[144.963482,-37.822692]]],"type":"Polygon"},"properties":{"base_m":10.0,"date_captured":"2018-05-28","footprint_type":"Structure","structure_id":"800588","top_m":12.0},"type":"Feature"},{"geometry":{"coordinates":[[[144.963487,-37.823866],[144.963427,-37.823822],[144.963324,-37.82391],[144.963384,-37.823954],[144.963487,-37.823866]]],"type":"Polygon"},"properties":{"base_m":24.0,"date_captured":"2018-05-28","footprint_type":"Structure","structure_id":"817883","top_m":28.0},"type":"Feature"},{"geometry":{"coordinates":[[[144.963497,-37.823349],[144.963465,-37.823376],[144.963441,-37.823358],[144.963434,-37.823353],[144.963404,-37.823379],[144.963411,-37.823384],[144.963435,-37.823402],[144.963386,-37.823443],[144.963467,-37.823504],[144.963516,-37.823462],[144.963681,-37.823583],[144.963646,-37.823613],[144.963688,-37.823645],[144.963734,-37.823606],[144.963739,-37.823607],[144.963754,-37.823618],[144.963788,-37.823589],[144.963709,-37.82353],[144.963565,-37.82342],[144.963579,-37.823409],[144.963497,-37.823349]]],"type":"Polygon"},"properties":{"base_m":125.3,"date_captured":"2023-05-11","footprint_type":"Structure","structure_id":"814046","top_m":127.3},"type":"Feature"},{"geometry":{"coordinates":[[[144.963512,-37.823326],[144.963507,-37.823322],[144.96348,-37.823345],[144.963483,-37.823348],[144.963475,-37.823355],[144.963463,-37.823346],[144.963459,-37.823343],[144.963441,-37.823358],[144.963434,-37.823353],[144.963404,-37.823379],[144.963411,-37.823384],[144.963384,-37.823406],[144.963347,-37.823437],[144.963365,-37.82345],[144.963679,-37.823682],[144.963754,-37.823618],[144.963788,-37.823589],[144.963709,-37.82353],[144.963745,-37.823498],[144.963742,-37.823496],[144.963679,-37.823449],[144.963512,-37.823326]]],"type":"Polygon"},"properties":{"base_m":111.5,"date_captured":"2023-05-11","footprint_type":"Structure","structure_id":"814046","top_m":125.3},"type":"Feature"},{"geometry":{"coordinates":[[[144.963512,-37.823326],[144.963507,-37.823322],[144.96348,-37.823345],[144.963483,-37.823348],[144.963475,-37.823355],[144.963463,-37.823346],[144.963459,-37.823343],[144.963441,-37.823358],[144.963434,-37.823353],[144.963404,-37.823379],[144.963411,-37.823384],[144.963384,-37.823406],[144.963347,-37.823437],[144.963365,-37.82345],[144.963679,-37.823682],[144.963754,-37.823618],[144.963788,-37.823589],[144.963709,-37.82353],[144.963745,-37.823498],[144.963742,-37.823496],[144.963764,-37.823478],[144.9637,-37.823431],[144.963679,-37.823449],[144.963512,-37.823326]]],"type":"Polygon"},"properties":{"base_m":34.3,"date_captured":"2023-05-11","footprint_type":"Structure","structure_id":"814046","top_m":111.5},"type":"Feature"},{"geometry":{"coordinates":[[[144.963521,-37.825711],[144.963409,-37.825767],[144.963328,-37.825747],[144.963151,-37.825897],[144.96315,-37.825899],[144.963148,-37.825905],[144.963146,-37.82591],[144.963146,-37.825916],[144.963146,-37.825922],[144.963197,-37.825986],[144.963442,-37.826311],[144.963456,-37.826304],[144.963475,-37.826333],[144.96354,-37.826277],[144.963544,-37.826282],[144.96355,-37.826288],[144.963558,-37.826294],[144.963566,-37.826299],[144.963574,-37.826304],[144.963583,-37.826309],[144.963593,-37.826312],[144.963603,-37.826315],[144.963613,-37.826318],[144.963623,-37.826319],[144.963634,-37.82632],[144.963644,-37.82632],[144.963655,-37.82632],[144.963665,-37.826318],[144.963675,-37.826316],[144.964059,-37.826106],[144.964068,-37.826119],[144.964181,-37.826086],[144.964169,-37.826071],[144.964181,-37.826065],[144.96377,-37.825542],[144.963785,-37.825534],[144.963732,-37.825467],[144.963668,-37.825384],[144.963645,-37.825381],[144.963596,-37.825405],[144.963464,-37.825569],[144.963461,-37.825576],[144.963458,-37.825594],[144.963497,-37.825667],[144.963521,-37.825711]]],"type":"Polygon"},"properties":{"base_m":0.0,"date_captured":"2022-01-20","footprint_type":"Structure","structure_id":"900623","top_m":14.7},"type":"Feature"},{"geometry":{"coordinates":[[[144.963528,-37.821053],[144.963427,-37.82082],[144.963265,-37.820864],[144.963366,-37.821097],[144.963528,-37.821053]]],"type":"Polygon"},"properties":{"base_m":28.0,"date_captured":"2018-05-28","footprint_type":"Structure","structure_id":"819187","top_m":32.0},"type":"Feature"},{"geometry":{"coordinates":[[[144.963535,-37.826314],[144.963304,-37.826509],[144.963368,-37.826557],[144.96336,-37.826564],[144.963434,-37.826619],[144.963443,-37.826612],[144.963504,-37.826658],[144.963736,-37.826463],[144.963674,-37.826416],[144.963683,-37.826408],[144.963609,-37.826352],[144.963598,-37.826361],[144.963535,-37.826314]]],"type":"Polygon"},"properties":{"base_m":0.0,"date_captured":"2018-05-28","footprint_type":"Structure","structure_id":"801598","top_m":10.5},"type":"Feature"},{"geometry":{"coordinates":[[[144.96356,-37.823285],[144.963512,-37.823326],[144.963507,-37.823322],[144.96348,-37.823345],[144.963483,-37.823348],[144.963475,-37.823355],[144.963463,-37.823346],[144.963459,-37.823343],[144.963441,-37.823358],[144.963434,-37.823353],[144.963404,-37.823379],[144.963411,-37.823384],[144.963384,-37.823406],[144.963347,-37.823437],[144.963365,-37.82345],[144.963331,-37.82348],[144.963409,-37.823537],[144.963657,-37.823721],[144.963692,-37.823692],[144.963886,-37.823526],[144.963793,-37.823457],[144.96356,-37.823285]]],"type":"Polygon"},"properties":{"base_m":16.2,"date_captured":"2023-05-11","footprint_type":"Structure","structure_id":"814046","top_m":31.2},"type":"Feature"},{"geometry":{"coordinates":[[[144.96356,-37.823285],[144.963513,-37.82325],[144.963442,-37.823311],[144.963475,-37.823335],[144.963463,-37.823346],[144.963459,-37.823343],[144.963441,-37.823358],[144.963434,-37.823353],[144.963404,-37.823379],[144.963411,-37.823384],[144.963384,-37.823406],[144.963355,-37.823385],[144.963284,-37.823445],[144.963319,-37.823472],[144.963331,-37.82348],[144.963409,-37.823537],[144.963657,-37.823721],[144.963692,-37.823692],[144.963886,-37.823526],[144.963793,-37.823457],[144.96356,-37.823285]]],"type":"Polygon"},"properties":{"base_m":0.0,"date_captured":"2023-05-11","footprint_type":"Structure","structure_id":"814046","top_m":16.2},"type":"Feature"},{"geometry":{"coordinates":[[[144.963563,-37.822556],[144.963562,-37.822542],[144.963559,-37.822527],[144.963555,-37.822513],[144.963551,-37.822499],[144.963545,-37.822485],[144.963538,-37.822472],[144.963529,-37.822458],[144.963521,-37.822447],[144.963511,-37.822435],[144.9635,-37.822423],[144.963488,-37.822412],[144.963475,-37.822401],[144.963462,-37.822391],[144.963448,-37.822382],[144.963432,-37.822374],[144.963417,-37.822366],[144.963401,-37.822359],[144.963384,-37.822353],[144.963367,-37.822348],[144.963349,-37.822343],[144.963331,-37.82234],[144.963313,-37.822337],[144.963304,-37.822336],[144.963311,-37.822352],[144.963278,-37.822361],[144.963272,-37.822363],[144.963174,-37.822446],[144.963051,-37.822551],[144.963008,-37.82252],[144.962955,-37.822567],[144.962768,-37.822733],[144.9623,-37.823146],[144.962325,-37.823164],[144.962334,-37.823171],[144.962447,-37.823254],[144.962657,-37.82341],[144.962676,-37.823425],[144.962843,-37.823277],[144.962908,-37.823324],[144.963087,-37.823124],[144.96328,-37.82291],[144.963418,-37.822757],[144.963396,-37.822744],[144.963398,-37.822744],[144.963408,-37.82274],[144.963419,-37.822736],[144.963429,-37.822732],[144.963438,-37.822727],[144.963447,-37.822721],[144.963456,-37.822716],[144.963464,-37.822709],[144.963472,-37.822703],[144.963479,-37.822696],[144.963482,-37.822692],[144.963493,-37.822719],[144.963505,-37.822707],[144.963516,-37.822695],[144.963525,-37.822683],[144.963533,-37.822672],[144.963542,-37.822654],[144.963548,-37.822643],[144.963553,-37.822629],[144.963558,-37.822615],[144.963561,-37.8226],[144.963563,-37.822586],[144.963564,-37.822571],[144.963563,-37.822556]]],"type":"Polygon"},"properties":{"base_m":0.0,"date_captured":"2018-05-28","footprint_type":"Structure","structure_id":"800588","top_m":4.0},"type":"Feature"},{"geometry":{"coordinates":[[[144.963651,-37.821063],[144.963492,-37.820695],[144.963117,-37.820797],[144.963277,-37.821165],[144.963651,-37.821063]]],"type":"Polygon"},"properties":{"base_m":0.0,"date_captured":"2018-05-28","footprint_type":"Structure","structure_id":"819187","top_m":28.0},"type":"Feature"},{"geometry":{"coordinates":[[[144.963679,-37.821383],[144.963673,-37.82137],[144.963664,-37.82135],[144.9636,-37.821367],[144.963609,-37.821388],[144.963615,-37.8214],[144.963679,-37.821383]]],"type":"Polygon"},"properties":{"base_m":83.0,"date_captured":"2018-05-28","footprint_type":"Structure","structure_id":"801935","top_m":85.0},"type":"Feature"},{"geometry":{"coordinates":[[[144.963679,-37.823449],[144.963512,-37.823326],[144.963507,-37.823322],[144.96348,-37.823345],[144.963483,-37.823348],[144.963475,-37.823355],[144.963463,-37.823346],[144.963459,-37.823343],[144.963441,-37.823358],[144.963434,-37.823353],[144.963404,-37.823379],[144.963411,-37.823384],[144.963384,-37.823406],[144.963347,-37.823437],[144.963365,-37.82345],[144.963679,-37.823682],[144.963692,-37.823692],[144.963886,-37.823526],[144.963793,-37.823457],[144.963745,-37.823498],[144.963742,-37.823496],[144.963764,-37.823478],[144.9637,-37.823431],[144.963679,-37.823449]]],"type":"Polygon"},"properties":{"base_m":31.2,"date_captured":"2023-05-11","footprint_type":"Structure","structure_id":"814046","top_m":34.3},"type":"Feature"},{"geometry":{"coordinates":[[[144.963686,-37.821399],[144.963755,-37.82138],[144.963717,-37.821293],[144.963681,-37.821208],[144.963677,-37.821199],[144.963653,-37.821144],[144.963634,-37.8211],[144.963237,-37.821207],[144.962849,-37.821312],[144.962923,-37.821384],[144.963031,-37.821489],[144.963101,-37.821557],[144.963686,-37.821399]]],"type":"Polygon"},"properties":{"base_m":0.0,"date_captured":"2018-05-28","footprint_type":"Structure","structure_id":"801935","top_m":76.5},"type":"Feature"},{"geometry":{"coordinates":[[[144.963695,-37.824078],[144.963531,-37.823958],[144.963309,-37.824148],[144.963687,-37.824425],[144.963848,-37.824288],[144.963803,-37.824255],[144.964053,-37.824051],[144.963881,-37.823922],[144.963695,-37.824078]]],"type":"Polygon"},"properties":{"base_m":33.4,"date_captured":"2023-05-11","footprint_type":"Structure","structure_id":"819286","top_m":35.9},"type":"Feature"},{"geometry":{"coordinates":[[[144.963717,-37.821293],[144.963681,-37.821208],[144.963587,-37.821233],[144.963624,-37.821319],[144.963717,-37.821293]]],"type":"Polygon"},"properties":{"base_m":83.0,"date_captured":"2018-05-28","footprint_type":"Structure","structure_id":"801935","top_m":88.0},"type":"Feature"},{"geometry":{"coordinates":[[[144.963725,-37.823793],[144.963309,-37.824148],[144.963687,-37.824425],[144.964091,-37.82408],[144.963881,-37.823922],[144.96389,-37.823914],[144.963725,-37.823793]]],"type":"Polygon"},"properties":{"base_m":0.0,"date_captured":"2023-05-11","footprint_type":"Structure","structure_id":"819286","top_m":33.4},"type":"Feature"},{"geometry":{"coordinates":[[[144.963726,-37.82165],[144.963729,-37.821647],[144.963704,-37.821627],[144.963712,-37.821621],[144.963692,-37.821606],[144.963683,-37.821607],[144.963673,-37.821609],[144.963663,-37.82161],[144.963654,-37.821613],[144.963646,-37.821615],[144.963637,-37.821618],[144.963628,-37.821622],[144.963619,-37.821626],[144.963611,-37.821631],[144.963571,-37.821662],[144.963544,-37.821641],[144.963382,-37.821769],[144.963448,-37.821822],[144.963439,-37.821829],[144.963469,-37.821853],[144.963532,-37.821803],[144.963543,-37.821795],[144.963726,-37.82165]]],"type":"Polygon"},"properties":{"base_m":18.0,"date_captured":"2018-05-28","footprint_type":"Structure","structure_id":"803608","top_m":21.5},"type":"Feature"},{"geometry":{"coordinates":[[[144.963726,-37.82165],[144.963729,-37.821647],[144.963704,-37.821627],[144.963712,-37.821621],[144.963692,-37.821606],[144.963683,-37.821607],[144.963673,-37.821609],[144.963663,-37.82161],[144.963654,-37.821613],[144.963646,-37.821615],[144.963637,-37.821618],[144.963628,-37.821622],[144.963619,-37.821626],[144.963611,-37.821631],[144.963571,-37.821662],[144.963544,-37.821641],[144.963382,-37.821769],[144.963448,-37.821822],[144.963439,-37.821829],[144.963469,-37.821853],[144.963532,-37.821803],[144.963592,-37.821851],[144.963786,-37.821698],[144.963726,-37.82165]]],"type":"Polygon"},"properties":{"base_m":0.0,"date_captured":"2018-05-28","footprint_type":"Structure","structure_id":"803608","top_m":18.0},"type":"Feature"},{"geometry":{"coordinates":[[[144.963726,-37.82165],[144.963729,-37.821647],[144.963704,-37.821627],[144.963712,-37.821621],[144.963692,-37.821606],[144.963683,-37.821607],[144.963673,-37.821609],[144.963663,-37.82161],[144.963654,-37.821613],[144.963646,-37.821615],[144.963637,-37.821618],[144.963628,-37.821622],[144.963619,-37.821626],[144.963611,-37.821631],[144.963571,-37.821662],[144.963544,-37.821641],[144.963382,-37.821769],[144.963448,-37.821822],[144.963463,-37.821834],[144.963528,-37.821782],[144.963543,-37.821795],[144.963726,-37.82165]]],"type":"Polygon"},"properties":{"base_m":21.5,"date_captured":"2018-05-28","footprint_type":"Structure","structure_id":"803608","top_m":24.0},"type":"Feature"},{"geometry":{"coordinates":[[[144.96375,-37.825612],[144.96366,-37.825634],[144.963657,-37.825652],[144.963655,-37.825669],[144.963654,-37.825686],[144.963654,-37.825704],[144.963655,-37.825721],[144.963656,-37.825738],[144.963659,-37.825756],[144.963662,-37.825773],[144.963666,-37.825789],[144.963688,-37.82584],[144.96369,-37.825846],[144.963696,-37.825859],[144.963704,-37.825876],[144.963713,-37.825892],[144.963723,-37.825908],[144.963734,-37.825924],[144.963746,-37.825939],[144.963758,-37.825954],[144.963771,-37.825969],[144.963785,-37.825983],[144.9638,-37.825996],[144.963816,-37.826009],[144.963832,-37.826022],[144.963848,-37.826034],[144.963866,-37.826046],[144.96389,-37.826058],[144.963897,-37.82606],[144.963906,-37.826062],[144.963916,-37.826063],[144.963926,-37.826064],[144.963936,-37.826063],[144.963947,-37.826062],[144.963956,-37.826059],[144.963966,-37.826056],[144.963974,-37.826052],[144.963982,-37.826047],[144.96399,-37.826041],[144.963996,-37.826035],[144.964002,-37.826028],[144.964007,-37.826019],[144.964009,-37.826008],[144.96401,-37.825994],[144.964011,-37.825979],[144.964011,-37.825964],[144.964009,-37.82595],[144.964007,-37.825936],[144.964004,-37.825922],[144.964001,-37.825909],[144.963996,-37.825892],[144.963991,-37.825875],[144.963984,-37.825858],[144.963977,-37.825841],[144.963969,-37.825825],[144.963959,-37.825808],[144.963949,-37.825793],[144.963939,-37.825777],[144.963927,-37.825762],[144.963915,-37.825748],[144.963901,-37.825733],[144.963887,-37.82572],[144.963873,-37.825706],[144.963857,-37.825694],[144.963841,-37.825681],[144.963837,-37.825678],[144.96375,-37.825612]]],"type":"Polygon"},"properties":{"base_m":31.7,"date_captured":"2022-01-20","footprint_type":"Structure","structure_id":"900623","top_m":231.0},"type":"Feature"},{"geometry":{"coordinates":[[[144.963755,-37.82138],[144.963717,-37.821293],[144.963681,-37.821208],[144.963587,-37.821233],[144.963194,-37.821339],[144.963237,-37.82144],[144.963246,-37.82146],[144.963256,-37.821483],[144.963609,-37.821388],[144.963615,-37.8214],[144.963679,-37.821383],[144.963686,-37.821399],[144.963755,-37.82138]]],"type":"Polygon"},"properties":{"base_m":76.5,"date_captured":"2018-05-28","footprint_type":"Structure","structure_id":"801935","top_m":83.0},"type":"Feature"},{"geometry":{"coordinates":[[[144.963776,-37.825664],[144.963749,-37.825661],[144.963743,-37.825661],[144.963736,-37.825662],[144.963729,-37.825664],[144.963723,-37.825666],[144.963716,-37.825669],[144.963711,-37.825673],[144.963706,-37.825677],[144.963701,-37.825681],[144.963697,-37.825686],[144.963694,-37.825691],[144.963692,-37.825697],[144.96369,-37.825702],[144.963688,-37.825712],[144.963687,-37.825722],[144.963687,-37.825731],[144.963688,-37.825741],[144.963689,-37.825753],[144.963692,-37.82577],[144.963696,-37.825787],[144.9637,-37.825804],[144.963705,-37.82582],[144.963712,-37.825837],[144.963719,-37.825853],[144.963727,-37.825869],[144.963735,-37.825884],[144.963745,-37.8259],[144.963755,-37.825915],[144.963766,-37.825929],[144.963778,-37.825943],[144.963791,-37.825957],[144.963804,-37.825971],[144.963818,-37.825983],[144.963833,-37.825996],[144.963848,-37.826008],[144.963864,-37.826019],[144.963881,-37.82603],[144.963901,-37.82604],[144.963904,-37.826042],[144.963911,-37.826043],[144.963919,-37.826044],[144.963926,-37.826044],[144.963933,-37.826044],[144.963941,-37.826043],[144.963948,-37.826041],[144.963954,-37.826039],[144.963961,-37.826036],[144.963967,-37.826032],[144.963972,-37.826028],[144.963976,-37.826024],[144.96398,-37.826019],[144.963983,-37.826014],[144.963985,-37.826006],[144.963986,-37.825992],[144.963987,-37.825979],[144.963986,-37.825965],[144.963985,-37.825952],[144.963983,-37.825938],[144.96398,-37.825925],[144.963977,-37.825912],[144.963973,-37.825896],[144.963967,-37.82588],[144.963961,-37.825864],[144.963954,-37.825848],[144.963946,-37.825832],[144.963938,-37.825817],[144.963928,-37.825802],[144.963918,-37.825787],[144.963907,-37.825773],[144.963895,-37.825759],[144.963882,-37.825745],[144.963869,-37.825732],[144.963855,-37.825719],[144.96384,-37.825707],[144.963825,-37.825696],[144.963809,-37.825684],[144.963792,-37.825674],[144.963776,-37.825664]]],"type":"Polygon"},"properties":{"base_m":31.7,"date_captured":"2022-01-20","footprint_type":"Structure","structure_id":"900623","top_m":223.4},"type":"Feature"},{"geometry":{"coordinates":[[[144.963782,-37.820934],[144.963826,-37.821038],[144.963995,-37.820992],[144.963889,-37.820745],[144.96372,-37.82079],[144.963751,-37.820863],[144.963782,-37.820934]]],"type":"Polygon"},"properties":{"base_m":28.0,"date_captured":"2018-05-28","footprint_type":"Structure","structure_id":"812314","top_m":32.0},"type":"Feature"},{"geometry":{"coordinates":[[[144.963803,-37.824255],[144.964053,-37.824051],[144.963881,-37.823922],[144.963635,-37.824129],[144.963701,-37.824178],[144.963803,-37.824255]]],"type":"Polygon"},"properties":{"base_m":35.9,"date_captured":"2023-05-11","footprint_type":"Structure","structure_id":"819286","top_m":129.1},"type":"Feature"},{"geometry":{"coordinates":[[[144.963815,-37.827723],[144.963795,-37.82768],[144.963708,-37.827705],[144.963728,-37.827748],[144.963815,-37.827723]]],"type":"Polygon"},"properties":{"base_m":14.5,"date_captured":"2018-05-28","footprint_type":"Structure","structure_id":"813064","top_m":19.5},"type":"Feature"},{"geometry":{"coordinates":[[[144.963851,-37.827804],[144.96383,-37.827757],[144.963733,-37.827785],[144.963754,-37.827832],[144.963851,-37.827804]]],"type":"Polygon"},"properties":{"base_m":16.5,"date_captured":"2018-05-28","footprint_type":"Structure","structure_id":"813064","top_m":20.0},"type":"Feature"},{"geometry":{"coordinates":[[[144.963851,-37.827804],[144.963883,-37.827795],[144.963862,-37.827748],[144.96383,-37.827757],[144.963733,-37.827785],[144.963754,-37.827832],[144.963851,-37.827804]]],"type":"Polygon"},"properties":{"base_m":14.5,"date_captured":"2018-05-28","footprint_type":"Structure","structure_id":"813064","top_m":16.5},"type":"Feature"},{"geometry":{"coordinates":[[[144.963854,-37.825955],[144.963943,-37.825913],[144.963848,-37.825784],[144.963833,-37.825791],[144.963766,-37.8257],[144.963718,-37.825722],[144.963785,-37.825813],[144.963759,-37.825825],[144.963854,-37.825955]]],"type":"Polygon"},"properties":{"base_m":223.4,"date_captured":"2022-01-20","footprint_type":"Structure","structure_id":"900623","top_m":227.6},"type":"Feature"},{"geometry":{"coordinates":[[[144.96393,-37.823265],[144.963933,-37.823268],[144.963977,-37.823308],[144.964021,-37.823348],[144.964025,-37.823351],[144.96403,-37.823354],[144.964035,-37.823356],[144.96404,-37.823357],[144.964046,-37.823358],[144.964052,-37.823358],[144.964057,-37.823357],[144.964063,-37.823355],[144.964068,-37.823352],[144.964073,-37.823349],[144.964077,-37.823345],[144.96408,-37.823341],[144.964082,-37.823336],[144.964084,-37.823331],[144.964085,-37.823328],[144.964088,-37.823319],[144.964092,-37.82331],[144.964097,-37.823301],[144.964103,-37.823293],[144.96411,-37.823285],[144.964117,-37.823278],[144.964125,-37.823271],[144.964134,-37.823265],[144.964143,-37.823259],[144.964153,-37.823254],[144.964163,-37.823249],[144.964174,-37.823245],[144.964185,-37.823242],[144.964196,-37.823239],[144.9642,-37.823238],[144.964204,-37.823236],[144.964209,-37.823233],[144.964212,-37.823229],[144.964215,-37.823225],[144.964217,-37.823221],[144.964219,-37.823217],[144.964219,-37.823212],[144.964218,-37.823208],[144.964217,-37.823203],[144.964215,-37.823199],[144.964211,-37.823196],[144.964208,-37.823192],[144.964203,-37.823189],[144.964189,-37.823182],[144.964186,-37.823178],[144.964183,-37.823174],[144.96418,-37.823169],[144.964179,-37.823163],[144.964179,-37.823158],[144.964179,-37.823154],[144.964181,-37.82315],[144.964184,-37.823146],[144.964187,-37.823142],[144.964189,-37.823141],[144.9642,-37.823133],[144.964212,-37.823126],[144.964225,-37.823119],[144.964238,-37.823112],[144.964241,-37.823111],[144.964244,-37.823108],[144.964248,-37.823105],[144.964252,-37.823101],[144.964254,-37.823097],[144.964256,-37.823093],[144.964256,-37.823089],[144.964256,-37.823085],[144.964254,-37.823081],[144.964252,-37.823077],[144.964249,-37.823074],[144.964245,-37.82307],[144.964236,-37.823066],[144.964226,-37.823062],[144.964219,-37.823059],[144.96421,-37.823054],[144.9642,-37.823048],[144.964192,-37.823042],[144.964183,-37.823035],[144.964176,-37.823028],[144.964169,-37.82302],[144.964165,-37.823013],[144.964162,-37.82301],[144.964159,-37.823007],[144.964155,-37.823004],[144.964151,-37.823003],[144.964146,-37.823001],[144.964141,-37.823001],[144.964136,-37.823001],[144.964131,-37.823002],[144.964127,-37.823004],[144.964123,-37.823006],[144.964119,-37.823009],[144.964119,-37.823009],[144.964111,-37.823017],[144.964101,-37.823025],[144.964091,-37.823032],[144.964081,-37.823039],[144.96407,-37.823045],[144.964061,-37.82305],[144.964053,-37.823052],[144.964044,-37.823053],[144.964036,-37.823053],[144.964027,-37.823053],[144.964019,-37.823052],[144.964011,-37.82305],[144.964002,-37.823048],[144.963995,-37.823045],[144.963988,-37.823041],[144.963981,-37.823037],[144.963974,-37.823032],[144.963956,-37.823016],[144.963937,-37.822998],[144.963918,-37.822979],[144.963915,-37.822975],[144.96391,-37.822972],[144.963906,-37.82297],[144.9639,-37.822968],[144.963895,-37.822967],[144.963889,-37.822967],[144.963883,-37.822967],[144.963878,-37.822968],[144.963872,-37.82297],[144.963867,-37.822973],[144.963862,-37.822976],[144.963858,-37.82298],[144.963854,-37.822984],[144.963851,-37.822989],[144.963849,-37.822993],[144.963848,-37.822998],[144.963846,-37.823003],[144.963842,-37.823012],[144.963838,-37.823021],[144.963832,-37.823029],[144.963826,-37.823037],[144.963819,-37.823044],[144.963811,-37.823051],[144.963803,-37.823058],[144.963794,-37.823064],[144.963784,-37.823069],[144.963774,-37.823074],[144.963764,-37.823078],[144.963753,-37.823082],[144.963742,-37.823085],[144.963737,-37.823086],[144.963732,-37.823087],[144.963728,-37.82309],[144.963724,-37.823093],[144.96372,-37.823097],[144.963718,-37.8231],[144.963716,-37.823105],[144.963716,-37.823109],[144.963716,-37.823113],[144.963717,-37.823118],[144.963719,-37.823122],[144.963721,-37.823126],[144.963725,-37.823129],[144.963729,-37.823132],[144.963754,-37.823146],[144.963754,-37.823149],[144.963755,-37.823154],[144.963754,-37.82316],[144.963753,-37.823165],[144.96375,-37.82317],[144.963747,-37.823175],[144.963743,-37.82318],[144.963739,-37.823184],[144.963733,-37.823188],[144.963728,-37.823191],[144.963726,-37.823191],[144.963693,-37.823209],[144.963689,-37.823212],[144.963685,-37.823214],[144.963682,-37.823218],[144.963679,-37.823221],[144.963677,-37.823225],[144.963677,-37.82323],[144.963677,-37.823234],[144.963678,-37.823238],[144.96368,-37.823242],[144.963682,-37.823245],[144.963686,-37.823249],[144.96369,-37.823251],[144.963693,-37.823253],[144.963704,-37.823258],[144.963714,-37.823263],[144.963725,-37.823269],[144.963734,-37.823276],[144.963743,-37.823283],[144.963752,-37.823291],[144.963759,-37.823299],[144.963766,-37.823308],[144.963769,-37.823312],[144.963772,-37.823315],[144.963777,-37.823317],[144.963781,-37.82332],[144.963786,-37.823321],[144.963792,-37.823322],[144.963797,-37.823322],[144.963803,-37.823321],[144.963808,-37.82332],[144.963812,-37.823318],[144.963817,-37.823315],[144.96382,-37.823312],[144.963823,-37.823308],[144.963844,-37.823286],[144.963849,-37.823281],[144.963855,-37.823277],[144.963861,-37.823272],[144.963868,-37.823269],[144.963876,-37.823266],[144.963884,-37.823264],[144.963892,-37.823262],[144.9639,-37.823262],[144.963908,-37.823262],[144.963917,-37.823262],[144.963925,-37.823264],[144.96393,-37.823265]]],"type":"Polygon"},"properties":{"base_m":220.7,"date_captured":"2023-05-11","footprint_type":"Structure","structure_id":"900483","top_m":268.5},"type":"Feature"},{"geometry":{"coordinates":[[[144.963932,-37.823487],[144.964215,-37.823243],[144.964321,-37.823154],[144.964329,-37.82316],[144.964354,-37.823138],[144.964169,-37.823001],[144.96416,-37.823008],[144.964159,-37.823007],[144.96414,-37.822993],[144.964131,-37.823],[144.964087,-37.822967],[144.964073,-37.82298],[144.964044,-37.822958],[144.964011,-37.822986],[144.963988,-37.822969],[144.963953,-37.822943],[144.963915,-37.822976],[144.963915,-37.822975],[144.96391,-37.822972],[144.963906,-37.82297],[144.9639,-37.822968],[144.963895,-37.822967],[144.963889,-37.822967],[144.963883,-37.822967],[144.963878,-37.822968],[144.963872,-37.82297],[144.963867,-37.822973],[144.963862,-37.822976],[144.963858,-37.82298],[144.963854,-37.822984],[144.963851,-37.822989],[144.963849,-37.822993],[144.963848,-37.822998],[144.963846,-37.823003],[144.963842,-37.823012],[144.963838,-37.823021],[144.963832,-37.823029],[144.963826,-37.823037],[144.963819,-37.823044],[144.963811,-37.823051],[144.963803,-37.823058],[144.963794,-37.823064],[144.963784,-37.823069],[144.963774,-37.823074],[144.963764,-37.823078],[144.963753,-37.823082],[144.963742,-37.823085],[144.963737,-37.823086],[144.963732,-37.823087],[144.963728,-37.82309],[144.963724,-37.823093],[144.96372,-37.823097],[144.963718,-37.8231],[144.963716,-37.823105],[144.963716,-37.823109],[144.963716,-37.823113],[144.963717,-37.823118],[144.963717,-37.823119],[144.96363,-37.823194],[144.963647,-37.823207],[144.963557,-37.823283],[144.96356,-37.823285],[144.963886,-37.823526],[144.963932,-37.823487]]],"type":"Polygon"},"properties":{"base_m":11.7,"date_captured":"2023-05-11","footprint_type":"Structure","structure_id":"900483","top_m":29.9},"type":"Feature"},{"geometry":{"coordinates":[[[144.963932,-37.823487],[144.964215,-37.823243],[144.964321,-37.823154],[144.964329,-37.82316],[144.964354,-37.823138],[144.964169,-37.823001],[144.96416,-37.823008],[144.964159,-37.823007],[144.96414,-37.822993],[144.964131,-37.823],[144.964087,-37.822967],[144.964073,-37.82298],[144.964044,-37.822958],[144.964011,-37.822986],[144.963988,-37.822969],[144.963953,-37.822943],[144.963935,-37.822958],[144.963893,-37.822927],[144.963513,-37.82325],[144.96356,-37.823285],[144.963776,-37.823444],[144.963886,-37.823526],[144.963932,-37.823487]]],"type":"Polygon"},"properties":{"base_m":0.0,"date_captured":"2023-05-11","footprint_type":"Structure","structure_id":"900483","top_m":11.7},"type":"Feature"},{"geometry":{"coordinates":[[[144.963988,-37.822969],[144.963953,-37.822943],[144.963915,-37.822976],[144.963915,-37.822975],[144.96391,-37.822972],[144.963906,-37.82297],[144.9639,-37.822968],[144.963895,-37.822967],[144.963889,-37.822967],[144.963883,-37.822967],[144.963878,-37.822968],[144.963872,-37.82297],[144.963867,-37.822973],[144.963862,-37.822976],[144.963858,-37.82298],[144.963854,-37.822984],[144.963851,-37.822989],[144.963849,-37.822993],[144.963848,-37.822998],[144.963846,-37.823003],[144.963842,-37.823012],[144.963838,-37.823021],[144.963832,-37.823029],[144.963826,-37.823037],[144.963819,-37.823044],[144.963811,-37.823051],[144.963803,-37.823058],[144.963794,-37.823064],[144.963784,-37.823069],[144.963774,-37.823074],[144.963764,-37.823078],[144.963753,-37.823082],[144.963742,-37.823085],[144.963737,-37.823086],[144.963732,-37.823087],[144.963728,-37.82309],[144.963724,-37.823093],[144.96372,-37.823097],[144.963718,-37.8231],[144.963716,-37.823105],[144.963716,-37.823109],[144.963716,-37.823113],[144.963717,-37.823118],[144.963717,-37.823119],[144.96363,-37.823194],[144.96367,-37.823224],[144.963627,-37.823261],[144.963918,-37.823477],[144.963962,-37.82344],[144.96398,-37.823425],[144.964061,-37.823356],[144.964063,-37.823355],[144.964068,-37.823352],[144.964073,-37.823349],[144.964077,-37.823345],[144.96408,-37.823341],[144.964081,-37.823339],[144.964082,-37.823336],[144.964084,-37.823331],[144.964085,-37.823329],[144.964085,-37.823328],[144.964088,-37.823319],[144.964092,-37.82331],[144.964097,-37.823301],[144.964103,-37.823293],[144.96411,-37.823285],[144.964117,-37.823278],[144.964125,-37.823271],[144.964134,-37.823265],[144.964143,-37.823259],[144.964153,-37.823254],[144.964163,-37.823249],[144.964174,-37.823245],[144.964185,-37.823242],[144.964196,-37.823239],[144.9642,-37.823238],[144.964204,-37.823236],[144.964205,-37.823235],[144.964215,-37.823243],[144.964321,-37.823154],[144.964329,-37.82316],[144.964354,-37.823138],[144.964169,-37.823001],[144.96416,-37.823008],[144.964159,-37.823007],[144.96414,-37.822993],[144.964131,-37.823],[144.964087,-37.822967],[144.964073,-37.82298],[144.964044,-37.822958],[144.964011,-37.822986],[144.963988,-37.822969]]],"type":"Polygon"},"properties":{"base_m":29.9,"date_captured":"2023-05-11","footprint_type":"Structure","structure_id":"900483","top_m":34.0},"type":"Feature"},{"geometry":{"coordinates":[[[144.96401,-37.820726],[144.964007,-37.820719],[144.963758,-37.820622],[144.963569,-37.820672],[144.963637,-37.820828],[144.96365,-37.820825],[144.963751,-37.820863],[144.963782,-37.820934],[144.963691,-37.820959],[144.963759,-37.821116],[144.964134,-37.821014],[144.96401,-37.820726]]],"type":"Polygon"},"properties":{"base_m":25.0,"date_captured":"2018-05-28","footprint_type":"Structure","structure_id":"812314","top_m":28.0},"type":"Feature"},{"geometry":{"coordinates":[[[144.96401,-37.820726],[144.96402,-37.820724],[144.963951,-37.820563],[144.963943,-37.820565],[144.963755,-37.820614],[144.963758,-37.820622],[144.963569,-37.820672],[144.963637,-37.820828],[144.96365,-37.820825],[144.963751,-37.820863],[144.963782,-37.820934],[144.963691,-37.820959],[144.963759,-37.821116],[144.964134,-37.821014],[144.96401,-37.820726]]],"type":"Polygon"},"properties":{"base_m":0.0,"date_captured":"2018-05-28","footprint_type":"Structure","structure_id":"812314","top_m":25.0},"type":"Feature"},{"geometry":{"coordinates":[[[144.964012,-37.827503],[144.963624,-37.827614],[144.963539,-37.827638],[144.963569,-37.827705],[144.96353,-37.827742],[144.963486,-37.827719],[144.96342,-37.827693],[144.963399,-37.827693],[144.963374,-37.827695],[144.963348,-37.827697],[144.963323,-37.827701],[144.963299,-37.827706],[144.963275,-37.827712],[144.963251,-37.827719],[144.963228,-37.827728],[144.963206,-37.827737],[144.963185,-37.827748],[144.963164,-37.82776],[144.963144,-37.827773],[144.963134,-37.827781],[144.963116,-37.827795],[144.963099,-37.82781],[144.963083,-37.827826],[144.963069,-37.827843],[144.963056,-37.82786],[144.963045,-37.827878],[144.963035,-37.827896],[144.963026,-37.827915],[144.963019,-37.827935],[144.963014,-37.827954],[144.96301,-37.827974],[144.963008,-37.827994],[144.963007,-37.828014],[144.963008,-37.828034],[144.96301,-37.828054],[144.963014,-37.828074],[144.963015,-37.828074],[144.963028,-37.828092],[144.963042,-37.828108],[144.963058,-37.828124],[144.963076,-37.828139],[144.963094,-37.828153],[144.963113,-37.828166],[144.963134,-37.828178],[144.963155,-37.828189],[144.963177,-37.828199],[144.9632,-37.828208],[144.963223,-37.828216],[144.963247,-37.828223],[144.963272,-37.828228],[144.963297,-37.828232],[144.963322,-37.828235],[144.963347,-37.828236],[144.963373,-37.828237],[144.963398,-37.828236],[144.963424,-37.828234],[144.963449,-37.82823],[144.963474,-37.828226],[144.963498,-37.82822],[144.963522,-37.828212],[144.963545,-37.828204],[144.963568,-37.828195],[144.963589,-37.828184],[144.96361,-37.828173],[144.96363,-37.82816],[144.963645,-37.828139],[144.963729,-37.828174],[144.963775,-37.828159],[144.963844,-37.828311],[144.964318,-37.828176],[144.964012,-37.827503]]],"type":"Polygon"},"properties":{"base_m":0.0,"date_captured":"2018-05-28","footprint_type":"Structure","structure_id":"813064","top_m":11.0},"type":"Feature"},{"geometry":{"coordinates":[[[144.964016,-37.828603],[144.963653,-37.828525],[144.963555,-37.828811],[144.963891,-37.828883],[144.963918,-37.828889],[144.964016,-37.828603]]],"type":"Polygon"},"properties":{"base_m":3.5,"date_captured":"2018-05-28","footprint_type":"Structure","structure_id":"806226","top_m":6.0},"type":"Feature"},{"geometry":{"coordinates":[[[144.964026,-37.822152],[144.963987,-37.82212],[144.963878,-37.822205],[144.963927,-37.822245],[144.963973,-37.82221],[144.964036,-37.82216],[144.964026,-37.822152]]],"type":"Polygon"},"properties":{"base_m":15.0,"date_captured":"2018-05-28","footprint_type":"Structure","structure_id":"803606","top_m":20.0},"type":"Feature"},{"geometry":{"coordinates":[[[144.96405,-37.82176],[144.963944,-37.821656],[144.963532,-37.821974],[144.963604,-37.822044],[144.963649,-37.822077],[144.96405,-37.82176]]],"type":"Polygon"},"properties":{"base_m":0.0,"date_captured":"2018-05-28","footprint_type":"Structure","structure_id":"803607","top_m":21.0},"type":"Feature"},{"geometry":{"coordinates":[[[144.96405,-37.823093],[144.964025,-37.823074],[144.964017,-37.823068],[144.963996,-37.823051],[144.963975,-37.823034],[144.963956,-37.823016],[144.963937,-37.822998],[144.963918,-37.822979],[144.963915,-37.822975],[144.96391,-37.822972],[144.963906,-37.82297],[144.9639,-37.822968],[144.963895,-37.822967],[144.963889,-37.822967],[144.963883,-37.822967],[144.963878,-37.822968],[144.963872,-37.82297],[144.963867,-37.822973],[144.963862,-37.822976],[144.963858,-37.82298],[144.963854,-37.822984],[144.963851,-37.822989],[144.963849,-37.822993],[144.963848,-37.822998],[144.963846,-37.823003],[144.963842,-37.823012],[144.963838,-37.823021],[144.963832,-37.823029],[144.963826,-37.823037],[144.963819,-37.823044],[144.963811,-37.823051],[144.963803,-37.823058],[144.963794,-37.823064],[144.963784,-37.823069],[144.963774,-37.823074],[144.963764,-37.823078],[144.963753,-37.823082],[144.963742,-37.823085],[144.963737,-37.823086],[144.963732,-37.823087],[144.963728,-37.82309],[144.963724,-37.823093],[144.96372,-37.823097],[144.963718,-37.8231],[144.963716,-37.823105],[144.963716,-37.823109],[144.963716,-37.823113],[144.963717,-37.823118],[144.963719,-37.823122],[144.963721,-37.823126],[144.963725,-37.823129],[144.963729,-37.823132],[144.9638,-37.823171],[144.963822,-37.823185],[144.963848,-37.823203],[144.963873,-37.82322],[144.963898,-37.823238],[144.963922,-37.823257],[144.963933,-37.823268],[144.963977,-37.823308],[144.964021,-37.823348],[144.964025,-37.823351],[144.96403,-37.823354],[144.964035,-37.823356],[144.96404,-37.823357],[144.964046,-37.823358],[144.964052,-37.823358],[144.964057,-37.823357],[144.964063,-37.823355],[144.964068,-37.823352],[144.964073,-37.823349],[144.964077,-37.823345],[144.96408,-37.823341],[144.964082,-37.823336],[144.964084,-37.823331],[144.964085,-37.823328],[144.964088,-37.823319],[144.964092,-37.82331],[144.964097,-37.823301],[144.964103,-37.823293],[144.96411,-37.823285],[144.964117,-37.823278],[144.964125,-37.823271],[144.964134,-37.823265],[144.964143,-37.823259],[144.964153,-37.823254],[144.964163,-37.823249],[144.964174,-37.823245],[144.964185,-37.823242],[144.964196,-37.823239],[144.9642,-37.823238],[144.964204,-37.823236],[144.964209,-37.823233],[144.964212,-37.823229],[144.964215,-37.823225],[144.964217,-37.823221],[144.964219,-37.823217],[144.964219,-37.823212],[144.964218,-37.823208],[144.964217,-37.823203],[144.964215,-37.823199],[144.964211,-37.823196],[144.964208,-37.823192],[144.964203,-37.823189],[144.964182,-37.823178],[144.964154,-37.823162],[144.964128,-37.823146],[144.964101,-37.823129],[144.964075,-37.823111],[144.96405,-37.823093]]],"type":"Polygon"},"properties":{"base_m":268.5,"date_captured":"2023-05-11","footprint_type":"Structure","structure_id":"900483","top_m":316.5},"type":"Feature"},{"geometry":{"coordinates":[[[144.964063,-37.822283],[144.96409,-37.822304],[144.96408,-37.822312],[144.964099,-37.822327],[144.964101,-37.822326],[144.964133,-37.822322],[144.96414,-37.82232],[144.964149,-37.822317],[144.964157,-37.822314],[144.964164,-37.822311],[144.964172,-37.822307],[144.964175,-37.822306],[144.964376,-37.822145],[144.964379,-37.82214],[144.964383,-37.822135],[144.964386,-37.822129],[144.964388,-37.822124],[144.96439,-37.822118],[144.964392,-37.822112],[144.964393,-37.822107],[144.964394,-37.822101],[144.964394,-37.822095],[144.964394,-37.822091],[144.964377,-37.822078],[144.964367,-37.822085],[144.964339,-37.822063],[144.964063,-37.822283]]],"type":"Polygon"},"properties":{"base_m":15.0,"date_captured":"2018-05-28","footprint_type":"Structure","structure_id":"803606","top_m":22.5},"type":"Feature"},{"geometry":{"coordinates":[[[144.964065,-37.821816],[144.963958,-37.821899],[144.964105,-37.822018],[144.964112,-37.822023],[144.964151,-37.822055],[144.964026,-37.822152],[144.963987,-37.82212],[144.96398,-37.822115],[144.963835,-37.821998],[144.963726,-37.822082],[144.963878,-37.822205],[144.963927,-37.822245],[144.963973,-37.82221],[144.964063,-37.822283],[144.96409,-37.822304],[144.96408,-37.822312],[144.964099,-37.822327],[144.964101,-37.822326],[144.964133,-37.822322],[144.96414,-37.82232],[144.964149,-37.822317],[144.964157,-37.822314],[144.964164,-37.822311],[144.964172,-37.822307],[144.964175,-37.822306],[144.964376,-37.822145],[144.964379,-37.82214],[144.964383,-37.822135],[144.964386,-37.822129],[144.964388,-37.822124],[144.96439,-37.822118],[144.964392,-37.822112],[144.964393,-37.822107],[144.964394,-37.822101],[144.964394,-37.822095],[144.964394,-37.822091],[144.964377,-37.822078],[144.964367,-37.822085],[144.964339,-37.822063],[144.964252,-37.821993],[144.964274,-37.821976],[144.964224,-37.821936],[144.964218,-37.82194],[144.964065,-37.821816]]],"type":"Polygon"},"properties":{"base_m":0.0,"date_captured":"2018-05-28","footprint_type":"Structure","structure_id":"803606","top_m":15.0},"type":"Feature"},{"geometry":{"coordinates":[[[144.964081,-37.823339],[144.964082,-37.823336],[144.964084,-37.823331],[144.964085,-37.823329],[144.964085,-37.823328],[144.964088,-37.823319],[144.964092,-37.82331],[144.964097,-37.823301],[144.964103,-37.823293],[144.96411,-37.823285],[144.964117,-37.823278],[144.964125,-37.823271],[144.964134,-37.823265],[144.964143,-37.823259],[144.964153,-37.823254],[144.964163,-37.823249],[144.964174,-37.823245],[144.964185,-37.823242],[144.964196,-37.823239],[144.9642,-37.823238],[144.964204,-37.823236],[144.964209,-37.823233],[144.964212,-37.823229],[144.964215,-37.823225],[144.964217,-37.823221],[144.964219,-37.823217],[144.964219,-37.823212],[144.964219,-37.823209],[144.964308,-37.823133],[144.964258,-37.823096],[144.964268,-37.823088],[144.964245,-37.82307],[144.964159,-37.823007],[144.96414,-37.822993],[144.964128,-37.823003],[144.964127,-37.823004],[144.964123,-37.823006],[144.964119,-37.823009],[144.964119,-37.823009],[144.964111,-37.823017],[144.964101,-37.823025],[144.964091,-37.823032],[144.964082,-37.823038],[144.963988,-37.822969],[144.963945,-37.823005],[144.963937,-37.822998],[144.963918,-37.822979],[144.963915,-37.822975],[144.96391,-37.822972],[144.963906,-37.82297],[144.9639,-37.822968],[144.963895,-37.822967],[144.963889,-37.822967],[144.963883,-37.822967],[144.963878,-37.822968],[144.963872,-37.82297],[144.963867,-37.822973],[144.963862,-37.822976],[144.963858,-37.82298],[144.963854,-37.822984],[144.963851,-37.822989],[144.963849,-37.822993],[144.963848,-37.822998],[144.963846,-37.823003],[144.963842,-37.823012],[144.963838,-37.823021],[144.963832,-37.823029],[144.963826,-37.823037],[144.963819,-37.823044],[144.963811,-37.823051],[144.963803,-37.823058],[144.963794,-37.823064],[144.963784,-37.823069],[144.963774,-37.823074],[144.963764,-37.823078],[144.963753,-37.823082],[144.963742,-37.823085],[144.963737,-37.823086],[144.963732,-37.823087],[144.963728,-37.82309],[144.963724,-37.823093],[144.96372,-37.823097],[144.963718,-37.8231],[144.963716,-37.823105],[144.963716,-37.823109],[144.963716,-37.823113],[144.963717,-37.823118],[144.963717,-37.823119],[144.96363,-37.823194],[144.963677,-37.823229],[144.963677,-37.82323],[144.963677,-37.823234],[144.963678,-37.823238],[144.96368,-37.823242],[144.963682,-37.823245],[144.963686,-37.823249],[144.96369,-37.823251],[144.963693,-37.823253],[144.963704,-37.823258],[144.963714,-37.823263],[144.963725,-37.823269],[144.963734,-37.823276],[144.963743,-37.823283],[144.963752,-37.823291],[144.963759,-37.823299],[144.963766,-37.823308],[144.963769,-37.823312],[144.963772,-37.823315],[144.963777,-37.823317],[144.963781,-37.82332],[144.963786,-37.823321],[144.963792,-37.823322],[144.963797,-37.823322],[144.963802,-37.823321],[144.963962,-37.82344],[144.964061,-37.823356],[144.964063,-37.823355],[144.964068,-37.823352],[144.964073,-37.823349],[144.964077,-37.823345],[144.96408,-37.823341],[144.964081,-37.823339]]],"type":"Polygon"},"properties":{"base_m":34.0,"date_captured":"2023-05-11","footprint_type":"Structure","structure_id":"900483","top_m":42.5},"type":"Feature"},{"geometry":{"coordinates":[[[144.964116,-37.828624],[144.964016,-37.828603],[144.963653,-37.828525],[144.963555,-37.828811],[144.963891,-37.828883],[144.963848,-37.82901],[144.963974,-37.829038],[144.964116,-37.828624]]],"type":"Polygon"},"properties":{"base_m":0.0,"date_captured":"2018-05-28","footprint_type":"Structure","structure_id":"806226","top_m":3.5},"type":"Feature"},{"geometry":{"coordinates":[[[144.964165,-37.823558],[144.964077,-37.823493],[144.963776,-37.823749],[144.963823,-37.823784],[144.964102,-37.823547],[144.964142,-37.823577],[144.964165,-37.823558]]],"type":"Polygon"},"properties":{"base_m":10.5,"date_captured":"2018-05-28","footprint_type":"Structure","structure_id":"809464","top_m":14.0},"type":"Feature"},{"geometry":{"coordinates":[[[144.964218,-37.828313],[144.964042,-37.828275],[144.963784,-37.82835],[144.963773,-37.828384],[144.964164,-37.828469],[144.964218,-37.828313]]],"type":"Polygon"},"properties":{"base_m":0.0,"date_captured":"2018-05-28","footprint_type":"Structure","structure_id":"806227","top_m":6.0},"type":"Feature"},{"geometry":{"coordinates":[[[144.964227,-37.82391],[144.964313,-37.823837],[144.964379,-37.823781],[144.96416,-37.823619],[144.964093,-37.823676],[144.964008,-37.823748],[144.96394,-37.823805],[144.964159,-37.823968],[144.964227,-37.82391]]],"type":"Polygon"},"properties":{"base_m":10.5,"date_captured":"2018-05-28","footprint_type":"Structure","structure_id":"809464","top_m":55.5},"type":"Feature"},{"geometry":{"coordinates":[[[144.964252,-37.821993],[144.964274,-37.821976],[144.964224,-37.821936],[144.964218,-37.82194],[144.964112,-37.822023],[144.964151,-37.822055],[144.964161,-37.822063],[144.964252,-37.821993]]],"type":"Polygon"},"properties":{"base_m":15.0,"date_captured":"2018-05-28","footprint_type":"Structure","structure_id":"803606","top_m":20.0},"type":"Feature"},{"geometry":{"coordinates":[[[144.964267,-37.823103],[144.964258,-37.823096],[144.964268,-37.823088],[144.964245,-37.82307],[144.964159,-37.823007],[144.96414,-37.822993],[144.964128,-37.823003],[144.964127,-37.823004],[144.964123,-37.823006],[144.964119,-37.823009],[144.964119,-37.823009],[144.964111,-37.823017],[144.964101,-37.823025],[144.964091,-37.823032],[144.964082,-37.823038],[144.96407,-37.82303],[144.963988,-37.822969],[144.963956,-37.822995],[144.963945,-37.823005],[144.963937,-37.822998],[144.963918,-37.822979],[144.963915,-37.822975],[144.96391,-37.822972],[144.963906,-37.82297],[144.9639,-37.822968],[144.963895,-37.822967],[144.963889,-37.822967],[144.963883,-37.822967],[144.963878,-37.822968],[144.963872,-37.82297],[144.963867,-37.822973],[144.963862,-37.822976],[144.963858,-37.82298],[144.963854,-37.822984],[144.963851,-37.822989],[144.963849,-37.822993],[144.963848,-37.822998],[144.963846,-37.823003],[144.963842,-37.823012],[144.963838,-37.823021],[144.963832,-37.823029],[144.963826,-37.823037],[144.963819,-37.823044],[144.963811,-37.823051],[144.963803,-37.823058],[144.963794,-37.823064],[144.963784,-37.823069],[144.963774,-37.823074],[144.963764,-37.823078],[144.963753,-37.823082],[144.963742,-37.823085],[144.963737,-37.823086],[144.963732,-37.823087],[144.963728,-37.82309],[144.963724,-37.823093],[144.96372,-37.823097],[144.963718,-37.8231],[144.963716,-37.823105],[144.963716,-37.823109],[144.963716,-37.823113],[144.963717,-37.823118],[144.963717,-37.823119],[144.963709,-37.823126],[144.963742,-37.823151],[144.963663,-37.823218],[144.963677,-37.823229],[144.963677,-37.82323],[144.963677,-37.823234],[144.963678,-37.823238],[144.96368,-37.823242],[144.963682,-37.823245],[144.963686,-37.823249],[144.96369,-37.823251],[144.963693,-37.823253],[144.963704,-37.823258],[144.963714,-37.823263],[144.963725,-37.823269],[144.963734,-37.823276],[144.963743,-37.823283],[144.963752,-37.823291],[144.963759,-37.823299],[144.963766,-37.823308],[144.963769,-37.823312],[144.963772,-37.823315],[144.963777,-37.823317],[144.963781,-37.82332],[144.963786,-37.823321],[144.963792,-37.823322],[144.963797,-37.823322],[144.963802,-37.823321],[144.963815,-37.823331],[144.963846,-37.823304],[144.963934,-37.823369],[144.963985,-37.823326],[144.964044,-37.823371],[144.964061,-37.823356],[144.964063,-37.823355],[144.964068,-37.823352],[144.964073,-37.823349],[144.964077,-37.823345],[144.96408,-37.823341],[144.964081,-37.823339],[144.964082,-37.823336],[144.964084,-37.823331],[144.964085,-37.823329],[144.964085,-37.823328],[144.964088,-37.823319],[144.964092,-37.82331],[144.964097,-37.823301],[144.964103,-37.823293],[144.96411,-37.823285],[144.964117,-37.823278],[144.964125,-37.823271],[144.964134,-37.823265],[144.964143,-37.823259],[144.964153,-37.823254],[144.964163,-37.823249],[144.964174,-37.823245],[144.964185,-37.823242],[144.964196,-37.823239],[144.9642,-37.823238],[144.964204,-37.823236],[144.964209,-37.823233],[144.964212,-37.823229],[144.964215,-37.823225],[144.964217,-37.823221],[144.964219,-37.823217],[144.964219,-37.823212],[144.964219,-37.823209],[144.96423,-37.823199],[144.964191,-37.823171],[144.964267,-37.823103]]],"type":"Polygon"},"properties":{"base_m":42.5,"date_captured":"2023-05-11","footprint_type":"Structure","structure_id":"900483","top_m":220.7},"type":"Feature"},{"geometry":{"coordinates":[[[144.964281,-37.825577],[144.964284,-37.825563],[144.964286,-37.825549],[144.964286,-37.825535],[144.964291,-37.825532],[144.964288,-37.825521],[144.964285,-37.82551],[144.96428,-37.825499],[144.964274,-37.825489],[144.964268,-37.825479],[144.964272,-37.825477],[144.964266,-37.825469],[144.964259,-37.825461],[144.964252,-37.825454],[144.964245,-37.825447],[144.964236,-37.82544],[144.964227,-37.825434],[144.964229,-37.82543],[144.964217,-37.825422],[144.964205,-37.825414],[144.964191,-37.825408],[144.964177,-37.825402],[144.964163,-37.825397],[144.964154,-37.825394],[144.964132,-37.825417],[144.964108,-37.825428],[144.964071,-37.82543],[144.964071,-37.825436],[144.964072,-37.825453],[144.964075,-37.825469],[144.964079,-37.825484],[144.964084,-37.8255],[144.96408,-37.825505],[144.964083,-37.825514],[144.964087,-37.825523],[144.964092,-37.825531],[144.964098,-37.82554],[144.964105,-37.825547],[144.964112,-37.825555],[144.964119,-37.825562],[144.964127,-37.825569],[144.964136,-37.825575],[144.964146,-37.825581],[144.964155,-37.825587],[144.964165,-37.825591],[144.964176,-37.825596],[144.964187,-37.8256],[144.964198,-37.825603],[144.964209,-37.825605],[144.964221,-37.825607],[144.964222,-37.825611],[144.964226,-37.825611],[144.96423,-37.825611],[144.964233,-37.82561],[144.964237,-37.82561],[144.964241,-37.825609],[144.964245,-37.825608],[144.964248,-37.825606],[144.964252,-37.825605],[144.964255,-37.825603],[144.964259,-37.825601],[144.964262,-37.825599],[144.964265,-37.825597],[144.964267,-37.825595],[144.96427,-37.825592],[144.964272,-37.82559],[144.964277,-37.82559],[144.964281,-37.825577]]],"type":"Polygon"},"properties":{"base_m":0.0,"date_captured":"2018-05-28","footprint_type":"Structure","structure_id":"801987","top_m":6.0},"type":"Feature"},{"geometry":{"coordinates":[[[144.964313,-37.823837],[144.964307,-37.823832],[144.964356,-37.82379],[144.964319,-37.823763],[144.96433,-37.823754],[144.964199,-37.823657],[144.964189,-37.823666],[144.964152,-37.823638],[144.964101,-37.823682],[144.964093,-37.823676],[144.964008,-37.823748],[144.964016,-37.823753],[144.963965,-37.823796],[144.964004,-37.823825],[144.963993,-37.823834],[144.964123,-37.82393],[144.964134,-37.823921],[144.964172,-37.823949],[144.964222,-37.823906],[144.964227,-37.82391],[144.964313,-37.823837]]],"type":"Polygon"},"properties":{"base_m":55.5,"date_captured":"2018-05-28","footprint_type":"Structure","structure_id":"809464","top_m":58.5},"type":"Feature"},{"geometry":{"coordinates":[[[144.964318,-37.828176],[144.964012,-37.827503],[144.963624,-37.827614],[144.963539,-37.827638],[144.963569,-37.827705],[144.963575,-37.827718],[144.963493,-37.827795],[144.963517,-37.827813],[144.963527,-37.827822],[144.963541,-37.827836],[144.963554,-37.827849],[144.963565,-37.827864],[144.963575,-37.827879],[144.963584,-37.827894],[144.963585,-37.827894],[144.963592,-37.82791],[144.963599,-37.827926],[144.963604,-37.827943],[144.963608,-37.82796],[144.963611,-37.827977],[144.963612,-37.827994],[144.963612,-37.828011],[144.963605,-37.828052],[144.963737,-37.828074],[144.963775,-37.828159],[144.963844,-37.828311],[144.964318,-37.828176]]],"type":"Polygon"},"properties":{"base_m":11.0,"date_captured":"2018-05-28","footprint_type":"Structure","structure_id":"813064","top_m":14.5},"type":"Feature"},{"geometry":{"coordinates":[[[144.964339,-37.822063],[144.964252,-37.821993],[144.964161,-37.822063],[144.964151,-37.822055],[144.964026,-37.822152],[144.964036,-37.82216],[144.963973,-37.82221],[144.964063,-37.822283],[144.964339,-37.822063]]],"type":"Polygon"},"properties":{"base_m":15.0,"date_captured":"2018-05-28","footprint_type":"Structure","structure_id":"803606","top_m":22.5},"type":"Feature"},{"geometry":{"coordinates":[[[144.964339,-37.827478],[144.964311,-37.827418],[144.964311,-37.827418],[144.964259,-37.827432],[144.964287,-37.827493],[144.964339,-37.827478]]],"type":"Polygon"},"properties":{"base_m":0.0,"date_captured":"2018-05-28","footprint_type":"Structure","structure_id":"813063","top_m":4.0},"type":"Feature"},{"geometry":{"coordinates":[[[144.964385,-37.827756],[144.964409,-37.827749],[144.964385,-37.827695],[144.964361,-37.827702],[144.964385,-37.827756]]],"type":"Polygon"},"properties":{"base_m":0.0,"date_captured":"2023-05-11","footprint_type":"Structure","structure_id":"903397","top_m":3.1},"type":"Feature"},{"geometry":{"coordinates":[[[144.964392,-37.827628],[144.964347,-37.827534],[144.964234,-37.827567],[144.964279,-37.827661],[144.964392,-37.827628]]],"type":"Polygon"},"properties":{"base_m":0.0,"date_captured":"2018-05-28","footprint_type":"Structure","structure_id":"813065","top_m":5.5},"type":"Feature"},{"geometry":{"coordinates":[[[144.964398,-37.824385],[144.964377,-37.824369],[144.964322,-37.824416],[144.964343,-37.824431],[144.964398,-37.824385]]],"type":"Polygon"},"properties":{"base_m":0.0,"date_captured":"2023-05-11","footprint_type":"Structure","structure_id":"816364","top_m":2.2},"type":"Feature"},{"geometry":{"coordinates":[[[144.964416,-37.824588],[144.964429,-37.824577],[144.96444,-37.824585],[144.964495,-37.824537],[144.964409,-37.824474],[144.964354,-37.824521],[144.964365,-37.824529],[144.964352,-37.824541],[144.964416,-37.824588]]],"type":"Polygon"},"properties":{"base_m":9.7,"date_captured":"2023-05-11","footprint_type":"Structure","structure_id":"816361","top_m":13.2},"type":"Feature"},{"geometry":{"coordinates":[[[144.964435,-37.8244],[144.96477,-37.824113],[144.964666,-37.824036],[144.964563,-37.824124],[144.964571,-37.824129],[144.964512,-37.82418],[144.964505,-37.824175],[144.964349,-37.824308],[144.964411,-37.824353],[144.964393,-37.824369],[144.964435,-37.8244]]],"type":"Polygon"},"properties":{"base_m":5.4,"date_captured":"2023-05-11","footprint_type":"Structure","structure_id":"816361","top_m":10.6},"type":"Feature"},{"geometry":{"coordinates":[[[144.964452,-37.823771],[144.964165,-37.823558],[144.964077,-37.823493],[144.963776,-37.823749],[144.963823,-37.823784],[144.963864,-37.823814],[144.964152,-37.824026],[144.964452,-37.823771]]],"type":"Polygon"},"properties":{"base_m":0.0,"date_captured":"2018-05-28","footprint_type":"Structure","structure_id":"809464","top_m":10.5},"type":"Feature"},{"geometry":{"coordinates":[[[144.964471,-37.821423],[144.96441,-37.821392],[144.964386,-37.821422],[144.964325,-37.821416],[144.964361,-37.821493],[144.964414,-37.821608],[144.964397,-37.821629],[144.964495,-37.821679],[144.964667,-37.821768],[144.964677,-37.821773],[144.964702,-37.821742],[144.964706,-37.821742],[144.964761,-37.821745],[144.964746,-37.821714],[144.964724,-37.821668],[144.96467,-37.821558],[144.96469,-37.821533],[144.964649,-37.821513],[144.964625,-37.821463],[144.964593,-37.821484],[144.964587,-37.821482],[144.964471,-37.821423]]],"type":"Polygon"},"properties":{"base_m":207.0,"date_captured":"2018-05-28","footprint_type":"Structure","structure_id":"815210","top_m":291.5},"type":"Feature"},{"geometry":{"coordinates":[[[144.964471,-37.821423],[144.96441,-37.821392],[144.964386,-37.821422],[144.964368,-37.821444],[144.964434,-37.821477],[144.96438,-37.821493],[144.964407,-37.821549],[144.964484,-37.821526],[144.964496,-37.821538],[144.964463,-37.821558],[144.964473,-37.821569],[144.964454,-37.821583],[144.964441,-37.821576],[144.964414,-37.821608],[144.964397,-37.821629],[144.964495,-37.821679],[144.964667,-37.821768],[144.964677,-37.821773],[144.964702,-37.821742],[144.96472,-37.821721],[144.964652,-37.821685],[144.964708,-37.821668],[144.964681,-37.821612],[144.964604,-37.821636],[144.964591,-37.821624],[144.964623,-37.821602],[144.964612,-37.821592],[144.964632,-37.821578],[144.964648,-37.821586],[144.96467,-37.821558],[144.96469,-37.821533],[144.964649,-37.821513],[144.964593,-37.821484],[144.964587,-37.821482],[144.964471,-37.821423]]],"type":"Polygon"},"properties":{"base_m":291.5,"date_captured":"2018-05-28","footprint_type":"Structure","structure_id":"815210","top_m":297.5},"type":"Feature"},{"geometry":{"coordinates":[[[144.964487,-37.820954],[144.964476,-37.820928],[144.964433,-37.820939],[144.964411,-37.820945],[144.96441,-37.820946],[144.964409,-37.820947],[144.964408,-37.820948],[144.964408,-37.820948],[144.964407,-37.820949],[144.964406,-37.82095],[144.964406,-37.820951],[144.964406,-37.820952],[144.964405,-37.820953],[144.964405,-37.820954],[144.964405,-37.820955],[144.964405,-37.820956],[144.964405,-37.820956],[144.964405,-37.820957],[144.964405,-37.820958],[144.964405,-37.820959],[144.964405,-37.82096],[144.964405,-37.820961],[144.964406,-37.820963],[144.964407,-37.820964],[144.964407,-37.820964],[144.964408,-37.820965],[144.964409,-37.820966],[144.96441,-37.820967],[144.96441,-37.820967],[144.964411,-37.820968],[144.964412,-37.820969],[144.964413,-37.820969],[144.964414,-37.82097],[144.964415,-37.82097],[144.964416,-37.82097],[144.964417,-37.820971],[144.964419,-37.820971],[144.96442,-37.820971],[144.964421,-37.820971],[144.964422,-37.820972],[144.964423,-37.820972],[144.964445,-37.820966],[144.964487,-37.820954]]],"type":"Polygon"},"properties":{"base_m":57.0,"date_captured":"2018-05-28","footprint_type":"Structure","structure_id":"803918","top_m":61.0},"type":"Feature"},{"geometry":{"coordinates":[[[144.964582,-37.821257],[144.964479,-37.821323],[144.964515,-37.821358],[144.963995,-37.821498],[144.964111,-37.821611],[144.964521,-37.822011],[144.964553,-37.821992],[144.964667,-37.822102],[144.964718,-37.822069],[144.964746,-37.822096],[144.964918,-37.821985],[144.96493,-37.821977],[144.964943,-37.821969],[144.964907,-37.821934],[144.964904,-37.821935],[144.964821,-37.821855],[144.964802,-37.821836],[144.964706,-37.821742],[144.964761,-37.821745],[144.964746,-37.821714],[144.964821,-37.821666],[144.964908,-37.82161],[144.964936,-37.821602],[144.964982,-37.82159],[144.964989,-37.821588],[144.964976,-37.821575],[144.964936,-37.821536],[144.964754,-37.821359],[144.964685,-37.821293],[144.96466,-37.821269],[144.96462,-37.821295],[144.964582,-37.821257]]],"type":"Polygon"},"properties":{"base_m":5.5,"date_captured":"2018-05-28","footprint_type":"Structure","structure_id":"815210","top_m":9.5},"type":"Feature"},{"geometry":{"coordinates":[[[144.964582,-37.821257],[144.964479,-37.821323],[144.964515,-37.821358],[144.963995,-37.821498],[144.964111,-37.821611],[144.964521,-37.822011],[144.96458,-37.822069],[144.964677,-37.822163],[144.964722,-37.822143],[144.964888,-37.822034],[144.964948,-37.821995],[144.96493,-37.821977],[144.964943,-37.821969],[144.964907,-37.821934],[144.964904,-37.821935],[144.964821,-37.821855],[144.964802,-37.821836],[144.964706,-37.821742],[144.964761,-37.821745],[144.964746,-37.821714],[144.964821,-37.821666],[144.964908,-37.82161],[144.964936,-37.821602],[144.964982,-37.82159],[144.964989,-37.821588],[144.964976,-37.821575],[144.964936,-37.821536],[144.964754,-37.821359],[144.964685,-37.821293],[144.96466,-37.821269],[144.96462,-37.821295],[144.964582,-37.821257]]],"type":"Polygon"},"properties":{"base_m":0.0,"date_captured":"2018-05-28","footprint_type":"Structure","structure_id":"815210","top_m":5.5},"type":"Feature"},{"geometry":{"coordinates":[[[144.964582,-37.821257],[144.964479,-37.821323],[144.964515,-37.821358],[144.964519,-37.821362],[144.964492,-37.821378],[144.964511,-37.821398],[144.964471,-37.821423],[144.96441,-37.821392],[144.964386,-37.821422],[144.964325,-37.821416],[144.964361,-37.821493],[144.964257,-37.821564],[144.96425,-37.821558],[144.964231,-37.821569],[144.964209,-37.821549],[144.964111,-37.821611],[144.964521,-37.822011],[144.964553,-37.821992],[144.964667,-37.822102],[144.964718,-37.822069],[144.964746,-37.822096],[144.964918,-37.821985],[144.96493,-37.821977],[144.964943,-37.821969],[144.964907,-37.821934],[144.964904,-37.821935],[144.964821,-37.821855],[144.964802,-37.821836],[144.964706,-37.821742],[144.964761,-37.821745],[144.964746,-37.821714],[144.964821,-37.821666],[144.964908,-37.82161],[144.964936,-37.821602],[144.964982,-37.82159],[144.964989,-37.821588],[144.964976,-37.821575],[144.964936,-37.821536],[144.964754,-37.821359],[144.964685,-37.821293],[144.96466,-37.821269],[144.96462,-37.821295],[144.964582,-37.821257]]],"type":"Polygon"},"properties":{"base_m":9.5,"date_captured":"2018-05-28","footprint_type":"Structure","structure_id":"815210","top_m":13.0},"type":"Feature"},{"geometry":{"coordinates":[[[144.964595,-37.823232],[144.964563,-37.823209],[144.964495,-37.823266],[144.964503,-37.823273],[144.964491,-37.823283],[144.964552,-37.823329],[144.964562,-37.823321],[144.964566,-37.823324],[144.964633,-37.823267],[144.964591,-37.823236],[144.964595,-37.823232]]],"type":"Polygon"},"properties":{"base_m":68.0,"date_captured":"2018-05-28","footprint_type":"Structure","structure_id":"814975","top_m":71.0},"type":"Feature"},{"geometry":{"coordinates":[[[144.964595,-37.823332],[144.964577,-37.823347],[144.964575,-37.823345],[144.964543,-37.823371],[144.964586,-37.823405],[144.964597,-37.823396],[144.9646,-37.823398],[144.964639,-37.823367],[144.964595,-37.823332]]],"type":"Polygon"},"properties":{"base_m":68.0,"date_captured":"2018-05-28","footprint_type":"Structure","structure_id":"814975","top_m":73.0},"type":"Feature"},{"geometry":{"coordinates":[[[144.964631,-37.820792],[144.964629,-37.820787],[144.964625,-37.820775],[144.964622,-37.820763],[144.96462,-37.82075],[144.964619,-37.820738],[144.964619,-37.820736],[144.96462,-37.820724],[144.964621,-37.820711],[144.964623,-37.820699],[144.964626,-37.820686],[144.964629,-37.820677],[144.964633,-37.820668],[144.964637,-37.820659],[144.964642,-37.82065],[144.964648,-37.820642],[144.964655,-37.820634],[144.964662,-37.820626],[144.96467,-37.820619],[144.964678,-37.820612],[144.964683,-37.820608],[144.964692,-37.820602],[144.964701,-37.820596],[144.964711,-37.820591],[144.964722,-37.820586],[144.964732,-37.820582],[144.964744,-37.820578],[144.964855,-37.820548],[144.964818,-37.820462],[144.964793,-37.820466],[144.964767,-37.820471],[144.964742,-37.820478],[144.964718,-37.820486],[144.964694,-37.820495],[144.964671,-37.820506],[144.964666,-37.820508],[144.964644,-37.82052],[144.964623,-37.820533],[144.964603,-37.820547],[144.964584,-37.820561],[144.964567,-37.820577],[144.964558,-37.820588],[144.964547,-37.820601],[144.964538,-37.820615],[144.96453,-37.820629],[144.964523,-37.820643],[144.964518,-37.820658],[144.964513,-37.820673],[144.96451,-37.820689],[144.964509,-37.820697],[144.964507,-37.820712],[144.964507,-37.820728],[144.964508,-37.820743],[144.96451,-37.820759],[144.964514,-37.820774],[144.964518,-37.820789],[144.964524,-37.820804],[144.964531,-37.820818],[144.964631,-37.820792]]],"type":"Polygon"},"properties":{"base_m":6.5,"date_captured":"2018-05-28","footprint_type":"Structure","structure_id":"803918","top_m":19.0},"type":"Feature"},{"geometry":{"coordinates":[[[144.964643,-37.821317],[144.964636,-37.82131],[144.96462,-37.821295],[144.964582,-37.821257],[144.964479,-37.821323],[144.964515,-37.821358],[144.964519,-37.821362],[144.964492,-37.821378],[144.964511,-37.821398],[144.964471,-37.821423],[144.96441,-37.821392],[144.964386,-37.821422],[144.964325,-37.821416],[144.964361,-37.821493],[144.964257,-37.821564],[144.96425,-37.821558],[144.964231,-37.821569],[144.964209,-37.821549],[144.964111,-37.821611],[144.964521,-37.822011],[144.964553,-37.821992],[144.964594,-37.821966],[144.96462,-37.821989],[144.964821,-37.821855],[144.964802,-37.821836],[144.964706,-37.821742],[144.964761,-37.821745],[144.964746,-37.821714],[144.964821,-37.821666],[144.964908,-37.82161],[144.964936,-37.821602],[144.964643,-37.821317]]],"type":"Polygon"},"properties":{"base_m":23.0,"date_captured":"2018-05-28","footprint_type":"Structure","structure_id":"815210","top_m":26.0},"type":"Feature"},{"geometry":{"coordinates":[[[144.964643,-37.821317],[144.964636,-37.82131],[144.96462,-37.821295],[144.964582,-37.821257],[144.964479,-37.821323],[144.964515,-37.821358],[144.964519,-37.821362],[144.964492,-37.821378],[144.964511,-37.821398],[144.964471,-37.821423],[144.96441,-37.821392],[144.964386,-37.821422],[144.964325,-37.821416],[144.964361,-37.821493],[144.964257,-37.821564],[144.96425,-37.821558],[144.964231,-37.821569],[144.964209,-37.821549],[144.964111,-37.821611],[144.964521,-37.822011],[144.964553,-37.821992],[144.964667,-37.822102],[144.964718,-37.822069],[144.964746,-37.822096],[144.964918,-37.821985],[144.96493,-37.821977],[144.964943,-37.821969],[144.964907,-37.821934],[144.964904,-37.821935],[144.964821,-37.821855],[144.964802,-37.821836],[144.964706,-37.821742],[144.964761,-37.821745],[144.964746,-37.821714],[144.964821,-37.821666],[144.964908,-37.82161],[144.964936,-37.821602],[144.964643,-37.821317]]],"type":"Polygon"},"properties":{"base_m":13.0,"date_captured":"2018-05-28","footprint_type":"Structure","structure_id":"815210","top_m":23.0},"type":"Feature"},{"geometry":{"coordinates":[[[144.964643,-37.821317],[144.964636,-37.82131],[144.96462,-37.821295],[144.964582,-37.821257],[144.964479,-37.821323],[144.964515,-37.821358],[144.964519,-37.821362],[144.964534,-37.821376],[144.964541,-37.821384],[144.964621,-37.82146],[144.964587,-37.821482],[144.964471,-37.821423],[144.96441,-37.821392],[144.964386,-37.821422],[144.964325,-37.821416],[144.964361,-37.821493],[144.964257,-37.821564],[144.96425,-37.821558],[144.964231,-37.821569],[144.964201,-37.821588],[144.964208,-37.821595],[144.964186,-37.821609],[144.964474,-37.821893],[144.964667,-37.821768],[144.964677,-37.821773],[144.964702,-37.821742],[144.964706,-37.821742],[144.964761,-37.821745],[144.964746,-37.821714],[144.964821,-37.821666],[144.964908,-37.82161],[144.964936,-37.821602],[144.964643,-37.821317]]],"type":"Polygon"},"properties":{"base_m":26.0,"date_captured":"2018-05-28","footprint_type":"Structure","structure_id":"815210","top_m":31.5},"type":"Feature"},{"geometry":{"coordinates":[[[144.964654,-37.82431],[144.964593,-37.824265],[144.964435,-37.8244],[144.964491,-37.824441],[144.964485,-37.824446],[144.964543,-37.824489],[144.964563,-37.824472],[144.964556,-37.824467],[144.964601,-37.824428],[144.964555,-37.824394],[144.964654,-37.82431]]],"type":"Polygon"},"properties":{"base_m":5.7,"date_captured":"2023-05-11","footprint_type":"Structure","structure_id":"816361","top_m":9.4},"type":"Feature"},{"geometry":{"coordinates":[[[144.964654,-37.82431],[144.964593,-37.824265],[144.964435,-37.8244],[144.964491,-37.824441],[144.964485,-37.824446],[144.964543,-37.824489],[144.964657,-37.824572],[144.96469,-37.824544],[144.964823,-37.824432],[144.964814,-37.824426],[144.964813,-37.824427],[144.964654,-37.82431]]],"type":"Polygon"},"properties":{"base_m":5.4,"date_captured":"2023-05-11","footprint_type":"Structure","structure_id":"816361","top_m":5.7},"type":"Feature"},{"geometry":{"coordinates":[[[144.964697,-37.823309],[144.964657,-37.823279],[144.964633,-37.823261],[144.964595,-37.823232],[144.964563,-37.823209],[144.964495,-37.823266],[144.964408,-37.823339],[144.964362,-37.823378],[144.964432,-37.82343],[144.964449,-37.823415],[144.964537,-37.82348],[144.964531,-37.823485],[144.964586,-37.823527],[144.964614,-37.823503],[144.964626,-37.823512],[144.964743,-37.823413],[144.964747,-37.823416],[144.964766,-37.823401],[144.964818,-37.823357],[144.964787,-37.823333],[144.964745,-37.823302],[144.964723,-37.823321],[144.964718,-37.823325],[144.964697,-37.823309]]],"type":"Polygon"},"properties":{"base_m":12.5,"date_captured":"2018-05-28","footprint_type":"Structure","structure_id":"814975","top_m":62.5},"type":"Feature"},{"geometry":{"coordinates":[[[144.964697,-37.823309],[144.964657,-37.823279],[144.964633,-37.823261],[144.964595,-37.823232],[144.964563,-37.823209],[144.964495,-37.823266],[144.964503,-37.823273],[144.964491,-37.823283],[144.964417,-37.823345],[144.964478,-37.823391],[144.964449,-37.823415],[144.964537,-37.82348],[144.964531,-37.823485],[144.964586,-37.823527],[144.964614,-37.823503],[144.964626,-37.823512],[144.964743,-37.823413],[144.964747,-37.823416],[144.964766,-37.823401],[144.964818,-37.823357],[144.964787,-37.823333],[144.964781,-37.823338],[144.964755,-37.823318],[144.964738,-37.823333],[144.964723,-37.823321],[144.964718,-37.823325],[144.964697,-37.823309]]],"type":"Polygon"},"properties":{"base_m":62.5,"date_captured":"2018-05-28","footprint_type":"Structure","structure_id":"814975","top_m":68.0},"type":"Feature"},{"geometry":{"coordinates":[[[144.964697,-37.823309],[144.964657,-37.823279],[144.964633,-37.823261],[144.964683,-37.823219],[144.96454,-37.823166],[144.96443,-37.823218],[144.964495,-37.823266],[144.964408,-37.823339],[144.964328,-37.823279],[144.964077,-37.823493],[144.964165,-37.823558],[144.964452,-37.823771],[144.964696,-37.823564],[144.964626,-37.823512],[144.964743,-37.823413],[144.964747,-37.823416],[144.964766,-37.823401],[144.964797,-37.823423],[144.964877,-37.823334],[144.964849,-37.82328],[144.964797,-37.823258],[144.964745,-37.823302],[144.964723,-37.823321],[144.964718,-37.823325],[144.964697,-37.823309]]],"type":"Polygon"},"properties":{"base_m":0.0,"date_captured":"2018-05-28","footprint_type":"Structure","structure_id":"814975","top_m":12.5},"type":"Feature"},{"geometry":{"coordinates":[[[144.964697,-37.824768],[144.964706,-37.824755],[144.964723,-37.824762],[144.964761,-37.824706],[144.96466,-37.824658],[144.964614,-37.824708],[144.964626,-37.824715],[144.964615,-37.824727],[144.964643,-37.824743],[144.964668,-37.824755],[144.964693,-37.824766],[144.964697,-37.824768]]],"type":"Polygon"},"properties":{"base_m":9.7,"date_captured":"2023-05-11","footprint_type":"Structure","structure_id":"816361","top_m":13.1},"type":"Feature"},{"geometry":{"coordinates":[[[144.964707,-37.821394],[144.964655,-37.821428],[144.964661,-37.821434],[144.964621,-37.82146],[144.964587,-37.821482],[144.964471,-37.821423],[144.96441,-37.821392],[144.964386,-37.821422],[144.964325,-37.821416],[144.964361,-37.821493],[144.964257,-37.821564],[144.96425,-37.821558],[144.964231,-37.821569],[144.964201,-37.821588],[144.964208,-37.821595],[144.964381,-37.821764],[144.964434,-37.821732],[144.964426,-37.821724],[144.964495,-37.821679],[144.964667,-37.821768],[144.964677,-37.821773],[144.964702,-37.821742],[144.964706,-37.821742],[144.964761,-37.821745],[144.964746,-37.821714],[144.964724,-37.821668],[144.964783,-37.821629],[144.96483,-37.821599],[144.964837,-37.821606],[144.964889,-37.821572],[144.964707,-37.821394]]],"type":"Polygon"},"properties":{"base_m":31.5,"date_captured":"2018-05-28","footprint_type":"Structure","structure_id":"815210","top_m":178.5},"type":"Feature"},{"geometry":{"coordinates":[[[144.964707,-37.821394],[144.964655,-37.821428],[144.964661,-37.821434],[144.964621,-37.82146],[144.964587,-37.821482],[144.964471,-37.821423],[144.96441,-37.821392],[144.964386,-37.821422],[144.964325,-37.821416],[144.964361,-37.821493],[144.964414,-37.821608],[144.964397,-37.821629],[144.964495,-37.821679],[144.964667,-37.821768],[144.964677,-37.821773],[144.964702,-37.821742],[144.964706,-37.821742],[144.964761,-37.821745],[144.964746,-37.821714],[144.964724,-37.821668],[144.964783,-37.821629],[144.96483,-37.821599],[144.964837,-37.821606],[144.964889,-37.821572],[144.964707,-37.821394]]],"type":"Polygon"},"properties":{"base_m":178.5,"date_captured":"2018-05-28","footprint_type":"Structure","structure_id":"815210","top_m":207.0},"type":"Feature"},{"geometry":{"coordinates":[[[144.964747,-37.828758],[144.964543,-37.828719],[144.964437,-37.82907],[144.965273,-37.82923],[144.965379,-37.828878],[144.965303,-37.828863],[144.965244,-37.828852],[144.965172,-37.828838],[144.965047,-37.828815],[144.964992,-37.828804],[144.964805,-37.828769],[144.964747,-37.828758]]],"type":"Polygon"},"properties":{"base_m":0.5,"date_captured":"2018-05-28","footprint_type":"Structure","structure_id":"808865","top_m":9.5},"type":"Feature"},{"geometry":{"coordinates":[[[144.964802,-37.820673],[144.964798,-37.820663],[144.964768,-37.820671],[144.964763,-37.820673],[144.964759,-37.820676],[144.964754,-37.820678],[144.96475,-37.820681],[144.964746,-37.820684],[144.964743,-37.820687],[144.964739,-37.82069],[144.964736,-37.820694],[144.964734,-37.820698],[144.964731,-37.820701],[144.964729,-37.820705],[144.964728,-37.820707],[144.964726,-37.820711],[144.964725,-37.820715],[144.964724,-37.820719],[144.964723,-37.820723],[144.964722,-37.820727],[144.964722,-37.820731],[144.964723,-37.820736],[144.964723,-37.82074],[144.964724,-37.820744],[144.964725,-37.820748],[144.964726,-37.82075],[144.964732,-37.820764],[144.964736,-37.820772],[144.964832,-37.820744],[144.964802,-37.820673]]],"type":"Polygon"},"properties":{"base_m":63.0,"date_captured":"2018-05-28","footprint_type":"Structure","structure_id":"803918","top_m":64.0},"type":"Feature"},{"geometry":{"coordinates":[[[144.964826,-37.825082],[144.965112,-37.825137],[144.965121,-37.825108],[144.965131,-37.82511],[144.965143,-37.825067],[144.965174,-37.825073],[144.96521,-37.824946],[144.964887,-37.824888],[144.964904,-37.824828],[144.964875,-37.824821],[144.964833,-37.824964],[144.964858,-37.824971],[144.964846,-37.825015],[144.964757,-37.824995],[144.964759,-37.825003],[144.964765,-37.825016],[144.964775,-37.825028],[144.964789,-37.825038],[144.964806,-37.825045],[144.964836,-37.825051],[144.964826,-37.825082]]],"type":"Polygon"},"properties":{"base_m":5.4,"date_captured":"2023-05-11","footprint_type":"Structure","structure_id":"816361","top_m":8.3},"type":"Feature"},{"geometry":{"coordinates":[[[144.964875,-37.824821],[144.964779,-37.824798],[144.964772,-37.824811],[144.964758,-37.824807],[144.964678,-37.824973],[144.964757,-37.824995],[144.964846,-37.825015],[144.964858,-37.824971],[144.964833,-37.824964],[144.964875,-37.824821]]],"type":"Polygon"},"properties":{"base_m":5.4,"date_captured":"2023-05-11","footprint_type":"Structure","structure_id":"816361","top_m":9.7},"type":"Feature"},{"geometry":{"coordinates":[[[144.964879,-37.8246],[144.964841,-37.824587],[144.964801,-37.82457],[144.964763,-37.82455],[144.96474,-37.824577],[144.96476,-37.824589],[144.964799,-37.824607],[144.96484,-37.824622],[144.964866,-37.82463],[144.964879,-37.8246]]],"type":"Polygon"},"properties":{"base_m":5.4,"date_captured":"2023-05-11","footprint_type":"Structure","structure_id":"816361","top_m":6.7},"type":"Feature"},{"geometry":{"coordinates":[[[144.96489,-37.824361],[144.964941,-37.824317],[144.964878,-37.824271],[144.964804,-37.824217],[144.964834,-37.824192],[144.96475,-37.82413],[144.964593,-37.824265],[144.964654,-37.82431],[144.964813,-37.824427],[144.964814,-37.824426],[144.96489,-37.824361]]],"type":"Polygon"},"properties":{"base_m":5.4,"date_captured":"2023-05-11","footprint_type":"Structure","structure_id":"816361","top_m":9.4},"type":"Feature"},{"geometry":{"coordinates":[[[144.964893,-37.824401],[144.964912,-37.824384],[144.9649,-37.824376],[144.964904,-37.824372],[144.96489,-37.824361],[144.964814,-37.824426],[144.964839,-37.824445],[144.964893,-37.824401]]],"type":"Polygon"},"properties":{"base_m":5.4,"date_captured":"2023-05-11","footprint_type":"Structure","structure_id":"816361","top_m":8.4},"type":"Feature"},{"geometry":{"coordinates":[[[144.96493,-37.821977],[144.964943,-37.821969],[144.964907,-37.821934],[144.964904,-37.821935],[144.964882,-37.82195],[144.964918,-37.821985],[144.96493,-37.821977]]],"type":"Polygon"},"properties":{"base_m":23.0,"date_captured":"2018-05-28","footprint_type":"Structure","structure_id":"815210","top_m":24.5},"type":"Feature"},{"geometry":{"coordinates":[[[144.964974,-37.820814],[144.96497,-37.820806],[144.964769,-37.82086],[144.964801,-37.820933],[144.964812,-37.820959],[144.964825,-37.82099],[144.964877,-37.820975],[144.964882,-37.820987],[144.96498,-37.82096],[144.964975,-37.820948],[144.965025,-37.820934],[144.964974,-37.820814]]],"type":"Polygon"},"properties":{"base_m":63.0,"date_captured":"2018-05-28","footprint_type":"Structure","structure_id":"803918","top_m":67.0},"type":"Feature"},{"geometry":{"coordinates":[[[144.964977,-37.822504],[144.96491,-37.822411],[144.964599,-37.822551],[144.964584,-37.822564],[144.964571,-37.822579],[144.964563,-37.822597],[144.964559,-37.822615],[144.964559,-37.822634],[144.964564,-37.822652],[144.964573,-37.822669],[144.964586,-37.822685],[144.964602,-37.822698],[144.964607,-37.822701],[144.964932,-37.822829],[144.96495,-37.822832],[144.964977,-37.822833],[144.964997,-37.822831],[144.965055,-37.822817],[144.965166,-37.822767],[144.965099,-37.822674],[144.964977,-37.822504]]],"type":"Polygon"},"properties":{"base_m":0.0,"date_captured":"2022-01-20","footprint_type":"Structure","structure_id":"801240","top_m":26.4},"type":"Feature"},{"geometry":{"coordinates":[[[144.964981,-37.828243],[144.964717,-37.828193],[144.964666,-37.828299],[144.964883,-37.828339],[144.964888,-37.828316],[144.964956,-37.828325],[144.964981,-37.828243]]],"type":"Polygon"},"properties":{"base_m":9.5,"date_captured":"2018-05-28","footprint_type":"Structure","structure_id":"807950","top_m":12.0},"type":"Feature"},{"geometry":{"coordinates":[[[144.964997,-37.824525],[144.964984,-37.824523],[144.964956,-37.824517],[144.964956,-37.824518],[144.964949,-37.824536],[144.964937,-37.824553],[144.964922,-37.824568],[144.964904,-37.824581],[144.964883,-37.82459],[144.964879,-37.8246],[144.964841,-37.824587],[144.964801,-37.82457],[144.964763,-37.82455],[144.96474,-37.824577],[144.964723,-37.824568],[144.96469,-37.824544],[144.964823,-37.824432],[144.964839,-37.824445],[144.964893,-37.824401],[144.964902,-37.824392],[144.964912,-37.824384],[144.9649,-37.824376],[144.964904,-37.824372],[144.96489,-37.824361],[144.964941,-37.824317],[144.964878,-37.824271],[144.964804,-37.824217],[144.964834,-37.824192],[144.96475,-37.82413],[144.96477,-37.824113],[144.964666,-37.824036],[144.964563,-37.824124],[144.964571,-37.824129],[144.964512,-37.82418],[144.964505,-37.824175],[144.964349,-37.824308],[144.964411,-37.824353],[144.964393,-37.824369],[144.964385,-37.824363],[144.964317,-37.82442],[144.964253,-37.824501],[144.96424,-37.824518],[144.964236,-37.824531],[144.964237,-37.824544],[144.964242,-37.824557],[144.964251,-37.824568],[144.964263,-37.824576],[144.964279,-37.824582],[144.964294,-37.824584],[144.964314,-37.824586],[144.964334,-37.824592],[144.964351,-37.824601],[144.964366,-37.824613],[144.964377,-37.824627],[144.964381,-37.824633],[144.964394,-37.824644],[144.96441,-37.824653],[144.964428,-37.824659],[144.964447,-37.824661],[144.964467,-37.824659],[144.964485,-37.824654],[144.964498,-37.824648],[144.96455,-37.824686],[144.964595,-37.824716],[144.964615,-37.824727],[144.964642,-37.824743],[144.964668,-37.824755],[144.964693,-37.824766],[144.964697,-37.824768],[144.964745,-37.824787],[144.964779,-37.824798],[144.964772,-37.824811],[144.964758,-37.824807],[144.964678,-37.824973],[144.964757,-37.824995],[144.964759,-37.825003],[144.964765,-37.825016],[144.964775,-37.825028],[144.964789,-37.825038],[144.964806,-37.825045],[144.964836,-37.825051],[144.964826,-37.825082],[144.965112,-37.825137],[144.965121,-37.825108],[144.965131,-37.82511],[144.965131,-37.825112],[144.965134,-37.825118],[144.965141,-37.825122],[144.965149,-37.825122],[144.965156,-37.825119],[144.965161,-37.825114],[144.965174,-37.825116],[144.965159,-37.825167],[144.96518,-37.825171],[144.965178,-37.825178],[144.965352,-37.82521],[144.965415,-37.82499],[144.965394,-37.824987],[144.965364,-37.824981],[144.965383,-37.824918],[144.965378,-37.824917],[144.965387,-37.824915],[144.965394,-37.82491],[144.965396,-37.824906],[144.965432,-37.824913],[144.96546,-37.824823],[144.965414,-37.824814],[144.965445,-37.824713],[144.965477,-37.824719],[144.965505,-37.824627],[144.965522,-37.824557],[144.965488,-37.824551],[144.965495,-37.824537],[144.965435,-37.824512],[144.965418,-37.824539],[144.965367,-37.82453],[144.965256,-37.82451],[144.965262,-37.82449],[144.965302,-37.824362],[144.965059,-37.824315],[144.964997,-37.824525]]],"type":"Polygon"},"properties":{"base_m":0.0,"date_captured":"2023-05-11","footprint_type":"Structure","structure_id":"816361","top_m":5.4},"type":"Feature"},{"geometry":{"coordinates":[[[144.96502,-37.821698],[144.965018,-37.821694],[144.96496,-37.82171],[144.964981,-37.821756],[144.965028,-37.821743],[144.965039,-37.82174],[144.96502,-37.821698]]],"type":"Polygon"},"properties":{"base_m":30.5,"date_captured":"2018-05-28","footprint_type":"Structure","structure_id":"802800","top_m":33.5},"type":"Feature"},{"geometry":{"coordinates":[[[144.965025,-37.820325],[144.965025,-37.820323],[144.965024,-37.820321],[144.965023,-37.820319],[144.965022,-37.820317],[144.965021,-37.820316],[144.965019,-37.820314],[144.965018,-37.820312],[144.965016,-37.820311],[144.965014,-37.820309],[144.965012,-37.820308],[144.96501,-37.820307],[144.965008,-37.820306],[144.965007,-37.820305],[144.965005,-37.820304],[144.965003,-37.820303],[144.965,-37.820303],[144.964998,-37.820302],[144.964996,-37.820301],[144.964993,-37.820301],[144.964991,-37.820301],[144.964988,-37.820301],[144.964986,-37.820301],[144.964983,-37.820301],[144.964981,-37.820301],[144.964978,-37.820301],[144.964976,-37.820302],[144.964973,-37.820302],[144.964971,-37.820303],[144.964773,-37.820357],[144.964794,-37.820404],[144.964786,-37.820406],[144.964756,-37.820411],[144.964726,-37.820418],[144.964698,-37.820427],[144.96467,-37.820437],[144.964643,-37.820448],[144.964638,-37.82045],[144.964612,-37.820463],[144.964587,-37.820478],[144.964563,-37.820493],[144.964541,-37.820509],[144.964519,-37.820527],[144.9645,-37.820546],[144.964498,-37.820548],[144.964485,-37.820564],[144.964472,-37.820581],[144.964462,-37.820598],[144.964452,-37.820616],[144.964444,-37.820635],[144.964438,-37.820654],[144.964433,-37.820673],[144.96443,-37.820692],[144.964428,-37.820705],[144.964427,-37.820725],[144.964428,-37.820744],[144.96443,-37.820764],[144.964434,-37.820783],[144.964439,-37.820802],[144.964446,-37.820821],[144.964454,-37.820839],[144.96444,-37.820843],[144.964397,-37.820855],[144.964433,-37.820939],[144.964411,-37.820945],[144.96441,-37.820946],[144.964409,-37.820947],[144.964408,-37.820948],[144.964408,-37.820948],[144.964407,-37.820949],[144.964406,-37.82095],[144.964406,-37.820951],[144.964406,-37.820952],[144.964405,-37.820953],[144.964405,-37.820954],[144.964405,-37.820955],[144.964405,-37.820956],[144.964405,-37.820956],[144.964405,-37.820957],[144.964405,-37.820958],[144.964405,-37.820959],[144.964405,-37.82096],[144.964405,-37.820961],[144.964406,-37.820963],[144.964407,-37.820964],[144.964407,-37.820964],[144.964408,-37.820965],[144.964409,-37.820966],[144.96441,-37.820967],[144.96441,-37.820967],[144.964411,-37.820968],[144.964412,-37.820969],[144.964413,-37.820969],[144.964414,-37.82097],[144.964415,-37.82097],[144.964416,-37.82097],[144.964417,-37.820971],[144.964419,-37.820971],[144.96442,-37.820971],[144.964421,-37.820971],[144.964422,-37.820972],[144.964423,-37.820972],[144.964445,-37.820966],[144.96448,-37.821048],[144.96452,-37.821038],[144.964521,-37.821039],[144.964522,-37.821042],[144.964524,-37.821044],[144.964526,-37.821047],[144.964527,-37.821049],[144.964529,-37.821051],[144.964532,-37.821053],[144.964534,-37.821055],[144.964537,-37.821057],[144.964539,-37.821059],[144.964542,-37.821061],[144.964545,-37.821062],[144.964548,-37.821063],[144.964551,-37.821065],[144.964554,-37.821066],[144.964558,-37.821066],[144.964561,-37.821067],[144.964564,-37.821068],[144.964568,-37.821068],[144.964571,-37.821068],[144.964575,-37.821068],[144.964578,-37.821068],[144.964582,-37.821068],[144.964585,-37.821067],[144.964882,-37.820987],[144.96498,-37.82096],[144.964975,-37.820948],[144.965025,-37.820934],[144.965039,-37.820966],[144.96504,-37.82097],[144.965042,-37.820975],[144.965044,-37.820979],[144.965047,-37.820983],[144.965049,-37.820988],[144.965053,-37.820992],[144.965056,-37.820996],[144.96506,-37.820999],[144.965064,-37.821003],[144.965068,-37.821006],[144.965073,-37.821009],[144.965078,-37.821012],[144.965083,-37.821015],[144.965088,-37.821017],[144.965094,-37.821019],[144.965099,-37.821021],[144.965105,-37.821023],[144.965111,-37.821024],[144.965117,-37.821025],[144.965123,-37.821026],[144.965129,-37.821026],[144.965135,-37.821026],[144.965141,-37.821026],[144.965147,-37.821025],[144.965153,-37.821025],[144.965159,-37.821023],[144.965165,-37.821022],[144.96517,-37.82102],[144.965176,-37.821018],[144.965176,-37.821018],[144.965182,-37.821016],[144.965187,-37.821013],[144.965192,-37.821011],[144.965196,-37.821008],[144.965201,-37.821004],[144.965205,-37.821001],[144.965209,-37.820997],[144.965213,-37.820993],[144.965216,-37.820989],[144.965219,-37.820985],[144.965221,-37.820981],[144.965224,-37.820976],[144.965226,-37.820972],[144.965227,-37.820967],[144.965229,-37.820962],[144.965229,-37.820958],[144.96523,-37.820953],[144.96523,-37.820948],[144.96523,-37.820943],[144.965229,-37.820938],[144.965228,-37.820934],[144.965226,-37.820929],[144.965225,-37.820924],[144.965277,-37.82091],[144.965208,-37.82075],[144.965172,-37.820667],[144.965193,-37.820661],[144.965195,-37.82066],[144.965196,-37.820659],[144.965198,-37.820658],[144.965199,-37.820656],[144.9652,-37.820655],[144.965201,-37.820653],[144.965201,-37.820651],[144.965201,-37.820649],[144.965201,-37.820648],[144.965201,-37.820646],[144.9652,-37.820645],[144.965199,-37.820643],[144.965198,-37.820642],[144.965197,-37.82064],[144.965195,-37.820639],[144.965194,-37.820638],[144.965192,-37.820637],[144.96519,-37.820636],[144.965188,-37.820635],[144.965185,-37.820635],[144.965183,-37.820635],[144.965161,-37.820641],[144.965066,-37.820419],[144.965085,-37.820414],[144.965086,-37.820413],[144.965088,-37.820412],[144.965089,-37.820411],[144.965091,-37.82041],[144.965092,-37.820408],[144.965093,-37.820406],[144.965093,-37.820405],[144.965094,-37.820403],[144.965094,-37.820401],[144.965093,-37.820399],[144.965093,-37.820398],[144.965092,-37.820397],[144.965091,-37.820395],[144.96509,-37.820394],[144.965089,-37.820392],[144.965087,-37.820391],[144.965085,-37.82039],[144.965083,-37.820389],[144.965081,-37.820388],[144.965079,-37.820388],[144.965077,-37.820388],[144.965075,-37.820388],[144.965072,-37.820388],[144.965055,-37.820393],[144.965025,-37.820325]]],"type":"Polygon"},"properties":{"base_m":0.0,"date_captured":"2018-05-28","footprint_type":"Structure","structure_id":"803918","top_m":6.5},"type":"Feature"},{"geometry":{"coordinates":[[[144.965025,-37.820325],[144.965025,-37.820323],[144.965024,-37.820321],[144.965023,-37.820319],[144.965022,-37.820317],[144.965021,-37.820316],[144.965019,-37.820314],[144.965018,-37.820312],[144.965016,-37.820311],[144.965014,-37.820309],[144.965012,-37.820308],[144.96501,-37.820307],[144.965008,-37.820306],[144.965007,-37.820305],[144.965005,-37.820304],[144.965003,-37.820303],[144.965,-37.820303],[144.964998,-37.820302],[144.964996,-37.820301],[144.964993,-37.820301],[144.964991,-37.820301],[144.964988,-37.820301],[144.964986,-37.820301],[144.964983,-37.820301],[144.964981,-37.820301],[144.964978,-37.820301],[144.964976,-37.820302],[144.964973,-37.820302],[144.964971,-37.820303],[144.964773,-37.820357],[144.964794,-37.820404],[144.964818,-37.820462],[144.964855,-37.820548],[144.964744,-37.820578],[144.964732,-37.820582],[144.964722,-37.820586],[144.964711,-37.820591],[144.964701,-37.820596],[144.964692,-37.820602],[144.964683,-37.820608],[144.964678,-37.820612],[144.96467,-37.820619],[144.964662,-37.820626],[144.964655,-37.820634],[144.964648,-37.820642],[144.964642,-37.82065],[144.964637,-37.820659],[144.964633,-37.820668],[144.964629,-37.820677],[144.964626,-37.820686],[144.964623,-37.820699],[144.964621,-37.820711],[144.96462,-37.820724],[144.964619,-37.820736],[144.964619,-37.820738],[144.96462,-37.82075],[144.964622,-37.820763],[144.964625,-37.820775],[144.964629,-37.820787],[144.964631,-37.820792],[144.964531,-37.820818],[144.964454,-37.820839],[144.96444,-37.820843],[144.964397,-37.820855],[144.964433,-37.820939],[144.964411,-37.820945],[144.96441,-37.820946],[144.964409,-37.820947],[144.964408,-37.820948],[144.964408,-37.820948],[144.964407,-37.820949],[144.964406,-37.82095],[144.964406,-37.820951],[144.964406,-37.820952],[144.964405,-37.820953],[144.964405,-37.820954],[144.964405,-37.820955],[144.964405,-37.820956],[144.964405,-37.820956],[144.964405,-37.820957],[144.964405,-37.820958],[144.964405,-37.820959],[144.964405,-37.82096],[144.964405,-37.820961],[144.964406,-37.820963],[144.964407,-37.820964],[144.964407,-37.820964],[144.964408,-37.820965],[144.964409,-37.820966],[144.96441,-37.820967],[144.96441,-37.820967],[144.964411,-37.820968],[144.964412,-37.820969],[144.964413,-37.820969],[144.964414,-37.82097],[144.964415,-37.82097],[144.964416,-37.82097],[144.964417,-37.820971],[144.964419,-37.820971],[144.96442,-37.820971],[144.964421,-37.820971],[144.964422,-37.820972],[144.964423,-37.820972],[144.964445,-37.820966],[144.96448,-37.821048],[144.96452,-37.821038],[144.964523,-37.821037],[144.964812,-37.820959],[144.964825,-37.82099],[144.964877,-37.820975],[144.964882,-37.820987],[144.96498,-37.82096],[144.964975,-37.820948],[144.965025,-37.820934],[144.964974,-37.820814],[144.965165,-37.820762],[144.965208,-37.82075],[144.965172,-37.820667],[144.965193,-37.820661],[144.965195,-37.82066],[144.965196,-37.820659],[144.965198,-37.820658],[144.965199,-37.820656],[144.9652,-37.820655],[144.965201,-37.820653],[144.965201,-37.820651],[144.965201,-37.820649],[144.965201,-37.820648],[144.965201,-37.820646],[144.9652,-37.820645],[144.965199,-37.820643],[144.965198,-37.820642],[144.965197,-37.82064],[144.965195,-37.820639],[144.965194,-37.820638],[144.965192,-37.820637],[144.96519,-37.820636],[144.965188,-37.820635],[144.965185,-37.820635],[144.965183,-37.820635],[144.965161,-37.820641],[144.965066,-37.820419],[144.965085,-37.820414],[144.965086,-37.820413],[144.965088,-37.820412],[144.965089,-37.820411],[144.965091,-37.82041],[144.965092,-37.820408],[144.965093,-37.820406],[144.965093,-37.820405],[144.965094,-37.820403],[144.965094,-37.820401],[144.965093,-37.820399],[144.965093,-37.820398],[144.965092,-37.820397],[144.965091,-37.820395],[144.96509,-37.820394],[144.965089,-37.820392],[144.965087,-37.820391],[144.965085,-37.82039],[144.965083,-37.820389],[144.965081,-37.820388],[144.965079,-37.820388],[144.965077,-37.820388],[144.965075,-37.820388],[144.965072,-37.820388],[144.965055,-37.820393],[144.965025,-37.820325]]],"type":"Polygon"},"properties":{"base_m":6.5,"date_captured":"2018-05-28","footprint_type":"Structure","structure_id":"803918","top_m":22.0},"type":"Feature"},{"geometry":{"coordinates":[[[144.965025,-37.824979],[144.96501,-37.825032],[144.965097,-37.825047],[144.965112,-37.824994],[144.965025,-37.824979]]],"type":"Polygon"},"properties":{"base_m":8.3,"date_captured":"2023-05-11","footprint_type":"Structure","structure_id":"816361","top_m":11.5},"type":"Feature"},{"geometry":{"coordinates":[[[144.965028,-37.821743],[144.965039,-37.82174],[144.96502,-37.821698],[144.965028,-37.821692],[144.964936,-37.821602],[144.964908,-37.82161],[144.964821,-37.821666],[144.964746,-37.821714],[144.964761,-37.821745],[144.964706,-37.821742],[144.964802,-37.821836],[144.964916,-37.821759],[144.964978,-37.821821],[144.965044,-37.821776],[144.965028,-37.821743]]],"type":"Polygon"},"properties":{"base_m":22.5,"date_captured":"2018-05-28","footprint_type":"Structure","structure_id":"802800","top_m":25.0},"type":"Feature"},{"geometry":{"coordinates":[[[144.965044,-37.821776],[144.965028,-37.821743],[144.965039,-37.82174],[144.96502,-37.821698],[144.965028,-37.821692],[144.964936,-37.821602],[144.964908,-37.82161],[144.964821,-37.821666],[144.964916,-37.821759],[144.964978,-37.821821],[144.965044,-37.821776]]],"type":"Polygon"},"properties":{"base_m":25.0,"date_captured":"2018-05-28","footprint_type":"Structure","structure_id":"802800","top_m":30.5},"type":"Feature"},{"geometry":{"coordinates":[[[144.965064,-37.821454],[144.965083,-37.821441],[144.964901,-37.821264],[144.964754,-37.821359],[144.964936,-37.821536],[144.965064,-37.821454]]],"type":"Polygon"},"properties":{"base_m":0.0,"date_captured":"2018-05-28","footprint_type":"Structure","structure_id":"800312","top_m":13.5},"type":"Feature"},{"geometry":{"coordinates":[[[144.965064,-37.830155],[144.964995,-37.830085],[144.964951,-37.830111],[144.96502,-37.830181],[144.965064,-37.830155]]],"type":"Polygon"},"properties":{"base_m":0.0,"date_captured":"2018-05-28","footprint_type":"Structure","structure_id":"810189","top_m":3.0},"type":"Feature"},{"geometry":{"coordinates":[[[144.965066,-37.820419],[144.965085,-37.820414],[144.965086,-37.820413],[144.965088,-37.820412],[144.965089,-37.820411],[144.965091,-37.82041],[144.965092,-37.820408],[144.965093,-37.820406],[144.965093,-37.820405],[144.965094,-37.820403],[144.965094,-37.820401],[144.965093,-37.820399],[144.965093,-37.820398],[144.965092,-37.820397],[144.965091,-37.820395],[144.96509,-37.820394],[144.965089,-37.820392],[144.965087,-37.820391],[144.965085,-37.82039],[144.965083,-37.820389],[144.965081,-37.820388],[144.965079,-37.820388],[144.965077,-37.820388],[144.965075,-37.820388],[144.965072,-37.820388],[144.965055,-37.820393],[144.965007,-37.820406],[144.965018,-37.820432],[144.965066,-37.820419]]],"type":"Polygon"},"properties":{"base_m":22.0,"date_captured":"2018-05-28","footprint_type":"Structure","structure_id":"803918","top_m":25.5},"type":"Feature"},{"geometry":{"coordinates":[[[144.965076,-37.82521],[144.965079,-37.825198],[144.964769,-37.825139],[144.964758,-37.825177],[144.964797,-37.825185],[144.964789,-37.82521],[144.964825,-37.825216],[144.964826,-37.825213],[144.964869,-37.825221],[144.964867,-37.825226],[144.964905,-37.825233],[144.964891,-37.825277],[144.964934,-37.825285],[144.964933,-37.825288],[144.965015,-37.825304],[144.965016,-37.825301],[144.965046,-37.825306],[144.965066,-37.825243],[144.965076,-37.82521]]],"type":"Polygon"},"properties":{"base_m":4.0,"date_captured":"2018-05-28","footprint_type":"Structure","structure_id":"816362","top_m":7.0},"type":"Feature"},{"geometry":{"coordinates":[[[144.965076,-37.82521],[144.965079,-37.825198],[144.964769,-37.825139],[144.964758,-37.825177],[144.964797,-37.825185],[144.964789,-37.82521],[144.964825,-37.825216],[144.964826,-37.825213],[144.964869,-37.825221],[144.964867,-37.825226],[144.964905,-37.825233],[144.964891,-37.825277],[144.964934,-37.825285],[144.964933,-37.825288],[144.965015,-37.825304],[144.965016,-37.825301],[144.965046,-37.825306],[144.965066,-37.825243],[144.965134,-37.825256],[144.965144,-37.825223],[144.965076,-37.82521]]],"type":"Polygon"},"properties":{"base_m":0.0,"date_captured":"2018-05-28","footprint_type":"Structure","structure_id":"816362","top_m":4.0},"type":"Feature"},{"geometry":{"coordinates":[[[144.965082,-37.820569],[144.964791,-37.820648],[144.964798,-37.820663],[144.964768,-37.820671],[144.964763,-37.820673],[144.964759,-37.820676],[144.964754,-37.820678],[144.96475,-37.820681],[144.964746,-37.820684],[144.964743,-37.820687],[144.964739,-37.82069],[144.964736,-37.820694],[144.964734,-37.820698],[144.964731,-37.820701],[144.964729,-37.820705],[144.964728,-37.820707],[144.964726,-37.820711],[144.964725,-37.820715],[144.964724,-37.820719],[144.964723,-37.820723],[144.964722,-37.820727],[144.964722,-37.820731],[144.964723,-37.820736],[144.964723,-37.82074],[144.964724,-37.820744],[144.964725,-37.820748],[144.964726,-37.82075],[144.964732,-37.820764],[144.964728,-37.820765],[144.964631,-37.820792],[144.964531,-37.820818],[144.964454,-37.820839],[144.96444,-37.820843],[144.964476,-37.820928],[144.964433,-37.820939],[144.964411,-37.820945],[144.96441,-37.820946],[144.964409,-37.820947],[144.964408,-37.820948],[144.964408,-37.820948],[144.964407,-37.820949],[144.964406,-37.82095],[144.964406,-37.820951],[144.964406,-37.820952],[144.964405,-37.820953],[144.964405,-37.820954],[144.964405,-37.820955],[144.964405,-37.820956],[144.964405,-37.820956],[144.964405,-37.820957],[144.964405,-37.820958],[144.964405,-37.820959],[144.964405,-37.82096],[144.964405,-37.820961],[144.964406,-37.820963],[144.964407,-37.820964],[144.964407,-37.820964],[144.964408,-37.820965],[144.964409,-37.820966],[144.96441,-37.820967],[144.96441,-37.820967],[144.964411,-37.820968],[144.964412,-37.820969],[144.964413,-37.820969],[144.964414,-37.82097],[144.964415,-37.82097],[144.964416,-37.82097],[144.964417,-37.820971],[144.964419,-37.820971],[144.96442,-37.820971],[144.964421,-37.820971],[144.964422,-37.820972],[144.964423,-37.820972],[144.964445,-37.820966],[144.964487,-37.820954],[144.964523,-37.821037],[144.964812,-37.820959],[144.964825,-37.82099],[144.964877,-37.820975],[144.964882,-37.820987],[144.96498,-37.82096],[144.964975,-37.820948],[144.965025,-37.820934],[144.964974,-37.820814],[144.965165,-37.820762],[144.965129,-37.820678],[144.965172,-37.820667],[144.965193,-37.820661],[144.965195,-37.82066],[144.965196,-37.820659],[144.965198,-37.820658],[144.965199,-37.820656],[144.9652,-37.820655],[144.965201,-37.820653],[144.965201,-37.820651],[144.965201,-37.820649],[144.965201,-37.820648],[144.965201,-37.820646],[144.9652,-37.820645],[144.965199,-37.820643],[144.965198,-37.820642],[144.965197,-37.82064],[144.965195,-37.820639],[144.965194,-37.820638],[144.965192,-37.820637],[144.96519,-37.820636],[144.965188,-37.820635],[144.965185,-37.820635],[144.965183,-37.820635],[144.965161,-37.820641],[144.965118,-37.820653],[144.965082,-37.820569]]],"type":"Polygon"},"properties":{"base_m":22.0,"date_captured":"2018-05-28","footprint_type":"Structure","structure_id":"803918","top_m":57.0},"type":"Feature"},{"geometry":{"coordinates":[[[144.96509,-37.820677],[144.965088,-37.820673],[144.965086,-37.820669],[144.965084,-37.820664],[144.965081,-37.82066],[144.965078,-37.820656],[144.965075,-37.820652],[144.965071,-37.820649],[144.965067,-37.820645],[144.965063,-37.820642],[144.965059,-37.820639],[144.965054,-37.820636],[144.965049,-37.820634],[144.965044,-37.820631],[144.965039,-37.820629],[144.965037,-37.820629],[144.965032,-37.820627],[144.965027,-37.820626],[144.965021,-37.820624],[144.965015,-37.820624],[144.96501,-37.820623],[144.965004,-37.820623],[144.964998,-37.820623],[144.964992,-37.820623],[144.964986,-37.820623],[144.964802,-37.820673],[144.964798,-37.820663],[144.964768,-37.820671],[144.964763,-37.820673],[144.964759,-37.820676],[144.964754,-37.820678],[144.96475,-37.820681],[144.964746,-37.820684],[144.964743,-37.820687],[144.964739,-37.82069],[144.964736,-37.820694],[144.964734,-37.820698],[144.964731,-37.820701],[144.964729,-37.820705],[144.964728,-37.820707],[144.964726,-37.820711],[144.964725,-37.820715],[144.964724,-37.820719],[144.964723,-37.820723],[144.964722,-37.820727],[144.964722,-37.820731],[144.964723,-37.820736],[144.964723,-37.82074],[144.964724,-37.820744],[144.964725,-37.820748],[144.964726,-37.82075],[144.964732,-37.820764],[144.964728,-37.820765],[144.964739,-37.820791],[144.96457,-37.820837],[144.964565,-37.82084],[144.964559,-37.820842],[144.964554,-37.820845],[144.964549,-37.820848],[144.964544,-37.820852],[144.96454,-37.820855],[144.964536,-37.820859],[144.964532,-37.820863],[144.964529,-37.820867],[144.964526,-37.820871],[144.964523,-37.820876],[144.964521,-37.82088],[144.964519,-37.820884],[144.964517,-37.820889],[144.964516,-37.820894],[144.964515,-37.820899],[144.964514,-37.820904],[144.964514,-37.820909],[144.964514,-37.820914],[144.964515,-37.820919],[144.964516,-37.820924],[144.964517,-37.820929],[144.964518,-37.820932],[144.96452,-37.820936],[144.964522,-37.82094],[144.964525,-37.820944],[144.964528,-37.820948],[144.964531,-37.820952],[144.964534,-37.820955],[144.964538,-37.820959],[144.964542,-37.820962],[144.964546,-37.820965],[144.964551,-37.820968],[144.964555,-37.82097],[144.96456,-37.820973],[144.964565,-37.820975],[144.964571,-37.820976],[144.964571,-37.820977],[144.964576,-37.820978],[144.964582,-37.820979],[144.964587,-37.82098],[144.964593,-37.820981],[144.964599,-37.820982],[144.964604,-37.820982],[144.96461,-37.820982],[144.964616,-37.820981],[144.964621,-37.82098],[144.964627,-37.820979],[144.964631,-37.820978],[144.964801,-37.820933],[144.964812,-37.820959],[144.964825,-37.82099],[144.964877,-37.820975],[144.964882,-37.820987],[144.96498,-37.82096],[144.964975,-37.820948],[144.965025,-37.820934],[144.964974,-37.820814],[144.96497,-37.820806],[144.964962,-37.820787],[144.965048,-37.820763],[144.965052,-37.820762],[144.965057,-37.820759],[144.965061,-37.820756],[144.965065,-37.820753],[144.965069,-37.82075],[144.965073,-37.820747],[144.965077,-37.820743],[144.96508,-37.820739],[144.965083,-37.820735],[144.965086,-37.820731],[144.965088,-37.820728],[144.96509,-37.820723],[144.965091,-37.820719],[144.965093,-37.820715],[144.965093,-37.82071],[144.965094,-37.820706],[144.965094,-37.820701],[144.965094,-37.820697],[144.965094,-37.820692],[144.965093,-37.820688],[144.965092,-37.820683],[144.96509,-37.820679],[144.96509,-37.820677]]],"type":"Polygon"},"properties":{"base_m":57.0,"date_captured":"2018-05-28","footprint_type":"Structure","structure_id":"803918","top_m":63.0},"type":"Feature"},{"geometry":{"coordinates":[[[144.96509,-37.822335],[144.965343,-37.822687],[144.965627,-37.822559],[144.965823,-37.82247],[144.965772,-37.8224],[144.965782,-37.822395],[144.965651,-37.822214],[144.965593,-37.82224],[144.965581,-37.822223],[144.965491,-37.8223],[144.965445,-37.82222],[144.965399,-37.822241],[144.965373,-37.822206],[144.96509,-37.822335]]],"type":"Polygon"},"properties":{"base_m":15.0,"date_captured":"2023-05-11","footprint_type":"Structure","structure_id":"900471","top_m":22.9},"type":"Feature"},{"geometry":{"coordinates":[[[144.965096,-37.822392],[144.96506,-37.822343],[144.96491,-37.822411],[144.964927,-37.822435],[144.964935,-37.822446],[144.964972,-37.822497],[144.965018,-37.822561],[144.96507,-37.822633],[144.965099,-37.822674],[144.965143,-37.822736],[144.965158,-37.822756],[144.965166,-37.822767],[144.965316,-37.822699],[144.965262,-37.822623],[144.965096,-37.822392]]],"type":"Polygon"},"properties":{"base_m":0.0,"date_captured":"2022-01-20","footprint_type":"Structure","structure_id":"814730","top_m":10.0},"type":"Feature"},{"geometry":{"coordinates":[[[144.965096,-37.822392],[144.96506,-37.822343],[144.96491,-37.822411],[144.964927,-37.822435],[144.964935,-37.822446],[144.964972,-37.822497],[144.965018,-37.822561],[144.96507,-37.822633],[144.965099,-37.822674],[144.965143,-37.822736],[144.965158,-37.822756],[144.965166,-37.822767],[144.965317,-37.822699],[144.965262,-37.822623],[144.965096,-37.822392]]],"type":"Polygon"},"properties":{"base_m":0.2,"date_captured":"2018-05-28","footprint_type":"Structure","structure_id":"814730","top_m":10.7},"type":"Feature"},{"geometry":{"coordinates":[[[144.965099,-37.822674],[144.96504,-37.822701],[144.964917,-37.822531],[144.964977,-37.822504],[144.96491,-37.822411],[144.964599,-37.822551],[144.964584,-37.822564],[144.964571,-37.822579],[144.964563,-37.822597],[144.964559,-37.822615],[144.964559,-37.822634],[144.964564,-37.822652],[144.964573,-37.822669],[144.964586,-37.822685],[144.964602,-37.822698],[144.964607,-37.822701],[144.964932,-37.822829],[144.96495,-37.822832],[144.964977,-37.822833],[144.964997,-37.822831],[144.965055,-37.822817],[144.965166,-37.822767],[144.965099,-37.822674]]],"type":"Polygon"},"properties":{"base_m":26.4,"date_captured":"2022-01-20","footprint_type":"Structure","structure_id":"801240","top_m":67.5},"type":"Feature"},{"geometry":{"coordinates":[[[144.965139,-37.823949],[144.964911,-37.82378],[144.964817,-37.823861],[144.965307,-37.824225],[144.965449,-37.824251],[144.96548,-37.824144],[144.965375,-37.824124],[144.965139,-37.823949]]],"type":"Polygon"},"properties":{"base_m":3.5,"date_captured":"2023-05-11","footprint_type":"Structure","structure_id":"817471","top_m":12.3},"type":"Feature"},{"geometry":{"coordinates":[[[144.965172,-37.820667],[144.965193,-37.820661],[144.965195,-37.82066],[144.965196,-37.820659],[144.965198,-37.820658],[144.965199,-37.820656],[144.9652,-37.820655],[144.965201,-37.820653],[144.965201,-37.820651],[144.965201,-37.820649],[144.965201,-37.820648],[144.965201,-37.820646],[144.9652,-37.820645],[144.965199,-37.820643],[144.965198,-37.820642],[144.965197,-37.82064],[144.965195,-37.820639],[144.965194,-37.820638],[144.965192,-37.820637],[144.96519,-37.820636],[144.965188,-37.820635],[144.965185,-37.820635],[144.965183,-37.820635],[144.965161,-37.820641],[144.965118,-37.820653],[144.965129,-37.820678],[144.965172,-37.820667]]],"type":"Polygon"},"properties":{"base_m":57.0,"date_captured":"2018-05-28","footprint_type":"Structure","structure_id":"803918","top_m":61.0},"type":"Feature"},{"geometry":{"coordinates":[[[144.965209,-37.823672],[144.965134,-37.82363],[144.965125,-37.823639],[144.965105,-37.823628],[144.964985,-37.823763],[144.9651,-37.823827],[144.965228,-37.823683],[144.965209,-37.823672]]],"type":"Polygon"},"properties":{"base_m":3.5,"date_captured":"2023-05-11","footprint_type":"Structure","structure_id":"817471","top_m":12.3},"type":"Feature"},{"geometry":{"coordinates":[[[144.96521,-37.824946],[144.965227,-37.82489],[144.964982,-37.824843],[144.964904,-37.824828],[144.964887,-37.824888],[144.96521,-37.824946]]],"type":"Polygon"},"properties":{"base_m":5.4,"date_captured":"2023-05-11","footprint_type":"Structure","structure_id":"816361","top_m":6.1},"type":"Feature"},{"geometry":{"coordinates":[[[144.965222,-37.82243],[144.965197,-37.822442],[144.965244,-37.8225],[144.965282,-37.82256],[144.965306,-37.822549],[144.965342,-37.822639],[144.965555,-37.822542],[144.965555,-37.822542],[144.965654,-37.822497],[144.965584,-37.822431],[144.965712,-37.822405],[144.965581,-37.822223],[144.965491,-37.8223],[144.965445,-37.82222],[144.965353,-37.822262],[144.965353,-37.822262],[144.96514,-37.822358],[144.965222,-37.82243]]],"type":"Polygon"},"properties":{"base_m":22.9,"date_captured":"2023-05-11","footprint_type":"Structure","structure_id":"900471","top_m":155.0},"type":"Feature"},{"geometry":{"coordinates":[[[144.965227,-37.82489],[144.965231,-37.824875],[144.965249,-37.824878],[144.965267,-37.824814],[144.964988,-37.824763],[144.96497,-37.824826],[144.964986,-37.824829],[144.964982,-37.824843],[144.965227,-37.82489]]],"type":"Polygon"},"properties":{"base_m":9.7,"date_captured":"2023-05-11","footprint_type":"Structure","structure_id":"816361","top_m":13.6},"type":"Feature"},{"geometry":{"coordinates":[[[144.965228,-37.828654],[144.965299,-37.828418],[144.965332,-37.82831],[144.965301,-37.828304],[144.964981,-37.828243],[144.964717,-37.828193],[144.964666,-37.828299],[144.96454,-37.828718],[144.964543,-37.828719],[144.964747,-37.828758],[144.964757,-37.828724],[144.964815,-37.828736],[144.964805,-37.828769],[144.964992,-37.828804],[144.965002,-37.828771],[144.965057,-37.828782],[144.965047,-37.828815],[144.965172,-37.828838],[144.965198,-37.828752],[144.965228,-37.828654]]],"type":"Polygon"},"properties":{"base_m":0.0,"date_captured":"2018-05-28","footprint_type":"Structure","structure_id":"807950","top_m":9.5},"type":"Feature"},{"geometry":{"coordinates":[[[144.965238,-37.821304],[144.965313,-37.821284],[144.965291,-37.821233],[144.965217,-37.821253],[144.965213,-37.821244],[144.965023,-37.821296],[144.965049,-37.821356],[144.965238,-37.821304]]],"type":"Polygon"},"properties":{"base_m":37.5,"date_captured":"2018-05-28","footprint_type":"Structure","structure_id":"808676","top_m":42.5},"type":"Feature"},{"geometry":{"coordinates":[[[144.965244,-37.828852],[144.965245,-37.828847],[144.965252,-37.828849],[144.965264,-37.82881],[144.965243,-37.828806],[144.965256,-37.828763],[144.965198,-37.828752],[144.965172,-37.828838],[144.965244,-37.828852]]],"type":"Polygon"},"properties":{"base_m":0.0,"date_captured":"2018-05-28","footprint_type":"Structure","structure_id":"805740","top_m":3.5},"type":"Feature"},{"geometry":{"coordinates":[[[144.965256,-37.82451],[144.965262,-37.82449],[144.965302,-37.824362],[144.965059,-37.824315],[144.964968,-37.824621],[144.965365,-37.824697],[144.965393,-37.824607],[144.965505,-37.824627],[144.965522,-37.824557],[144.965256,-37.82451]]],"type":"Polygon"},"properties":{"base_m":5.4,"date_captured":"2023-05-11","footprint_type":"Structure","structure_id":"816361","top_m":6.2},"type":"Feature"},{"geometry":{"coordinates":[[[144.965267,-37.821148],[144.964977,-37.821227],[144.965009,-37.8213],[144.965055,-37.821408],[144.965186,-37.821534],[144.965322,-37.821497],[144.965395,-37.821477],[144.965403,-37.821498],[144.965451,-37.821485],[144.965442,-37.821464],[144.96547,-37.821457],[144.965491,-37.821451],[144.965378,-37.821189],[144.965372,-37.821191],[144.965367,-37.821179],[144.965359,-37.821181],[144.965351,-37.821181],[144.965343,-37.821182],[144.965336,-37.821181],[144.965328,-37.82118],[144.96532,-37.821178],[144.965313,-37.821176],[144.965306,-37.821173],[144.9653,-37.821169],[144.965294,-37.821165],[144.965289,-37.82116],[144.965284,-37.821156],[144.965272,-37.821159],[144.965267,-37.821148]]],"type":"Polygon"},"properties":{"base_m":0.0,"date_captured":"2018-05-28","footprint_type":"Structure","structure_id":"808676","top_m":4.0},"type":"Feature"},{"geometry":{"coordinates":[[[144.965272,-37.821159],[144.965267,-37.821148],[144.964977,-37.821227],[144.965009,-37.8213],[144.965023,-37.821296],[144.965049,-37.821356],[144.965238,-37.821304],[144.965322,-37.821497],[144.965395,-37.821477],[144.965403,-37.821498],[144.965451,-37.821485],[144.965442,-37.821464],[144.96547,-37.821457],[144.965491,-37.821451],[144.965378,-37.821189],[144.965372,-37.821191],[144.965308,-37.821208],[144.965303,-37.821197],[144.96529,-37.821201],[144.965272,-37.821159]]],"type":"Polygon"},"properties":{"base_m":4.0,"date_captured":"2018-05-28","footprint_type":"Structure","structure_id":"808676","top_m":39.0},"type":"Feature"},{"geometry":{"coordinates":[[[144.965299,-37.828418],[144.965332,-37.82831],[144.965301,-37.828304],[144.965268,-37.828412],[144.965299,-37.828418]]],"type":"Polygon"},"properties":{"base_m":9.5,"date_captured":"2018-05-28","footprint_type":"Structure","structure_id":"807950","top_m":11.5},"type":"Feature"},{"geometry":{"coordinates":[[[144.965307,-37.822419],[144.965362,-37.822495],[144.965482,-37.822441],[144.965427,-37.822364],[144.965307,-37.822419]]],"type":"Polygon"},"properties":{"base_m":161.4,"date_captured":"2023-05-11","footprint_type":"Structure","structure_id":"900471","top_m":166.5},"type":"Feature"},{"geometry":{"coordinates":[[[144.965355,-37.824913],[144.965227,-37.82489],[144.965225,-37.824894],[144.96521,-37.824947],[144.965174,-37.825073],[144.965143,-37.825067],[144.965131,-37.82511],[144.965131,-37.825112],[144.965134,-37.825118],[144.965141,-37.825122],[144.965149,-37.825122],[144.965157,-37.825119],[144.965161,-37.825114],[144.965174,-37.825116],[144.965159,-37.825167],[144.96518,-37.825171],[144.96526,-37.825185],[144.965261,-37.825182],[144.965334,-37.825195],[144.965394,-37.824987],[144.965364,-37.824981],[144.965336,-37.824976],[144.965355,-37.824913]]],"type":"Polygon"},"properties":{"base_m":12.6,"date_captured":"2023-05-11","footprint_type":"Structure","structure_id":"816361","top_m":16.3},"type":"Feature"},{"geometry":{"coordinates":[[[144.965355,-37.824913],[144.965378,-37.824917],[144.965387,-37.824915],[144.965394,-37.82491],[144.965397,-37.824903],[144.965395,-37.824896],[144.96539,-37.82489],[144.965385,-37.824888],[144.965387,-37.824882],[144.965393,-37.824883],[144.965445,-37.824713],[144.965477,-37.824719],[144.965505,-37.824627],[144.965393,-37.824607],[144.965365,-37.824697],[144.964968,-37.824621],[144.964997,-37.824525],[144.964984,-37.824523],[144.964956,-37.824517],[144.964956,-37.824518],[144.964949,-37.824536],[144.964937,-37.824553],[144.964922,-37.824568],[144.964904,-37.824581],[144.964883,-37.82459],[144.964866,-37.82463],[144.96484,-37.824622],[144.964799,-37.824607],[144.96476,-37.824589],[144.964723,-37.824568],[144.96469,-37.824544],[144.964657,-37.824572],[144.964485,-37.824446],[144.964491,-37.824441],[144.964415,-37.824385],[144.964348,-37.824442],[144.964354,-37.824446],[144.964294,-37.824498],[144.964352,-37.824541],[144.964416,-37.824588],[144.96455,-37.824686],[144.964595,-37.824716],[144.964615,-37.824727],[144.964642,-37.824743],[144.964668,-37.824755],[144.964693,-37.824766],[144.964697,-37.824768],[144.964745,-37.824787],[144.964779,-37.824798],[144.964904,-37.824828],[144.964982,-37.824843],[144.965227,-37.82489],[144.965225,-37.824894],[144.96521,-37.824947],[144.965174,-37.825073],[144.965143,-37.825067],[144.965131,-37.82511],[144.965131,-37.825112],[144.965134,-37.825118],[144.965141,-37.825122],[144.965149,-37.825122],[144.965156,-37.825119],[144.965161,-37.825114],[144.965174,-37.825116],[144.965159,-37.825167],[144.96518,-37.825171],[144.965178,-37.825178],[144.965352,-37.82521],[144.965415,-37.82499],[144.965394,-37.824987],[144.965364,-37.824981],[144.965336,-37.824976],[144.965355,-37.824913]]],"type":"Polygon"},"properties":{"base_m":5.4,"date_captured":"2023-05-11","footprint_type":"Structure","structure_id":"816361","top_m":9.7},"type":"Feature"},{"geometry":{"coordinates":[[[144.965373,-37.822206],[144.96509,-37.822335],[144.965343,-37.822687],[144.965627,-37.822559],[144.965823,-37.82247],[144.965772,-37.8224],[144.965782,-37.822395],[144.96563,-37.822184],[144.965621,-37.822188],[144.965568,-37.822115],[144.965371,-37.822204],[144.965373,-37.822206]]],"type":"Polygon"},"properties":{"base_m":0.0,"date_captured":"2023-05-11","footprint_type":"Structure","structure_id":"900471","top_m":15.0},"type":"Feature"},{"geometry":{"coordinates":[[[144.965394,-37.824987],[144.965364,-37.824981],[144.965336,-37.824976],[144.965355,-37.824913],[144.965227,-37.82489],[144.965225,-37.824894],[144.96521,-37.824947],[144.965174,-37.825073],[144.965143,-37.825067],[144.965131,-37.82511],[144.965131,-37.825112],[144.965134,-37.825118],[144.965141,-37.825122],[144.965149,-37.825122],[144.965156,-37.825119],[144.965161,-37.825114],[144.965174,-37.825116],[144.965159,-37.825167],[144.96518,-37.825171],[144.965178,-37.825178],[144.965352,-37.82521],[144.965415,-37.82499],[144.965394,-37.824987]]],"type":"Polygon"},"properties":{"base_m":9.7,"date_captured":"2023-05-11","footprint_type":"Structure","structure_id":"816361","top_m":12.6},"type":"Feature"},{"geometry":{"coordinates":[[[144.96543,-37.823874],[144.965308,-37.823851],[144.96529,-37.823908],[144.965413,-37.823931],[144.96543,-37.823874]]],"type":"Polygon"},"properties":{"base_m":0.0,"date_captured":"2018-05-28","footprint_type":"Structure","structure_id":"817470","top_m":5.5},"type":"Feature"},{"geometry":{"coordinates":[[[144.965442,-37.821464],[144.965431,-37.821439],[144.965384,-37.821452],[144.965395,-37.821477],[144.965403,-37.821498],[144.965451,-37.821485],[144.965442,-37.821464]]],"type":"Polygon"},"properties":{"base_m":37.5,"date_captured":"2018-05-28","footprint_type":"Structure","structure_id":"808676","top_m":40.5},"type":"Feature"},{"geometry":{"coordinates":[[[144.965443,-37.82033],[144.965432,-37.820324],[144.965417,-37.820328],[144.965413,-37.820336],[144.965422,-37.820357],[144.965355,-37.820375],[144.965341,-37.820399],[144.965373,-37.820469],[144.965405,-37.82054],[144.96543,-37.820594],[144.96544,-37.820598],[144.965432,-37.82061],[144.965455,-37.820663],[144.96547,-37.82067],[144.965464,-37.820681],[144.96549,-37.820739],[144.965502,-37.820742],[144.96549,-37.820758],[144.965478,-37.820782],[144.965493,-37.820821],[144.965546,-37.820842],[144.965601,-37.820831],[144.965616,-37.820806],[144.965626,-37.820789],[144.965638,-37.820794],[144.965801,-37.820751],[144.965889,-37.820727],[144.965976,-37.820703],[144.966065,-37.820678],[144.96608,-37.820656],[144.966025,-37.820531],[144.966023,-37.820527],[144.965999,-37.820473],[144.965722,-37.82055],[144.96574,-37.820592],[144.965625,-37.820548],[144.96563,-37.82054],[144.965679,-37.820527],[144.965695,-37.8205],[144.965707,-37.820497],[144.96574,-37.82044],[144.965708,-37.820365],[144.96564,-37.82034],[144.965631,-37.820343],[144.965594,-37.820329],[144.965543,-37.820342],[144.965518,-37.820332],[144.965451,-37.820349],[144.965443,-37.82033]]],"type":"Polygon"},"properties":{"base_m":14.5,"date_captured":"2018-05-28","footprint_type":"Structure","structure_id":"809212","top_m":20.5},"type":"Feature"},{"geometry":{"coordinates":[[[144.965443,-37.82033],[144.965432,-37.820324],[144.965417,-37.820328],[144.965413,-37.820336],[144.965422,-37.820357],[144.965355,-37.820375],[144.965341,-37.820399],[144.965373,-37.820469],[144.965405,-37.82054],[144.96543,-37.820594],[144.96544,-37.820598],[144.965432,-37.82061],[144.965455,-37.820663],[144.96547,-37.82067],[144.965464,-37.820681],[144.96549,-37.820739],[144.965502,-37.820742],[144.96549,-37.820758],[144.9655,-37.820781],[144.965586,-37.820816],[144.965616,-37.820806],[144.965626,-37.820789],[144.965638,-37.820794],[144.965801,-37.820751],[144.965889,-37.820727],[144.965976,-37.820703],[144.966065,-37.820678],[144.96608,-37.820656],[144.966025,-37.820531],[144.966023,-37.820527],[144.965996,-37.820516],[144.965905,-37.820541],[144.965816,-37.820566],[144.965744,-37.820585],[144.965749,-37.820596],[144.96574,-37.820592],[144.965625,-37.820548],[144.96563,-37.82054],[144.965606,-37.820486],[144.965575,-37.820414],[144.965543,-37.820342],[144.965518,-37.820332],[144.965451,-37.820349],[144.965443,-37.82033]]],"type":"Polygon"},"properties":{"base_m":20.5,"date_captured":"2018-05-28","footprint_type":"Structure","structure_id":"809212","top_m":52.0},"type":"Feature"},{"geometry":{"coordinates":[[[144.965464,-37.828335],[144.965345,-37.828312],[144.965258,-37.828603],[144.965372,-37.828624],[144.96545,-37.828366],[144.965454,-37.828367],[144.965464,-37.828335]]],"type":"Polygon"},"properties":{"base_m":0.0,"date_captured":"2018-05-28","footprint_type":"Structure","structure_id":"817693","top_m":8.5},"type":"Feature"},{"geometry":{"coordinates":[[[144.96547,-37.821457],[144.965442,-37.821464],[144.965451,-37.821485],[144.965403,-37.821498],[144.965395,-37.821477],[144.965322,-37.821497],[144.965186,-37.821534],[144.965155,-37.821543],[144.964989,-37.821588],[144.964982,-37.82159],[144.964936,-37.821602],[144.964908,-37.82161],[144.964821,-37.821666],[144.964746,-37.821714],[144.964761,-37.821745],[144.964706,-37.821742],[144.964802,-37.821836],[144.964821,-37.821855],[144.964904,-37.821935],[144.964907,-37.821934],[144.964943,-37.821969],[144.96493,-37.821977],[144.964948,-37.821995],[144.964888,-37.822034],[144.964906,-37.82206],[144.965212,-37.821923],[144.965206,-37.821916],[144.965213,-37.821913],[144.96517,-37.821854],[144.965324,-37.821811],[144.965554,-37.821749],[144.965538,-37.821711],[144.965548,-37.821708],[144.965538,-37.821684],[144.965594,-37.821668],[144.965596,-37.821665],[144.965517,-37.821483],[144.965486,-37.821492],[144.96547,-37.821457]]],"type":"Polygon"},"properties":{"base_m":18.5,"date_captured":"2018-05-28","footprint_type":"Structure","structure_id":"802800","top_m":22.5},"type":"Feature"},{"geometry":{"coordinates":[[[144.96547,-37.821457],[144.965442,-37.821464],[144.965451,-37.821485],[144.965403,-37.821498],[144.965395,-37.821477],[144.965322,-37.821497],[144.965186,-37.821534],[144.965155,-37.821543],[144.964989,-37.821588],[144.964982,-37.82159],[144.964936,-37.821602],[144.964908,-37.82161],[144.964821,-37.821666],[144.964746,-37.821714],[144.964761,-37.821745],[144.964706,-37.821742],[144.964802,-37.821836],[144.964821,-37.821855],[144.964904,-37.821935],[144.964907,-37.821934],[144.964943,-37.821969],[144.96493,-37.821977],[144.964948,-37.821995],[144.964888,-37.822034],[144.964906,-37.82206],[144.965212,-37.821923],[144.965359,-37.821857],[144.965324,-37.821811],[144.965554,-37.821749],[144.965538,-37.821711],[144.965548,-37.821708],[144.965538,-37.821684],[144.965594,-37.821668],[144.965596,-37.821665],[144.965517,-37.821483],[144.965486,-37.821492],[144.96547,-37.821457]]],"type":"Polygon"},"properties":{"base_m":9.0,"date_captured":"2018-05-28","footprint_type":"Structure","structure_id":"802800","top_m":18.5},"type":"Feature"},{"geometry":{"coordinates":[[[144.96547,-37.821457],[144.965442,-37.821464],[144.965451,-37.821485],[144.965403,-37.821498],[144.965395,-37.821477],[144.965322,-37.821497],[144.965186,-37.821534],[144.965155,-37.821543],[144.965064,-37.821454],[144.964936,-37.821536],[144.964976,-37.821575],[144.964989,-37.821588],[144.964982,-37.82159],[144.964936,-37.821602],[144.964908,-37.82161],[144.964821,-37.821666],[144.964746,-37.821714],[144.964761,-37.821745],[144.964706,-37.821742],[144.964802,-37.821836],[144.964821,-37.821855],[144.964904,-37.821935],[144.964907,-37.821934],[144.964943,-37.821969],[144.96493,-37.821977],[144.964948,-37.821995],[144.964888,-37.822034],[144.964906,-37.82206],[144.965212,-37.821923],[144.965359,-37.821857],[144.965324,-37.821811],[144.965554,-37.821749],[144.965538,-37.821711],[144.965548,-37.821708],[144.965538,-37.821684],[144.965594,-37.821668],[144.965596,-37.821665],[144.965517,-37.821483],[144.965486,-37.821492],[144.96547,-37.821457]]],"type":"Polygon"},"properties":{"base_m":0.0,"date_captured":"2018-05-28","footprint_type":"Structure","structure_id":"802800","top_m":9.0},"type":"Feature"},{"geometry":{"coordinates":[[[144.965474,-37.828896],[144.965379,-37.828878],[144.965273,-37.82923],[144.965433,-37.82926],[144.965539,-37.828908],[144.96549,-37.828899],[144.965474,-37.828896]]],"type":"Polygon"},"properties":{"base_m":0.0,"date_captured":"2018-05-28","footprint_type":"Structure","structure_id":"808865","top_m":12.0},"type":"Feature"},{"geometry":{"coordinates":[[[144.965483,-37.828673],[144.965479,-37.828685],[144.965363,-37.828663],[144.965332,-37.828768],[144.965303,-37.828863],[144.965379,-37.828878],[144.965474,-37.828896],[144.96553,-37.828708],[144.965536,-37.828709],[144.965544,-37.828684],[144.965503,-37.828676],[144.965483,-37.828673]]],"type":"Polygon"},"properties":{"base_m":3.5,"date_captured":"2018-05-28","footprint_type":"Structure","structure_id":"805739","top_m":7.0},"type":"Feature"},{"geometry":{"coordinates":[[[144.965528,-37.828772],[144.965589,-37.828743],[144.965604,-37.828695],[144.965544,-37.828684],[144.965503,-37.828676],[144.965483,-37.828673],[144.965365,-37.82865],[144.965372,-37.828624],[144.965258,-37.828603],[144.965241,-37.828657],[144.965214,-37.828746],[144.965332,-37.828768],[144.965303,-37.828863],[144.965379,-37.828878],[144.965474,-37.828896],[144.96549,-37.828899],[144.965528,-37.828772]]],"type":"Polygon"},"properties":{"base_m":0.0,"date_captured":"2018-05-28","footprint_type":"Structure","structure_id":"805739","top_m":3.5},"type":"Feature"},{"geometry":{"coordinates":[[[144.965535,-37.822514],[144.965555,-37.822542],[144.965654,-37.822497],[144.965584,-37.822431],[144.965712,-37.822405],[144.965581,-37.822223],[144.965491,-37.8223],[144.965445,-37.82222],[144.965353,-37.822262],[144.965374,-37.822291],[144.965289,-37.822352],[144.965285,-37.822355],[144.965277,-37.822362],[144.96527,-37.822369],[144.965263,-37.822376],[144.965258,-37.822384],[144.965253,-37.822392],[144.965248,-37.8224],[144.965245,-37.822409],[144.965243,-37.822418],[144.965241,-37.822427],[144.96524,-37.822436],[144.965241,-37.822445],[144.965242,-37.822454],[144.965244,-37.822462],[144.965247,-37.822471],[144.965251,-37.82248],[144.965253,-37.822484],[144.965259,-37.822492],[144.965265,-37.822499],[144.965272,-37.822506],[144.96528,-37.822513],[144.965288,-37.822519],[144.965297,-37.822525],[144.965306,-37.82253],[144.965316,-37.822534],[144.965327,-37.822538],[144.965337,-37.822541],[144.965348,-37.822543],[144.965359,-37.822545],[144.965371,-37.822546],[144.965382,-37.822546],[144.965393,-37.822545],[144.965405,-37.822544],[144.965416,-37.822542],[144.965535,-37.822514]]],"type":"Polygon"},"properties":{"base_m":155.0,"date_captured":"2023-05-11","footprint_type":"Structure","structure_id":"900471","top_m":161.4},"type":"Feature"},{"geometry":{"coordinates":[[[144.965607,-37.824412],[144.965677,-37.824182],[144.965662,-37.824179],[144.965817,-37.823666],[144.965682,-37.82364],[144.965527,-37.824153],[144.965537,-37.824155],[144.965468,-37.824385],[144.965607,-37.824412]]],"type":"Polygon"},"properties":{"base_m":3.5,"date_captured":"2023-05-11","footprint_type":"Structure","structure_id":"817471","top_m":12.8},"type":"Feature"},{"geometry":{"coordinates":[[[144.965623,-37.828365],[144.965464,-37.828335],[144.965454,-37.828367],[144.96545,-37.828366],[144.965372,-37.828624],[144.965365,-37.82865],[144.965483,-37.828673],[144.965503,-37.828676],[144.965544,-37.828684],[144.965604,-37.828695],[144.96565,-37.828542],[144.965574,-37.828527],[144.965623,-37.828365]]],"type":"Polygon"},"properties":{"base_m":0.0,"date_captured":"2018-05-28","footprint_type":"Structure","structure_id":"817693","top_m":6.0},"type":"Feature"},{"geometry":{"coordinates":[[[144.96565,-37.828542],[144.965691,-37.828408],[144.965682,-37.828407],[144.965691,-37.828378],[144.965623,-37.828365],[144.965574,-37.828527],[144.96565,-37.828542]]],"type":"Polygon"},"properties":{"base_m":0.5,"date_captured":"2018-05-28","footprint_type":"Structure","structure_id":"817693","top_m":8.0},"type":"Feature"},{"geometry":{"coordinates":[[[144.965661,-37.825301],[144.965602,-37.82529],[144.965577,-37.825285],[144.965527,-37.82545],[144.9657,-37.825483],[144.965688,-37.825524],[144.96634,-37.825648],[144.966353,-37.825605],[144.966528,-37.825639],[144.966578,-37.825474],[144.966423,-37.825445],[144.966432,-37.825428],[144.966423,-37.825426],[144.966428,-37.825412],[144.966507,-37.825422],[144.96652,-37.825348],[144.966345,-37.825329],[144.965691,-37.825203],[144.96568,-37.825238],[144.965661,-37.825301]]],"type":"Polygon"},"properties":{"base_m":0.0,"date_captured":"2023-05-11","footprint_type":"Structure","structure_id":"812822","top_m":14.7},"type":"Feature"},{"geometry":{"coordinates":[[[144.965671,-37.823486],[144.965678,-37.823458],[144.965664,-37.823455],[144.965616,-37.823445],[144.965567,-37.82344],[144.965518,-37.823437],[144.965469,-37.823439],[144.96542,-37.823444],[144.965372,-37.823452],[144.965326,-37.823465],[144.965281,-37.82348],[144.965237,-37.823499],[144.965197,-37.82352],[144.965159,-37.823545],[144.965102,-37.823597],[144.9651,-37.823595],[144.965083,-37.823615],[144.965105,-37.823628],[144.965125,-37.823639],[144.965134,-37.82363],[144.965209,-37.823672],[144.965217,-37.823662],[144.965243,-37.823638],[144.965272,-37.823616],[144.965304,-37.823596],[144.965338,-37.823579],[144.965375,-37.823566],[144.965362,-37.82354],[144.965398,-37.823531],[144.965407,-37.823558],[144.965428,-37.823554],[144.965469,-37.823549],[144.965511,-37.823547],[144.965552,-37.823549],[144.965593,-37.823555],[144.965633,-37.823564],[144.965654,-37.823496],[144.965668,-37.823498],[144.965671,-37.823486]]],"type":"Polygon"},"properties":{"base_m":3.5,"date_captured":"2023-05-11","footprint_type":"Structure","structure_id":"817471","top_m":12.3},"type":"Feature"},{"geometry":{"coordinates":[[[144.965688,-37.825524],[144.965514,-37.825492],[144.965501,-37.825536],[144.96557,-37.82555],[144.965536,-37.825608],[144.965528,-37.825637],[144.965522,-37.825659],[144.965562,-37.825666],[144.965563,-37.825686],[144.965737,-37.82572],[144.966462,-37.825858],[144.966515,-37.825682],[144.965688,-37.825524]]],"type":"Polygon"},"properties":{"base_m":0.0,"date_captured":"2018-05-28","footprint_type":"Structure","structure_id":"810227","top_m":8.5},"type":"Feature"},{"geometry":{"coordinates":[[[144.965688,-37.825524],[144.965514,-37.825492],[144.965501,-37.825536],[144.96557,-37.82555],[144.965536,-37.825608],[144.965528,-37.825637],[144.965522,-37.825659],[144.965562,-37.825666],[144.965563,-37.825686],[144.965737,-37.82572],[144.966462,-37.825858],[144.966515,-37.825682],[144.965688,-37.825524]]],"type":"Polygon"},"properties":{"base_m":0.1,"date_captured":"2022-01-20","footprint_type":"Structure","structure_id":"810227","top_m":8.5},"type":"Feature"},{"geometry":{"coordinates":[[[144.965703,-37.819959],[144.965768,-37.81995],[144.965761,-37.819918],[144.965695,-37.819927],[144.965703,-37.819959]]],"type":"Polygon"},"properties":{"base_m":0.0,"date_captured":"2022-01-20","footprint_type":"Structure","structure_id":"900559","top_m":2.5},"type":"Feature"},{"geometry":{"coordinates":[[[144.965712,-37.830076],[144.965637,-37.830062],[144.965627,-37.830094],[144.965702,-37.830108],[144.965712,-37.830076]]],"type":"Polygon"},"properties":{"base_m":0.0,"date_captured":"2018-05-28","footprint_type":"Structure","structure_id":"804898","top_m":2.5},"type":"Feature"},{"geometry":{"coordinates":[[[144.96574,-37.820592],[144.965625,-37.820548],[144.96563,-37.82054],[144.965606,-37.820486],[144.965575,-37.820414],[144.965549,-37.820403],[144.965386,-37.820448],[144.965373,-37.820469],[144.965405,-37.82054],[144.96543,-37.820594],[144.96544,-37.820598],[144.965432,-37.82061],[144.965455,-37.820663],[144.96547,-37.82067],[144.965464,-37.820681],[144.96549,-37.820739],[144.965502,-37.820742],[144.96549,-37.820758],[144.9655,-37.820781],[144.965586,-37.820816],[144.965616,-37.820806],[144.965626,-37.820789],[144.965638,-37.820794],[144.965801,-37.820751],[144.965889,-37.820727],[144.965976,-37.820703],[144.96599,-37.820681],[144.965934,-37.820551],[144.965905,-37.820541],[144.965816,-37.820566],[144.965744,-37.820585],[144.965749,-37.820596],[144.96574,-37.820592]]],"type":"Polygon"},"properties":{"base_m":52.0,"date_captured":"2018-05-28","footprint_type":"Structure","structure_id":"809212","top_m":58.0},"type":"Feature"},{"geometry":{"coordinates":[[[144.96574,-37.820592],[144.965625,-37.820548],[144.96563,-37.82054],[144.965606,-37.820486],[144.965578,-37.820473],[144.965417,-37.820517],[144.965405,-37.82054],[144.96543,-37.820594],[144.96544,-37.820598],[144.965432,-37.82061],[144.965455,-37.820663],[144.96547,-37.82067],[144.965464,-37.820681],[144.96549,-37.820739],[144.965502,-37.820742],[144.96549,-37.820758],[144.9655,-37.820781],[144.965586,-37.820816],[144.965616,-37.820806],[144.965626,-37.820789],[144.965638,-37.820794],[144.965801,-37.820751],[144.965889,-37.820727],[144.965901,-37.820706],[144.965843,-37.820575],[144.965816,-37.820566],[144.965744,-37.820585],[144.965749,-37.820596],[144.96574,-37.820592]]],"type":"Polygon"},"properties":{"base_m":58.0,"date_captured":"2018-05-28","footprint_type":"Structure","structure_id":"809212","top_m":65.5},"type":"Feature"},{"geometry":{"coordinates":[[[144.965748,-37.83057],[144.965575,-37.83062],[144.965588,-37.830648],[144.965527,-37.830665],[144.965601,-37.830825],[144.965647,-37.830811],[144.965678,-37.830879],[144.965722,-37.830866],[144.965752,-37.830931],[144.965796,-37.830919],[144.965826,-37.830985],[144.965842,-37.83098],[144.965847,-37.830991],[144.966023,-37.83094],[144.966017,-37.830928],[144.966033,-37.830924],[144.966004,-37.830861],[144.966025,-37.830855],[144.965982,-37.830761],[144.965959,-37.830768],[144.965897,-37.830633],[144.965805,-37.83066],[144.965767,-37.830577],[144.965753,-37.830581],[144.965748,-37.83057]]],"type":"Polygon"},"properties":{"base_m":15.0,"date_captured":"2018-05-28","footprint_type":"Structure","structure_id":"818754","top_m":22.0},"type":"Feature"},{"geometry":{"coordinates":[[[144.965754,-37.825252],[144.96574,-37.825296],[144.965732,-37.825294],[144.965732,-37.825314],[144.965661,-37.825301],[144.965577,-37.825285],[144.965527,-37.82545],[144.9657,-37.825483],[144.965812,-37.825504],[144.965826,-37.825459],[144.965833,-37.82546],[144.965834,-37.825443],[144.966002,-37.825475],[144.965997,-37.825491],[144.966084,-37.825507],[144.966089,-37.825491],[144.966258,-37.825523],[144.966248,-37.825539],[144.966257,-37.825541],[144.966243,-37.825584],[144.966528,-37.825639],[144.966578,-37.825474],[144.966423,-37.825445],[144.966432,-37.825428],[144.966423,-37.825426],[144.966428,-37.825412],[144.966437,-37.825383],[144.966139,-37.825326],[144.966136,-37.825337],[144.966048,-37.82532],[144.966051,-37.825309],[144.965754,-37.825252]]],"type":"Polygon"},"properties":{"base_m":14.7,"date_captured":"2023-05-11","footprint_type":"Structure","structure_id":"812822","top_m":29.8},"type":"Feature"},{"geometry":{"coordinates":[[[144.965754,-37.825252],[144.96574,-37.825296],[144.965732,-37.825294],[144.965732,-37.825314],[144.965661,-37.825301],[144.965577,-37.825285],[144.965527,-37.82545],[144.9657,-37.825483],[144.965812,-37.825504],[144.965826,-37.825459],[144.965833,-37.82546],[144.965834,-37.825443],[144.966002,-37.825475],[144.966022,-37.825409],[144.96603,-37.825411],[144.966031,-37.825382],[144.966047,-37.825355],[144.966038,-37.825354],[144.966048,-37.82532],[144.966051,-37.825309],[144.965754,-37.825252]]],"type":"Polygon"},"properties":{"base_m":29.8,"date_captured":"2023-05-11","footprint_type":"Structure","structure_id":"812822","top_m":66.9},"type":"Feature"},{"geometry":{"coordinates":[[[144.965755,-37.820737],[144.965771,-37.820709],[144.965727,-37.820608],[144.965618,-37.820567],[144.965495,-37.8206],[144.965475,-37.820631],[144.965517,-37.820728],[144.965627,-37.820771],[144.965755,-37.820737]]],"type":"Polygon"},"properties":{"base_m":75.5,"date_captured":"2018-05-28","footprint_type":"Structure","structure_id":"809212","top_m":84.5},"type":"Feature"},{"geometry":{"coordinates":[[[144.965763,-37.822628],[144.965672,-37.822669],[144.965668,-37.822671],[144.965672,-37.822675],[144.965663,-37.822679],[144.965696,-37.822725],[144.965715,-37.822751],[144.965695,-37.82276],[144.965681,-37.822766],[144.96579,-37.82292],[144.965803,-37.822914],[144.965823,-37.822905],[144.965841,-37.822931],[144.965872,-37.822975],[144.965881,-37.822971],[144.965884,-37.822975],[144.965888,-37.822973],[144.965972,-37.822935],[144.965982,-37.822931],[144.965979,-37.822927],[144.965984,-37.822925],[144.965948,-37.822873],[144.965928,-37.822845],[144.965961,-37.82283],[144.965953,-37.822819],[144.965935,-37.822794],[144.965948,-37.822788],[144.965901,-37.822722],[144.96589,-37.822727],[144.965872,-37.822703],[144.965871,-37.822701],[144.965862,-37.822689],[144.965827,-37.822704],[144.965808,-37.822678],[144.965774,-37.822629],[144.965766,-37.822633],[144.965763,-37.822628]]],"type":"Polygon"},"properties":{"base_m":93.5,"date_captured":"2018-05-28","footprint_type":"Structure","structure_id":"800975","top_m":96.5},"type":"Feature"},{"geometry":{"coordinates":[[[144.965763,-37.822628],[144.965755,-37.822617],[144.965664,-37.822657],[144.965672,-37.822669],[144.965668,-37.822671],[144.965672,-37.822675],[144.965663,-37.822679],[144.965696,-37.822725],[144.965676,-37.822734],[144.965695,-37.82276],[144.965681,-37.822766],[144.96579,-37.82292],[144.965803,-37.822914],[144.965822,-37.82294],[144.965841,-37.822931],[144.965872,-37.822975],[144.965881,-37.822971],[144.965884,-37.822975],[144.965888,-37.822973],[144.965894,-37.822983],[144.965979,-37.822945],[144.965972,-37.822935],[144.965982,-37.822931],[144.965979,-37.822927],[144.965984,-37.822925],[144.965948,-37.822873],[144.965981,-37.822858],[144.965961,-37.82283],[144.965953,-37.822819],[144.965935,-37.822794],[144.965948,-37.822788],[144.965901,-37.822722],[144.96589,-37.822727],[144.965872,-37.822703],[144.965871,-37.822701],[144.965862,-37.822689],[144.965843,-37.822662],[144.965808,-37.822678],[144.965774,-37.822629],[144.965766,-37.822633],[144.965763,-37.822628]]],"type":"Polygon"},"properties":{"base_m":90.5,"date_captured":"2018-05-28","footprint_type":"Structure","structure_id":"800975","top_m":93.5},"type":"Feature"},{"geometry":{"coordinates":[[[144.965769,-37.830648],[144.965712,-37.830665],[144.965743,-37.830732],[144.965818,-37.83071],[144.965795,-37.830662],[144.965777,-37.830667],[144.965769,-37.830648]]],"type":"Polygon"},"properties":{"base_m":22.0,"date_captured":"2018-05-28","footprint_type":"Structure","structure_id":"818754","top_m":25.5},"type":"Feature"},{"geometry":{"coordinates":[[[144.965771,-37.830551],[144.965546,-37.830616],[144.965554,-37.830634],[144.965507,-37.830648],[144.965597,-37.830842],[144.965642,-37.830829],[144.965671,-37.830892],[144.965714,-37.830879],[144.965745,-37.830945],[144.965788,-37.830933],[144.965824,-37.83101],[144.966054,-37.830943],[144.966038,-37.830908],[144.966025,-37.83088],[144.966046,-37.830874],[144.965983,-37.830737],[144.965961,-37.830744],[144.965899,-37.83061],[144.96581,-37.830636],[144.965771,-37.830551]]],"type":"Polygon"},"properties":{"base_m":11.5,"date_captured":"2018-05-28","footprint_type":"Structure","structure_id":"818754","top_m":15.0},"type":"Feature"},{"geometry":{"coordinates":[[[144.965771,-37.830551],[144.965546,-37.830616],[144.965554,-37.830634],[144.965507,-37.830648],[144.965597,-37.830842],[144.965642,-37.830829],[144.965671,-37.830892],[144.965714,-37.830879],[144.965745,-37.830945],[144.965788,-37.830933],[144.965824,-37.83101],[144.966054,-37.830943],[144.966038,-37.830908],[144.966059,-37.830902],[144.966046,-37.830874],[144.965983,-37.830737],[144.965961,-37.830744],[144.965899,-37.83061],[144.96581,-37.830636],[144.965771,-37.830551]]],"type":"Polygon"},"properties":{"base_m":0.0,"date_captured":"2018-05-28","footprint_type":"Structure","structure_id":"818754","top_m":11.5},"type":"Feature"},{"geometry":{"coordinates":[[[144.965801,-37.820751],[144.965812,-37.820728],[144.965756,-37.820598],[144.965749,-37.820596],[144.96574,-37.820592],[144.965625,-37.820548],[144.96561,-37.820542],[144.965448,-37.820586],[144.96544,-37.820598],[144.965432,-37.82061],[144.965455,-37.820663],[144.96547,-37.82067],[144.965464,-37.820681],[144.96549,-37.820739],[144.965502,-37.820742],[144.96549,-37.820758],[144.9655,-37.820781],[144.965586,-37.820816],[144.965616,-37.820806],[144.965626,-37.820789],[144.965638,-37.820794],[144.965801,-37.820751]]],"type":"Polygon"},"properties":{"base_m":65.5,"date_captured":"2018-05-28","footprint_type":"Structure","structure_id":"809212","top_m":75.5},"type":"Feature"},{"geometry":{"coordinates":[[[144.965808,-37.822614],[144.965774,-37.822629],[144.965766,-37.822633],[144.965763,-37.822628],[144.965755,-37.822617],[144.965664,-37.822657],[144.965672,-37.822669],[144.965668,-37.822671],[144.965672,-37.822675],[144.965663,-37.822679],[144.965634,-37.822692],[144.965684,-37.822763],[144.965667,-37.82277],[144.965779,-37.822927],[144.965792,-37.822921],[144.965841,-37.822989],[144.965872,-37.822975],[144.965881,-37.822971],[144.965884,-37.822975],[144.965888,-37.822973],[144.965894,-37.822983],[144.965979,-37.822945],[144.965972,-37.822935],[144.965982,-37.822931],[144.965979,-37.822927],[144.965984,-37.822925],[144.966018,-37.82291],[144.965981,-37.822858],[144.965961,-37.82283],[144.965953,-37.822819],[144.965965,-37.822813],[144.965958,-37.822783],[144.965948,-37.822788],[144.965901,-37.822722],[144.965911,-37.822718],[144.965886,-37.822697],[144.965872,-37.822703],[144.965871,-37.822701],[144.965862,-37.822689],[144.965843,-37.822662],[144.965808,-37.822614]]],"type":"Polygon"},"properties":{"base_m":75.5,"date_captured":"2018-05-28","footprint_type":"Structure","structure_id":"800975","top_m":90.5},"type":"Feature"},{"geometry":{"coordinates":[[[144.965808,-37.822614],[144.965774,-37.822629],[144.965766,-37.822633],[144.965763,-37.822628],[144.965755,-37.822617],[144.965664,-37.822657],[144.965672,-37.822669],[144.965668,-37.822671],[144.965672,-37.822675],[144.965663,-37.822679],[144.965634,-37.822692],[144.965684,-37.822763],[144.965667,-37.82277],[144.965779,-37.822927],[144.965792,-37.822921],[144.965841,-37.822989],[144.965872,-37.822975],[144.965881,-37.822971],[144.965884,-37.822975],[144.965888,-37.822973],[144.965894,-37.822983],[144.965979,-37.822945],[144.965972,-37.822935],[144.965982,-37.822931],[144.965979,-37.822927],[144.965984,-37.822925],[144.966018,-37.82291],[144.965981,-37.822858],[144.965961,-37.82283],[144.965953,-37.822819],[144.965965,-37.822813],[144.965958,-37.822783],[144.965963,-37.822781],[144.965916,-37.822715],[144.965911,-37.822718],[144.965886,-37.822697],[144.965872,-37.822703],[144.965871,-37.822701],[144.965862,-37.822689],[144.965843,-37.822662],[144.965808,-37.822614]]],"type":"Polygon"},"properties":{"base_m":26.5,"date_captured":"2018-05-28","footprint_type":"Structure","structure_id":"800975","top_m":75.5},"type":"Feature"},{"geometry":{"coordinates":[[[144.965813,-37.82009],[144.965726,-37.820114],[144.965721,-37.820102],[144.965628,-37.820128],[144.965623,-37.820118],[144.965538,-37.820141],[144.965533,-37.820129],[144.965454,-37.82015],[144.965466,-37.820178],[144.965459,-37.820179],[144.965414,-37.820192],[144.965326,-37.820216],[144.965287,-37.820178],[144.965272,-37.820172],[144.965196,-37.820193],[144.965147,-37.820309],[144.965207,-37.820391],[144.965248,-37.820379],[144.965262,-37.82041],[144.965336,-37.820388],[144.965341,-37.820399],[144.965373,-37.820469],[144.965405,-37.82054],[144.96543,-37.820594],[144.96544,-37.820598],[144.965432,-37.82061],[144.965455,-37.820663],[144.96547,-37.82067],[144.965464,-37.820681],[144.96549,-37.820739],[144.965502,-37.820742],[144.96549,-37.820758],[144.965478,-37.820782],[144.965493,-37.820821],[144.965546,-37.820842],[144.965601,-37.820831],[144.965607,-37.820829],[144.965659,-37.820945],[144.96581,-37.820903],[144.965758,-37.820788],[144.966088,-37.820698],[144.966115,-37.820651],[144.966064,-37.820529],[144.966074,-37.820533],[144.966098,-37.820526],[144.966108,-37.82051],[144.966104,-37.820502],[144.96612,-37.820498],[144.965963,-37.820138],[144.965982,-37.820133],[144.965966,-37.820095],[144.965927,-37.820106],[144.965934,-37.82012],[144.96587,-37.820096],[144.965822,-37.820109],[144.965813,-37.82009]]],"type":"Polygon"},"properties":{"base_m":0.0,"date_captured":"2018-05-28","footprint_type":"Structure","structure_id":"809212","top_m":5.0},"type":"Feature"},{"geometry":{"coordinates":[[[144.965813,-37.82009],[144.965726,-37.820114],[144.965721,-37.820102],[144.965628,-37.820128],[144.965623,-37.820118],[144.965538,-37.820141],[144.965533,-37.820129],[144.965454,-37.82015],[144.965466,-37.820178],[144.965459,-37.820179],[144.965414,-37.820192],[144.965326,-37.820216],[144.965287,-37.820178],[144.965272,-37.820172],[144.965196,-37.820193],[144.965147,-37.820309],[144.965207,-37.820391],[144.965248,-37.820379],[144.965262,-37.82041],[144.965336,-37.820388],[144.965341,-37.820399],[144.965373,-37.820469],[144.965405,-37.82054],[144.96543,-37.820594],[144.96544,-37.820598],[144.965432,-37.82061],[144.965455,-37.820663],[144.96547,-37.82067],[144.965464,-37.820681],[144.96549,-37.820739],[144.965502,-37.820742],[144.96549,-37.820758],[144.965478,-37.820782],[144.965493,-37.820821],[144.965546,-37.820842],[144.965601,-37.820831],[144.965607,-37.820829],[144.965758,-37.820788],[144.966088,-37.820698],[144.966115,-37.820651],[144.966064,-37.820529],[144.966074,-37.820533],[144.966098,-37.820526],[144.966108,-37.82051],[144.966104,-37.820502],[144.96612,-37.820498],[144.965963,-37.820138],[144.965982,-37.820133],[144.965966,-37.820095],[144.965927,-37.820106],[144.965934,-37.82012],[144.96587,-37.820096],[144.965822,-37.820109],[144.965813,-37.82009]]],"type":"Polygon"},"properties":{"base_m":5.0,"date_captured":"2018-05-28","footprint_type":"Structure","structure_id":"809212","top_m":7.5},"type":"Feature"},{"geometry":{"coordinates":[[[144.965827,-37.823024],[144.965583,-37.822683],[144.965246,-37.822835],[144.965238,-37.822843],[144.965229,-37.822856],[144.965225,-37.82287],[144.965226,-37.822885],[144.965231,-37.822899],[144.96524,-37.822912],[144.965253,-37.822922],[144.965261,-37.822926],[144.965388,-37.822951],[144.965392,-37.822939],[144.965408,-37.822942],[144.965436,-37.822956],[144.965463,-37.822966],[144.96552,-37.822977],[144.965522,-37.822977],[144.965531,-37.822978],[144.96558,-37.82298],[144.965579,-37.822986],[144.965827,-37.823024]]],"type":"Polygon"},"properties":{"base_m":0.0,"date_captured":"2018-05-28","footprint_type":"Structure","structure_id":"800274","top_m":18.0},"type":"Feature"},{"geometry":{"coordinates":[[[144.965834,-37.825443],[144.965834,-37.825429],[144.965859,-37.825348],[144.965842,-37.825345],[144.965844,-37.825336],[144.965732,-37.825314],[144.965661,-37.825301],[144.965577,-37.825285],[144.965527,-37.82545],[144.9657,-37.825483],[144.965812,-37.825504],[144.965826,-37.825459],[144.965833,-37.82546],[144.965834,-37.825443]]],"type":"Polygon"},"properties":{"base_m":66.9,"date_captured":"2023-05-11","footprint_type":"Structure","structure_id":"812822","top_m":75.9},"type":"Feature"},{"geometry":{"coordinates":[[[144.965842,-37.823633],[144.965875,-37.823526],[144.965671,-37.823486],[144.965668,-37.823498],[144.965654,-37.823496],[144.965633,-37.823564],[144.965625,-37.823591],[144.965842,-37.823633]]],"type":"Polygon"},"properties":{"base_m":3.5,"date_captured":"2023-05-11","footprint_type":"Structure","structure_id":"817471","top_m":12.3},"type":"Feature"},{"geometry":{"coordinates":[[[144.965842,-37.825345],[144.96575,-37.825327],[144.965722,-37.825417],[144.965814,-37.825434],[144.965842,-37.825345]]],"type":"Polygon"},"properties":{"base_m":75.9,"date_captured":"2023-05-11","footprint_type":"Structure","structure_id":"812822","top_m":80.8},"type":"Feature"},{"geometry":{"coordinates":[[[144.965854,-37.829613],[144.96584,-37.829611],[144.965855,-37.82956],[144.965746,-37.82954],[144.965729,-37.829593],[144.965753,-37.829597],[144.965741,-37.829638],[144.965717,-37.829634],[144.9657,-37.829691],[144.966045,-37.829757],[144.966057,-37.829718],[144.966072,-37.829721],[144.966165,-37.829739],[144.966182,-37.829742],[144.966171,-37.829779],[144.966514,-37.829844],[144.966531,-37.829788],[144.966507,-37.829783],[144.96652,-37.829742],[144.966543,-37.829746],[144.966559,-37.829694],[144.966454,-37.829674],[144.966439,-37.829724],[144.96642,-37.82972],[144.966276,-37.829693],[144.966291,-37.829643],[144.966241,-37.829633],[144.966239,-37.82964],[144.966099,-37.829614],[144.966065,-37.829607],[144.966067,-37.829601],[144.966013,-37.829591],[144.965998,-37.829641],[144.965854,-37.829613]]],"type":"Polygon"},"properties":{"base_m":45.0,"date_captured":"2018-05-28","footprint_type":"Structure","structure_id":"817227","top_m":49.0},"type":"Feature"},{"geometry":{"coordinates":[[[144.965854,-37.829613],[144.965874,-37.829546],[144.965877,-37.829536],[144.965857,-37.829532],[144.965739,-37.829509],[144.965715,-37.82959],[144.965702,-37.829631],[144.965679,-37.82971],[144.966054,-37.829782],[144.966072,-37.829721],[144.966165,-37.829739],[144.966147,-37.829799],[144.966521,-37.82987],[144.966545,-37.829791],[144.966557,-37.829749],[144.96658,-37.829673],[144.966442,-37.829646],[144.96642,-37.82972],[144.966276,-37.829693],[144.966291,-37.829643],[144.966299,-37.829615],[144.966022,-37.829563],[144.966013,-37.829591],[144.965998,-37.829641],[144.965854,-37.829613]]],"type":"Polygon"},"properties":{"base_m":5.5,"date_captured":"2018-05-28","footprint_type":"Structure","structure_id":"817227","top_m":42.5},"type":"Feature"},{"geometry":{"coordinates":[[[144.965855,-37.82956],[144.965746,-37.82954],[144.965729,-37.829593],[144.965715,-37.82959],[144.965702,-37.829631],[144.965717,-37.829634],[144.9657,-37.829691],[144.966045,-37.829757],[144.966057,-37.829718],[144.966072,-37.829721],[144.966165,-37.829739],[144.966182,-37.829742],[144.966171,-37.829779],[144.966514,-37.829844],[144.966531,-37.829788],[144.966545,-37.829791],[144.966557,-37.829749],[144.966543,-37.829746],[144.966559,-37.829694],[144.966454,-37.829674],[144.966439,-37.829724],[144.96642,-37.82972],[144.966276,-37.829693],[144.966291,-37.829643],[144.966241,-37.829633],[144.966239,-37.82964],[144.966099,-37.829614],[144.966065,-37.829607],[144.966067,-37.829601],[144.966013,-37.829591],[144.965998,-37.829641],[144.965854,-37.829613],[144.96584,-37.829611],[144.965855,-37.82956]]],"type":"Polygon"},"properties":{"base_m":42.5,"date_captured":"2018-05-28","footprint_type":"Structure","structure_id":"817227","top_m":45.0},"type":"Feature"},{"geometry":{"coordinates":[[[144.965875,-37.823526],[144.965671,-37.823486],[144.965678,-37.823458],[144.965664,-37.823455],[144.965616,-37.823445],[144.965567,-37.82344],[144.965518,-37.823437],[144.965469,-37.823439],[144.96542,-37.823444],[144.965372,-37.823452],[144.965326,-37.823465],[144.965281,-37.82348],[144.965237,-37.823499],[144.965197,-37.82352],[144.965159,-37.823545],[144.965102,-37.823597],[144.9651,-37.823595],[144.965083,-37.823615],[144.965105,-37.823628],[144.964985,-37.823763],[144.9651,-37.823827],[144.965228,-37.823683],[144.965209,-37.823672],[144.965217,-37.823662],[144.965243,-37.823638],[144.965272,-37.823616],[144.965304,-37.823596],[144.965338,-37.823579],[144.965375,-37.823566],[144.965362,-37.82354],[144.965398,-37.823531],[144.965407,-37.823558],[144.965428,-37.823554],[144.965469,-37.823549],[144.965511,-37.823547],[144.965552,-37.823549],[144.965593,-37.823555],[144.965633,-37.823564],[144.965625,-37.823591],[144.965615,-37.823626],[144.965637,-37.823631],[144.96548,-37.824144],[144.965375,-37.824124],[144.965139,-37.823949],[144.965172,-37.823921],[144.964944,-37.823752],[144.964911,-37.82378],[144.964817,-37.823861],[144.965307,-37.824225],[144.965449,-37.824251],[144.965458,-37.824253],[144.965427,-37.824356],[144.965468,-37.824385],[144.965607,-37.824412],[144.965677,-37.824182],[144.965662,-37.824179],[144.965817,-37.823666],[144.965831,-37.823669],[144.965842,-37.823633],[144.965875,-37.823526]]],"type":"Polygon"},"properties":{"base_m":0.0,"date_captured":"2023-05-11","footprint_type":"Structure","structure_id":"817471","top_m":3.5},"type":"Feature"},{"geometry":{"coordinates":[[[144.965892,-37.822813],[144.965846,-37.822747],[144.965771,-37.82278],[144.965817,-37.822846],[144.965892,-37.822813]]],"type":"Polygon"},"properties":{"base_m":96.5,"date_captured":"2018-05-28","footprint_type":"Structure","structure_id":"800975","top_m":100.0},"type":"Feature"},{"geometry":{"coordinates":[[[144.965902,-37.819925],[144.965966,-37.819916],[144.965959,-37.819885],[144.965895,-37.819894],[144.965902,-37.819925]]],"type":"Polygon"},"properties":{"base_m":0.0,"date_captured":"2022-01-20","footprint_type":"Structure","structure_id":"900558","top_m":2.5},"type":"Feature"},{"geometry":{"coordinates":[[[144.965963,-37.820138],[144.965982,-37.820133],[144.965966,-37.820095],[144.965927,-37.820106],[144.965934,-37.82012],[144.965937,-37.820127],[144.965667,-37.820201],[144.965644,-37.820149],[144.965467,-37.820197],[144.965422,-37.82021],[144.965414,-37.820192],[144.965326,-37.820216],[144.965334,-37.820233],[144.965243,-37.820258],[144.965216,-37.820305],[144.965248,-37.820379],[144.965262,-37.82041],[144.965336,-37.820388],[144.965341,-37.820399],[144.965373,-37.820469],[144.965405,-37.82054],[144.96543,-37.820594],[144.96544,-37.820598],[144.965432,-37.82061],[144.965455,-37.820663],[144.96547,-37.82067],[144.965464,-37.820681],[144.96549,-37.820739],[144.965502,-37.820742],[144.96549,-37.820758],[144.965478,-37.820782],[144.965493,-37.820821],[144.965546,-37.820842],[144.965601,-37.820831],[144.965616,-37.820806],[144.965626,-37.820789],[144.965638,-37.820794],[144.965801,-37.820751],[144.965889,-37.820727],[144.965976,-37.820703],[144.966065,-37.820678],[144.96608,-37.820656],[144.966025,-37.820531],[144.966053,-37.820523],[144.966053,-37.820525],[144.966064,-37.820529],[144.966074,-37.820533],[144.966098,-37.820526],[144.966108,-37.82051],[144.966104,-37.820502],[144.96612,-37.820498],[144.965963,-37.820138]]],"type":"Polygon"},"properties":{"base_m":7.5,"date_captured":"2018-05-28","footprint_type":"Structure","structure_id":"809212","top_m":14.5},"type":"Feature"},{"geometry":{"coordinates":[[[144.965965,-37.824271],[144.965913,-37.824261],[144.965904,-37.824291],[144.965879,-37.824286],[144.965853,-37.82437],[144.965808,-37.82452],[144.965834,-37.824526],[144.965817,-37.824583],[144.96575,-37.824804],[144.965733,-37.82486],[144.965707,-37.824855],[144.965636,-37.825089],[144.965662,-37.825094],[144.965654,-37.825121],[144.965705,-37.825131],[144.965713,-37.825104],[144.966559,-37.825265],[144.966551,-37.825292],[144.966602,-37.825302],[144.966609,-37.825276],[144.966637,-37.825281],[144.966708,-37.825045],[144.96668,-37.82504],[144.966781,-37.824705],[144.966809,-37.82471],[144.96688,-37.824475],[144.966851,-37.82447],[144.96686,-37.824441],[144.966811,-37.824432],[144.966803,-37.824461],[144.965956,-37.8243],[144.965965,-37.824271]],[[144.965984,-37.824553],[144.965938,-37.824544],[144.965955,-37.824486],[144.965903,-37.824476],[144.965921,-37.824417],[144.966132,-37.824457],[144.966146,-37.82446],[144.966143,-37.824471],[144.966186,-37.824479],[144.966189,-37.824469],[144.966216,-37.824474],[144.966213,-37.824484],[144.966256,-37.824492],[144.966259,-37.824483],[144.966286,-37.824489],[144.966283,-37.824498],[144.966327,-37.824506],[144.96633,-37.824497],[144.966357,-37.824502],[144.966354,-37.824511],[144.966399,-37.824519],[144.966402,-37.82451],[144.966429,-37.824515],[144.966426,-37.824526],[144.966468,-37.824534],[144.966471,-37.824523],[144.966499,-37.824528],[144.966496,-37.824538],[144.966539,-37.824546],[144.966542,-37.824535],[144.966556,-37.824538],[144.966769,-37.824579],[144.966751,-37.824638],[144.966696,-37.824627],[144.966678,-37.824684],[144.966632,-37.824676],[144.96653,-37.825013],[144.966576,-37.825021],[144.966559,-37.825077],[144.966614,-37.825088],[144.966596,-37.825147],[144.966384,-37.825107],[144.96637,-37.825104],[144.966374,-37.825092],[144.966332,-37.825084],[144.966328,-37.825095],[144.966298,-37.825089],[144.966301,-37.825079],[144.966261,-37.825071],[144.966258,-37.825082],[144.96623,-37.825077],[144.966234,-37.825067],[144.966189,-37.825058],[144.966186,-37.825068],[144.966159,-37.825062],[144.966161,-37.825053],[144.966117,-37.825045],[144.966114,-37.825054],[144.966089,-37.82505],[144.966092,-37.825039],[144.966049,-37.825031],[144.966046,-37.825041],[144.966018,-37.825036],[144.966021,-37.825025],[144.965977,-37.825017],[144.965973,-37.825029],[144.96596,-37.825026],[144.965749,-37.824986],[144.965767,-37.824927],[144.96582,-37.824937],[144.965837,-37.82488],[144.965883,-37.824889],[144.965984,-37.824553]]],"type":"Polygon"},"properties":{"base_m":3.5,"date_captured":"2018-05-28","footprint_type":"Structure","structure_id":"812701","top_m":12.5},"type":"Feature"},{"geometry":{"coordinates":[[[144.965967,-37.822304],[144.96598,-37.822298],[144.96601,-37.822339],[144.966074,-37.82231],[144.966066,-37.822299],[144.966095,-37.822286],[144.966105,-37.822299],[144.966152,-37.822278],[144.965946,-37.82199],[144.965892,-37.822014],[144.965902,-37.822028],[144.965879,-37.822039],[144.965874,-37.822032],[144.965811,-37.822061],[144.965837,-37.822097],[144.965823,-37.822104],[144.965967,-37.822304]]],"type":"Polygon"},"properties":{"base_m":22.5,"date_captured":"2018-05-28","footprint_type":"Structure","structure_id":"818853","top_m":111.0},"type":"Feature"},{"geometry":{"coordinates":[[[144.966009,-37.82922],[144.965994,-37.829218],[144.966008,-37.829174],[144.965822,-37.829139],[144.965796,-37.829227],[144.965995,-37.829265],[144.966009,-37.82922]]],"type":"Polygon"},"properties":{"base_m":0.0,"date_captured":"2018-05-28","footprint_type":"Structure","structure_id":"813662","top_m":3.5},"type":"Feature"},{"geometry":{"coordinates":[[[144.966023,-37.820987],[144.965831,-37.82104],[144.965812,-37.821074],[144.965796,-37.8211],[144.96578,-37.821123],[144.965845,-37.821269],[144.965879,-37.821284],[144.965907,-37.821296],[144.966111,-37.821375],[144.966134,-37.821368],[144.966145,-37.821393],[144.966338,-37.821339],[144.966357,-37.821307],[144.966371,-37.821286],[144.966286,-37.821093],[144.966261,-37.821084],[144.966058,-37.821005],[144.966036,-37.821011],[144.966023,-37.820987]]],"type":"Polygon"},"properties":{"base_m":71.5,"date_captured":"2018-05-28","footprint_type":"Structure","structure_id":"812639","top_m":86.0},"type":"Feature"},{"geometry":{"coordinates":[[[144.966023,-37.820987],[144.965831,-37.82104],[144.965812,-37.821074],[144.965796,-37.8211],[144.96578,-37.821123],[144.965845,-37.821269],[144.965879,-37.821284],[144.965907,-37.821296],[144.966111,-37.821375],[144.966134,-37.821368],[144.966145,-37.821393],[144.966338,-37.821339],[144.966357,-37.821307],[144.966371,-37.821286],[144.966389,-37.821258],[144.966321,-37.821107],[144.966286,-37.821093],[144.966261,-37.821084],[144.966058,-37.821005],[144.966036,-37.821011],[144.966023,-37.820987]]],"type":"Polygon"},"properties":{"base_m":0.0,"date_captured":"2018-05-28","footprint_type":"Structure","structure_id":"812639","top_m":71.5},"type":"Feature"},{"geometry":{"coordinates":[[[144.966023,-37.820987],[144.965831,-37.82104],[144.965812,-37.821074],[144.965796,-37.8211],[144.965879,-37.821284],[144.965907,-37.821296],[144.966111,-37.821375],[144.966134,-37.821368],[144.966145,-37.821393],[144.966338,-37.821339],[144.966357,-37.821307],[144.966261,-37.821084],[144.966058,-37.821005],[144.966036,-37.821011],[144.966023,-37.820987]]],"type":"Polygon"},"properties":{"base_m":98.0,"date_captured":"2018-05-28","footprint_type":"Structure","structure_id":"812639","top_m":110.0},"type":"Feature"},{"geometry":{"coordinates":[[[144.966023,-37.820987],[144.965831,-37.82104],[144.965812,-37.821074],[144.965796,-37.8211],[144.965879,-37.821284],[144.965907,-37.821296],[144.966111,-37.821375],[144.966134,-37.821368],[144.966145,-37.821393],[144.966338,-37.821339],[144.966357,-37.821307],[144.966371,-37.821286],[144.966286,-37.821093],[144.966261,-37.821084],[144.966058,-37.821005],[144.966036,-37.821011],[144.966023,-37.820987]]],"type":"Polygon"},"properties":{"base_m":86.0,"date_captured":"2018-05-28","footprint_type":"Structure","structure_id":"812639","top_m":98.0},"type":"Feature"},{"geometry":{"coordinates":[[[144.966023,-37.820987],[144.965831,-37.82104],[144.965812,-37.821074],[144.965907,-37.821296],[144.966111,-37.821375],[144.966134,-37.821368],[144.966145,-37.821393],[144.966338,-37.821339],[144.966357,-37.821307],[144.966261,-37.821084],[144.966058,-37.821005],[144.966036,-37.821011],[144.966023,-37.820987]]],"type":"Polygon"},"properties":{"base_m":110.0,"date_captured":"2018-05-28","footprint_type":"Structure","structure_id":"812639","top_m":126.0},"type":"Feature"},{"geometry":{"coordinates":[[[144.966023,-37.824161],[144.965922,-37.824142],[144.965921,-37.824146],[144.965917,-37.824161],[144.965908,-37.824189],[144.965922,-37.824191],[144.966009,-37.824208],[144.966023,-37.824161]]],"type":"Polygon"},"properties":{"base_m":18.5,"date_captured":"2018-05-28","footprint_type":"Structure","structure_id":"809645","top_m":21.5},"type":"Feature"},{"geometry":{"coordinates":[[[144.966024,-37.829073],[144.965852,-37.829041],[144.965838,-37.829086],[144.96601,-37.829119],[144.966024,-37.829073]]],"type":"Polygon"},"properties":{"base_m":0.0,"date_captured":"2018-05-28","footprint_type":"Structure","structure_id":"813669","top_m":3.5},"type":"Feature"},{"geometry":{"coordinates":[[[144.966042,-37.828722],[144.965954,-37.828705],[144.965926,-37.828797],[144.966043,-37.82882],[144.966071,-37.828728],[144.966042,-37.828722]]],"type":"Polygon"},"properties":{"base_m":0.0,"date_captured":"2018-05-28","footprint_type":"Structure","structure_id":"815848","top_m":4.0},"type":"Feature"},{"geometry":{"coordinates":[[[144.966043,-37.82882],[144.965926,-37.828797],[144.965911,-37.828845],[144.96622,-37.828904],[144.966234,-37.828856],[144.966043,-37.82882]]],"type":"Polygon"},"properties":{"base_m":0.0,"date_captured":"2018-05-28","footprint_type":"Structure","structure_id":"813668","top_m":3.5},"type":"Feature"},{"geometry":{"coordinates":[[[144.966071,-37.828728],[144.966145,-37.828742],[144.966158,-37.828698],[144.966277,-37.828721],[144.966274,-37.828732],[144.966472,-37.82877],[144.966541,-37.828541],[144.966121,-37.828461],[144.966042,-37.828722],[144.966071,-37.828728]]],"type":"Polygon"},"properties":{"base_m":0.5,"date_captured":"2018-05-28","footprint_type":"Structure","structure_id":"815848","top_m":10.0},"type":"Feature"},{"geometry":{"coordinates":[[[144.966072,-37.822934],[144.966005,-37.82284],[144.965963,-37.822781],[144.965916,-37.822715],[144.965817,-37.822577],[144.965583,-37.822683],[144.965827,-37.823024],[144.96586,-37.823029],[144.966072,-37.822934]]],"type":"Polygon"},"properties":{"base_m":0.0,"date_captured":"2018-05-28","footprint_type":"Structure","structure_id":"800975","top_m":26.5},"type":"Feature"},{"geometry":{"coordinates":[[[144.966073,-37.829384],[144.966086,-37.829339],[144.96578,-37.829281],[144.965766,-37.829326],[144.965911,-37.829353],[144.966073,-37.829384]]],"type":"Polygon"},"properties":{"base_m":0.0,"date_captured":"2018-05-28","footprint_type":"Structure","structure_id":"813663","top_m":3.5},"type":"Feature"},{"geometry":{"coordinates":[[[144.966086,-37.829386],[144.966073,-37.829384],[144.965911,-37.829353],[144.965857,-37.829532],[144.965739,-37.829509],[144.965715,-37.82959],[144.965702,-37.829631],[144.965679,-37.82971],[144.966054,-37.829782],[144.966072,-37.829721],[144.966165,-37.829739],[144.966147,-37.829799],[144.966521,-37.82987],[144.966545,-37.829791],[144.966557,-37.829749],[144.96658,-37.829673],[144.966442,-37.829646],[144.96642,-37.82972],[144.966276,-37.829693],[144.966291,-37.829643],[144.966299,-37.829615],[144.966022,-37.829563],[144.966013,-37.829591],[144.965998,-37.829641],[144.965854,-37.829613],[144.965874,-37.829546],[144.965926,-37.829556],[144.965942,-37.829502],[144.966045,-37.829521],[144.966086,-37.829386]]],"type":"Polygon"},"properties":{"base_m":0.0,"date_captured":"2018-05-28","footprint_type":"Structure","structure_id":"817227","top_m":5.5},"type":"Feature"},{"geometry":{"coordinates":[[[144.966092,-37.828937],[144.965895,-37.8289],[144.965868,-37.828988],[144.966052,-37.829023],[144.966066,-37.828978],[144.966079,-37.82898],[144.966092,-37.828937]]],"type":"Polygon"},"properties":{"base_m":0.0,"date_captured":"2018-05-28","footprint_type":"Structure","structure_id":"813667","top_m":3.5},"type":"Feature"},{"geometry":{"coordinates":[[[144.966104,-37.820502],[144.966101,-37.820496],[144.966081,-37.820489],[144.966056,-37.820496],[144.966048,-37.820512],[144.966053,-37.820523],[144.966053,-37.820525],[144.966064,-37.820529],[144.966074,-37.820533],[144.966098,-37.820526],[144.966108,-37.82051],[144.966104,-37.820502]]],"type":"Polygon"},"properties":{"base_m":14.5,"date_captured":"2018-05-28","footprint_type":"Structure","structure_id":"809212","top_m":18.0},"type":"Feature"},{"geometry":{"coordinates":[[[144.966121,-37.828461],[144.966066,-37.82845],[144.966062,-37.82845],[144.966056,-37.828451],[144.96605,-37.828452],[144.966044,-37.828454],[144.966039,-37.828456],[144.966034,-37.82846],[144.96603,-37.828463],[144.966027,-37.828467],[144.966024,-37.828472],[144.966023,-37.828475],[144.965954,-37.828705],[144.966042,-37.828722],[144.966121,-37.828461]]],"type":"Polygon"},"properties":{"base_m":0.0,"date_captured":"2018-05-28","footprint_type":"Structure","structure_id":"815848","top_m":10.0},"type":"Feature"},{"geometry":{"coordinates":[[[144.966193,-37.821229],[144.966167,-37.821165],[144.966071,-37.821127],[144.96599,-37.821149],[144.966012,-37.821199],[144.96613,-37.821246],[144.966193,-37.821229]]],"type":"Polygon"},"properties":{"base_m":130.0,"date_captured":"2018-05-28","footprint_type":"Structure","structure_id":"812639","top_m":131.5},"type":"Feature"},{"geometry":{"coordinates":[[[144.966202,-37.830424],[144.966048,-37.830469],[144.966065,-37.830506],[144.966135,-37.830485],[144.966148,-37.830515],[144.966232,-37.83049],[144.966202,-37.830424]]],"type":"Polygon"},"properties":{"base_m":18.5,"date_captured":"2018-05-28","footprint_type":"Structure","structure_id":"817403","top_m":22.0},"type":"Feature"},{"geometry":{"coordinates":[[[144.966204,-37.828957],[144.966146,-37.828946],[144.966046,-37.829275],[144.966104,-37.829286],[144.966204,-37.828957]]],"type":"Polygon"},"properties":{"base_m":0.0,"date_captured":"2018-05-28","footprint_type":"Structure","structure_id":"813666","top_m":3.5},"type":"Feature"},{"geometry":{"coordinates":[[[144.966209,-37.82031],[144.966659,-37.820186],[144.966627,-37.820113],[144.966535,-37.820138],[144.966186,-37.820235],[144.966177,-37.820237],[144.966209,-37.82031]]],"type":"Polygon"},"properties":{"base_m":17.5,"date_captured":"2018-05-28","footprint_type":"Structure","structure_id":"804083","top_m":20.5},"type":"Feature"},{"geometry":{"coordinates":[[[144.966214,-37.822429],[144.966196,-37.822437],[144.966132,-37.822466],[144.9661,-37.822481],[144.966082,-37.822489],[144.966099,-37.822513],[144.966053,-37.822534],[144.966077,-37.822568],[144.966096,-37.82256],[144.966112,-37.822582],[144.966093,-37.82259],[144.966125,-37.822634],[144.966144,-37.822626],[144.966188,-37.822686],[144.966169,-37.822695],[144.9662,-37.822739],[144.966218,-37.82273],[144.966233,-37.822751],[144.966215,-37.82276],[144.966241,-37.822795],[144.966286,-37.822775],[144.966304,-37.8228],[144.966321,-37.822792],[144.966419,-37.822748],[144.966436,-37.82274],[144.966419,-37.822716],[144.966465,-37.822695],[144.96644,-37.82266],[144.96642,-37.82267],[144.966405,-37.822649],[144.966425,-37.82264],[144.966393,-37.822595],[144.966373,-37.822603],[144.96633,-37.822544],[144.96635,-37.822535],[144.966317,-37.822489],[144.966298,-37.822498],[144.966282,-37.822476],[144.966301,-37.822468],[144.966277,-37.822434],[144.966232,-37.822454],[144.966214,-37.822429]]],"type":"Polygon"},"properties":{"base_m":88.5,"date_captured":"2018-05-28","footprint_type":"Structure","structure_id":"806518","top_m":91.5},"type":"Feature"},{"geometry":{"coordinates":[[[144.96622,-37.822291],[144.966169,-37.822219],[144.966138,-37.822177],[144.966088,-37.822107],[144.966032,-37.822028],[144.965978,-37.821952],[144.965965,-37.821935],[144.965767,-37.822025],[144.965823,-37.822104],[144.965967,-37.822304],[144.966021,-37.82238],[144.96622,-37.822291]]],"type":"Polygon"},"properties":{"base_m":0.0,"date_captured":"2018-05-28","footprint_type":"Structure","structure_id":"818853","top_m":22.5},"type":"Feature"},{"geometry":{"coordinates":[[[144.966228,-37.82394],[144.966246,-37.82388],[144.966109,-37.823854],[144.966091,-37.823913],[144.96611,-37.823917],[144.966228,-37.82394]]],"type":"Polygon"},"properties":{"base_m":22.0,"date_captured":"2018-05-28","footprint_type":"Structure","structure_id":"809645","top_m":24.0},"type":"Feature"},{"geometry":{"coordinates":[[[144.966237,-37.822859],[144.965981,-37.822503],[144.965849,-37.822562],[144.965817,-37.822577],[144.965916,-37.822715],[144.965963,-37.822781],[144.966005,-37.82284],[144.966072,-37.822934],[144.966237,-37.822859]]],"type":"Polygon"},"properties":{"base_m":0.0,"date_captured":"2018-05-28","footprint_type":"Structure","structure_id":"805216","top_m":12.5},"type":"Feature"},{"geometry":{"coordinates":[[[144.966237,-37.822859],[144.965981,-37.822503],[144.965849,-37.822562],[144.966037,-37.822825],[144.966005,-37.82284],[144.966072,-37.822934],[144.966237,-37.822859]]],"type":"Polygon"},"properties":{"base_m":12.5,"date_captured":"2018-05-28","footprint_type":"Structure","structure_id":"805216","top_m":20.5},"type":"Feature"},{"geometry":{"coordinates":[[[144.966239,-37.82964],[144.966099,-37.829614],[144.966072,-37.829702],[144.966212,-37.829729],[144.966239,-37.82964]]],"type":"Polygon"},"properties":{"base_m":49.0,"date_captured":"2018-05-28","footprint_type":"Structure","structure_id":"817227","top_m":52.5},"type":"Feature"},{"geometry":{"coordinates":[[[144.966248,-37.822278],[144.96649,-37.822169],[144.966518,-37.822156],[144.966468,-37.822086],[144.966437,-37.822042],[144.966386,-37.821971],[144.96633,-37.821893],[144.966276,-37.821818],[144.965978,-37.821952],[144.966032,-37.822028],[144.966088,-37.822107],[144.966138,-37.822177],[144.966169,-37.822219],[144.96622,-37.822291],[144.966248,-37.822278]]],"type":"Polygon"},"properties":{"base_m":0.0,"date_captured":"2018-05-28","footprint_type":"Structure","structure_id":"815196","top_m":5.0},"type":"Feature"},{"geometry":{"coordinates":[[[144.96625,-37.827926],[144.966192,-37.827915],[144.966175,-37.82797],[144.966546,-37.82804],[144.966563,-37.827985],[144.96625,-37.827926]]],"type":"Polygon"},"properties":{"base_m":0.0,"date_captured":"2018-05-28","footprint_type":"Structure","structure_id":"808471","top_m":4.5},"type":"Feature"},{"geometry":{"coordinates":[[[144.96625,-37.827926],[144.966254,-37.82791],[144.966338,-37.827926],[144.966378,-37.827794],[144.966237,-37.827768],[144.966192,-37.827915],[144.96625,-37.827926]]],"type":"Polygon"},"properties":{"base_m":0.0,"date_captured":"2018-05-28","footprint_type":"Structure","structure_id":"809605","top_m":12.5},"type":"Feature"},{"geometry":{"coordinates":[[[144.96627,-37.823958],[144.966204,-37.823946],[144.966157,-37.8241],[144.966763,-37.824216],[144.966809,-37.824061],[144.966717,-37.824043],[144.966481,-37.823998],[144.96627,-37.823958]]],"type":"Polygon"},"properties":{"base_m":25.5,"date_captured":"2018-05-28","footprint_type":"Structure","structure_id":"809645","top_m":33.5},"type":"Feature"},{"geometry":{"coordinates":[[[144.96627,-37.8281],[144.966275,-37.828086],[144.966214,-37.828075],[144.966182,-37.82818],[144.966243,-37.828191],[144.966246,-37.828181],[144.96627,-37.8281]]],"type":"Polygon"},"properties":{"base_m":36.0,"date_captured":"2018-05-28","footprint_type":"Structure","structure_id":"808469","top_m":37.5},"type":"Feature"},{"geometry":{"coordinates":[[[144.966272,-37.820846],[144.966225,-37.820741],[144.96597,-37.820811],[144.966016,-37.820917],[144.966272,-37.820846]]],"type":"Polygon"},"properties":{"base_m":0.0,"date_captured":"2018-05-28","footprint_type":"Structure","structure_id":"816304","top_m":5.0},"type":"Feature"},{"geometry":{"coordinates":[[[144.966276,-37.821298],[144.966198,-37.821123],[144.966006,-37.821052],[144.965894,-37.821084],[144.965969,-37.821257],[144.966158,-37.82133],[144.966276,-37.821298]]],"type":"Polygon"},"properties":{"base_m":126.0,"date_captured":"2018-05-28","footprint_type":"Structure","structure_id":"812639","top_m":130.0},"type":"Feature"},{"geometry":{"coordinates":[[[144.966277,-37.822434],[144.966232,-37.822454],[144.966214,-37.822462],[144.966196,-37.822437],[144.966132,-37.822466],[144.9661,-37.822481],[144.966117,-37.822505],[144.966099,-37.822513],[144.966053,-37.822534],[144.966077,-37.822568],[144.966096,-37.82256],[144.966112,-37.822582],[144.966093,-37.82259],[144.966125,-37.822634],[144.966144,-37.822626],[144.966188,-37.822686],[144.966169,-37.822695],[144.9662,-37.822739],[144.966218,-37.82273],[144.966233,-37.822751],[144.966215,-37.82276],[144.966241,-37.822795],[144.966286,-37.822775],[144.966303,-37.822767],[144.966321,-37.822792],[144.966419,-37.822748],[144.966402,-37.822723],[144.966419,-37.822716],[144.966465,-37.822695],[144.96644,-37.82266],[144.96642,-37.82267],[144.966405,-37.822649],[144.966425,-37.82264],[144.966393,-37.822595],[144.966373,-37.822603],[144.96633,-37.822544],[144.96635,-37.822535],[144.966317,-37.822489],[144.966298,-37.822498],[144.966282,-37.822476],[144.966301,-37.822468],[144.966277,-37.822434]]],"type":"Polygon"},"properties":{"base_m":91.5,"date_captured":"2018-05-28","footprint_type":"Structure","structure_id":"806518","top_m":94.5},"type":"Feature"},{"geometry":{"coordinates":[[[144.966278,-37.831103],[144.966248,-37.831037],[144.966066,-37.83109],[144.966097,-37.831156],[144.966278,-37.831103]]],"type":"Polygon"},"properties":{"base_m":19.5,"date_captured":"2018-05-28","footprint_type":"Structure","structure_id":"819030","top_m":23.5},"type":"Feature"},{"geometry":{"coordinates":[[[144.966295,-37.830595],[144.966388,-37.830568],[144.966379,-37.83055],[144.966468,-37.830524],[144.966345,-37.830256],[144.965893,-37.830387],[144.966017,-37.830655],[144.966197,-37.830602],[144.966205,-37.830621],[144.966295,-37.830595]]],"type":"Polygon"},"properties":{"base_m":0.0,"date_captured":"2018-05-28","footprint_type":"Structure","structure_id":"817403","top_m":11.5},"type":"Feature"},{"geometry":{"coordinates":[[[144.966301,-37.822468],[144.966277,-37.822434],[144.966259,-37.822409],[144.966214,-37.822429],[144.966196,-37.822437],[144.966132,-37.822466],[144.9661,-37.822481],[144.966082,-37.822489],[144.966035,-37.82251],[144.966053,-37.822534],[144.966077,-37.822568],[144.966093,-37.82259],[144.966125,-37.822634],[144.966169,-37.822695],[144.9662,-37.822739],[144.966215,-37.82276],[144.966241,-37.822795],[144.966259,-37.82282],[144.966304,-37.8228],[144.966321,-37.822792],[144.966419,-37.822748],[144.966436,-37.82274],[144.966482,-37.822719],[144.966465,-37.822695],[144.96644,-37.82266],[144.966425,-37.82264],[144.966434,-37.822636],[144.966397,-37.822584],[144.966361,-37.822535],[144.966326,-37.822485],[144.966317,-37.822489],[144.966301,-37.822468]]],"type":"Polygon"},"properties":{"base_m":31.0,"date_captured":"2018-05-28","footprint_type":"Structure","structure_id":"806518","top_m":68.0},"type":"Feature"},{"geometry":{"coordinates":[[[144.966301,-37.822468],[144.966277,-37.822434],[144.966259,-37.822409],[144.966214,-37.822429],[144.966196,-37.822437],[144.966132,-37.822466],[144.9661,-37.822481],[144.966082,-37.822489],[144.966035,-37.82251],[144.966053,-37.822534],[144.966077,-37.822568],[144.966093,-37.82259],[144.966125,-37.822634],[144.966169,-37.822695],[144.9662,-37.822739],[144.966215,-37.82276],[144.966241,-37.822795],[144.966259,-37.82282],[144.966304,-37.8228],[144.966321,-37.822792],[144.966419,-37.822748],[144.966436,-37.82274],[144.966482,-37.822719],[144.966465,-37.822695],[144.96644,-37.82266],[144.966425,-37.82264],[144.966434,-37.822636],[144.966397,-37.822584],[144.966425,-37.822571],[144.966389,-37.822522],[144.966361,-37.822535],[144.966326,-37.822485],[144.966317,-37.822489],[144.966301,-37.822468]]],"type":"Polygon"},"properties":{"base_m":28.5,"date_captured":"2018-05-28","footprint_type":"Structure","structure_id":"806518","top_m":31.0},"type":"Feature"},{"geometry":{"coordinates":[[[144.966304,-37.8228],[144.966321,-37.822792],[144.966419,-37.822748],[144.966436,-37.82274],[144.966482,-37.822719],[144.966465,-37.822695],[144.96644,-37.82266],[144.966425,-37.82264],[144.966393,-37.822595],[144.96639,-37.822591],[144.96635,-37.822535],[144.966317,-37.822489],[144.966301,-37.822468],[144.966277,-37.822434],[144.966259,-37.822409],[144.966214,-37.822429],[144.966196,-37.822437],[144.966132,-37.822466],[144.9661,-37.822481],[144.966082,-37.822489],[144.966035,-37.82251],[144.966053,-37.822534],[144.966077,-37.822568],[144.966093,-37.82259],[144.966125,-37.822634],[144.966169,-37.822695],[144.9662,-37.822739],[144.966215,-37.82276],[144.966241,-37.822795],[144.966259,-37.82282],[144.966304,-37.8228]]],"type":"Polygon"},"properties":{"base_m":68.0,"date_captured":"2018-05-28","footprint_type":"Structure","structure_id":"806518","top_m":88.5},"type":"Feature"},{"geometry":{"coordinates":[[[144.966308,-37.831169],[144.966579,-37.83109],[144.966485,-37.830887],[144.965944,-37.831044],[144.966006,-37.83118],[144.966037,-37.831247],[144.966308,-37.831169]]],"type":"Polygon"},"properties":{"base_m":16.5,"date_captured":"2018-05-28","footprint_type":"Structure","structure_id":"819030","top_m":19.5},"type":"Feature"},{"geometry":{"coordinates":[[[144.96631,-37.825423],[144.966308,-37.82543],[144.966292,-37.825427],[144.966267,-37.825511],[144.966258,-37.825523],[144.966248,-37.825539],[144.966257,-37.825541],[144.966243,-37.825584],[144.966528,-37.825639],[144.966578,-37.825474],[144.966423,-37.825445],[144.96631,-37.825423]]],"type":"Polygon"},"properties":{"base_m":35.6,"date_captured":"2023-05-11","footprint_type":"Structure","structure_id":"812822","top_m":41.3},"type":"Feature"},{"geometry":{"coordinates":[[[144.966311,-37.823707],[144.966348,-37.823714],[144.966368,-37.823646],[144.966331,-37.823639],[144.966311,-37.823707]]],"type":"Polygon"},"properties":{"base_m":18.5,"date_captured":"2018-05-28","footprint_type":"Structure","structure_id":"809645","top_m":22.5},"type":"Feature"},{"geometry":{"coordinates":[[[144.966316,-37.831187],[144.966308,-37.831169],[144.966579,-37.83109],[144.966485,-37.830887],[144.965944,-37.831044],[144.966006,-37.83118],[144.965982,-37.831187],[144.966021,-37.831273],[144.966316,-37.831187]]],"type":"Polygon"},"properties":{"base_m":0.0,"date_captured":"2018-05-28","footprint_type":"Structure","structure_id":"819030","top_m":16.5},"type":"Feature"},{"geometry":{"coordinates":[[[144.966321,-37.830276],[144.965927,-37.83039],[144.965932,-37.830401],[144.965914,-37.830406],[144.966018,-37.83063],[144.966034,-37.830625],[144.96604,-37.830637],[144.966207,-37.830589],[144.966178,-37.830528],[144.966243,-37.830509],[144.966272,-37.83057],[144.966436,-37.830523],[144.96643,-37.83051],[144.966444,-37.830506],[144.966341,-37.830283],[144.966326,-37.830287],[144.966321,-37.830276]]],"type":"Polygon"},"properties":{"base_m":15.0,"date_captured":"2018-05-28","footprint_type":"Structure","structure_id":"817403","top_m":18.5},"type":"Feature"},{"geometry":{"coordinates":[[[144.96633,-37.821893],[144.966303,-37.821906],[144.966254,-37.821838],[144.966173,-37.821875],[144.966176,-37.821879],[144.966095,-37.821916],[144.966092,-37.821911],[144.96601,-37.821947],[144.966059,-37.822016],[144.966032,-37.822028],[144.966088,-37.822107],[144.966116,-37.822094],[144.966166,-37.822164],[144.966196,-37.822207],[144.966248,-37.822278],[144.96649,-37.822169],[144.96644,-37.822098],[144.966409,-37.822055],[144.966357,-37.821984],[144.966386,-37.821971],[144.96633,-37.821893]]],"type":"Polygon"},"properties":{"base_m":13.5,"date_captured":"2018-05-28","footprint_type":"Structure","structure_id":"815196","top_m":16.5},"type":"Feature"},{"geometry":{"coordinates":[[[144.966344,-37.821815],[144.966391,-37.821886],[144.966441,-37.821863],[144.966539,-37.821997],[144.96649,-37.82202],[144.966546,-37.822097],[144.966813,-37.821976],[144.966719,-37.821846],[144.966679,-37.821864],[144.966645,-37.821817],[144.966685,-37.821798],[144.966609,-37.821694],[144.966344,-37.821815]]],"type":"Polygon"},"properties":{"base_m":37.8,"date_captured":"2023-05-11","footprint_type":"Structure","structure_id":"819287","top_m":90.2},"type":"Feature"},{"geometry":{"coordinates":[[[144.966345,-37.82476],[144.966252,-37.824742],[144.966229,-37.824816],[144.966322,-37.824834],[144.966345,-37.82476]]],"type":"Polygon"},"properties":{"base_m":0.0,"date_captured":"2018-05-28","footprint_type":"Structure","structure_id":"812700","top_m":6.0},"type":"Feature"},{"geometry":{"coordinates":[[[144.966351,-37.822678],[144.9663,-37.822605],[144.966242,-37.822631],[144.96628,-37.822684],[144.966289,-37.82268],[144.966303,-37.822699],[144.966351,-37.822678]]],"type":"Polygon"},"properties":{"base_m":94.5,"date_captured":"2018-05-28","footprint_type":"Structure","structure_id":"806518","top_m":97.5},"type":"Feature"},{"geometry":{"coordinates":[[[144.966384,-37.825107],[144.96637,-37.825104],[144.966374,-37.825092],[144.966332,-37.825084],[144.966328,-37.825095],[144.966298,-37.825089],[144.966301,-37.825079],[144.966261,-37.825071],[144.966258,-37.825082],[144.96623,-37.825077],[144.966234,-37.825067],[144.966189,-37.825058],[144.966186,-37.825068],[144.966159,-37.825062],[144.966161,-37.825053],[144.966117,-37.825045],[144.966114,-37.825054],[144.966089,-37.82505],[144.966092,-37.825039],[144.966049,-37.825031],[144.966046,-37.825041],[144.966018,-37.825036],[144.966021,-37.825025],[144.965977,-37.825017],[144.965973,-37.825029],[144.96596,-37.825026],[144.96593,-37.825126],[144.966354,-37.825207],[144.966384,-37.825107]]],"type":"Polygon"},"properties":{"base_m":12.5,"date_captured":"2018-05-28","footprint_type":"Structure","structure_id":"812701","top_m":17.0},"type":"Feature"},{"geometry":{"coordinates":[[[144.966388,-37.830568],[144.966379,-37.83055],[144.966468,-37.830524],[144.966345,-37.830256],[144.965893,-37.830387],[144.966017,-37.830655],[144.966197,-37.830602],[144.966286,-37.830576],[144.966295,-37.830595],[144.966388,-37.830568]]],"type":"Polygon"},"properties":{"base_m":11.5,"date_captured":"2018-05-28","footprint_type":"Structure","structure_id":"817403","top_m":15.0},"type":"Feature"},{"geometry":{"coordinates":[[[144.966395,-37.82243],[144.966333,-37.822344],[144.966279,-37.822368],[144.966389,-37.822522],[144.966425,-37.822571],[144.966439,-37.82259],[144.966536,-37.822725],[144.966555,-37.822751],[144.966599,-37.822731],[144.96658,-37.822705],[144.966561,-37.822678],[144.966569,-37.822674],[144.96652,-37.822606],[144.96651,-37.822611],[144.966478,-37.822565],[144.966492,-37.822559],[144.966454,-37.822506],[144.96645,-37.822508],[144.966395,-37.82243]]],"type":"Polygon"},"properties":{"base_m":22.5,"date_captured":"2018-05-28","footprint_type":"Structure","structure_id":"801763","top_m":25.5},"type":"Feature"},{"geometry":{"coordinates":[[[144.966399,-37.825453],[144.966306,-37.825435],[144.966279,-37.825524],[144.966371,-37.825542],[144.966399,-37.825453]]],"type":"Polygon"},"properties":{"base_m":41.3,"date_captured":"2023-05-11","footprint_type":"Structure","structure_id":"812822","top_m":43.6},"type":"Feature"},{"geometry":{"coordinates":[[[144.966409,-37.822055],[144.966437,-37.822042],[144.966386,-37.821971],[144.96633,-37.821893],[144.966276,-37.821818],[144.965978,-37.821952],[144.966032,-37.822028],[144.966088,-37.822107],[144.966138,-37.822177],[144.966166,-37.822164],[144.966196,-37.822207],[144.966169,-37.822219],[144.96622,-37.822291],[144.966248,-37.822278],[144.96649,-37.822169],[144.966518,-37.822156],[144.966468,-37.822086],[144.96644,-37.822098],[144.966409,-37.822055]]],"type":"Polygon"},"properties":{"base_m":5.0,"date_captured":"2018-05-28","footprint_type":"Structure","structure_id":"815196","top_m":13.5},"type":"Feature"},{"geometry":{"coordinates":[[[144.966409,-37.828943],[144.966393,-37.82894],[144.966409,-37.828889],[144.966271,-37.828863],[144.966201,-37.829096],[144.966183,-37.829093],[144.966164,-37.829155],[144.966182,-37.829159],[144.966112,-37.829391],[144.96625,-37.829417],[144.966264,-37.829369],[144.966278,-37.829372],[144.966285,-37.829351],[144.96627,-37.829348],[144.966299,-37.829253],[144.966314,-37.829256],[144.966321,-37.829233],[144.966306,-37.82923],[144.966352,-37.829078],[144.966368,-37.829081],[144.966375,-37.829058],[144.966359,-37.829055],[144.966387,-37.82896],[144.966403,-37.828963],[144.966409,-37.828943]]],"type":"Polygon"},"properties":{"base_m":0.0,"date_captured":"2018-05-28","footprint_type":"Structure","structure_id":"813664","top_m":12.0},"type":"Feature"},{"geometry":{"coordinates":[[[144.966471,-37.82723],[144.966403,-37.827218],[144.966357,-37.827368],[144.966426,-37.827381],[144.966471,-37.82723]]],"type":"Polygon"},"properties":{"base_m":0.0,"date_captured":"2018-05-28","footprint_type":"Structure","structure_id":"803642","top_m":8.5},"type":"Feature"},{"geometry":{"coordinates":[[[144.966471,-37.828138],[144.96627,-37.8281],[144.966275,-37.828086],[144.966214,-37.828075],[144.966182,-37.82818],[144.966243,-37.828191],[144.966246,-37.828181],[144.966446,-37.828219],[144.966471,-37.828138]]],"type":"Polygon"},"properties":{"base_m":34.0,"date_captured":"2018-05-28","footprint_type":"Structure","structure_id":"808469","top_m":36.0},"type":"Feature"},{"geometry":{"coordinates":[[[144.966489,-37.828229],[144.966527,-37.828105],[144.966156,-37.828034],[144.966111,-37.828183],[144.966482,-37.828254],[144.966457,-37.828337],[144.966607,-37.828365],[144.966609,-37.82836],[144.966894,-37.828414],[144.966928,-37.828302],[144.966634,-37.828246],[144.966631,-37.828256],[144.966489,-37.828229]]],"type":"Polygon"},"properties":{"base_m":0.0,"date_captured":"2018-05-28","footprint_type":"Structure","structure_id":"808469","top_m":12.0},"type":"Feature"},{"geometry":{"coordinates":[[[144.966489,-37.828229],[144.966527,-37.828105],[144.966156,-37.828034],[144.966111,-37.828183],[144.966482,-37.828254],[144.966489,-37.828229]]],"type":"Polygon"},"properties":{"base_m":12.0,"date_captured":"2018-05-28","footprint_type":"Structure","structure_id":"808469","top_m":34.0},"type":"Feature"},{"geometry":{"coordinates":[[[144.966495,-37.828906],[144.966461,-37.828899],[144.96644,-37.82897],[144.9667,-37.829019],[144.966721,-37.828948],[144.966495,-37.828906]]],"type":"Polygon"},"properties":{"base_m":0.0,"date_captured":"2018-05-28","footprint_type":"Structure","structure_id":"813660","top_m":10.0},"type":"Feature"},{"geometry":{"coordinates":[[[144.966523,-37.821221],[144.966472,-37.821103],[144.966362,-37.821134],[144.966414,-37.821251],[144.966523,-37.821221]]],"type":"Polygon"},"properties":{"base_m":0.0,"date_captured":"2018-05-28","footprint_type":"Structure","structure_id":"816303","top_m":7.0},"type":"Feature"},{"geometry":{"coordinates":[[[144.966529,-37.827161],[144.966547,-37.827103],[144.966444,-37.827083],[144.966407,-37.827203],[144.96671,-37.827261],[144.966736,-37.827177],[144.966611,-37.827153],[144.966605,-37.827176],[144.966529,-37.827161]]],"type":"Polygon"},"properties":{"base_m":0.0,"date_captured":"2018-05-28","footprint_type":"Structure","structure_id":"801058","top_m":6.0},"type":"Feature"},{"geometry":{"coordinates":[[[144.96653,-37.819798],[144.966466,-37.819805],[144.966472,-37.819838],[144.966536,-37.819831],[144.96653,-37.819798]]],"type":"Polygon"},"properties":{"base_m":0.0,"date_captured":"2022-01-20","footprint_type":"Structure","structure_id":"900554","top_m":2.4},"type":"Feature"},{"geometry":{"coordinates":[[[144.966536,-37.822725],[144.966439,-37.82259],[144.966425,-37.822571],[144.966389,-37.822522],[144.966279,-37.822368],[144.965981,-37.822503],[144.966237,-37.822859],[144.966536,-37.822725]]],"type":"Polygon"},"properties":{"base_m":0.0,"date_captured":"2018-05-28","footprint_type":"Structure","structure_id":"806518","top_m":28.5},"type":"Feature"},{"geometry":{"coordinates":[[[144.966556,-37.824538],[144.966587,-37.824437],[144.966162,-37.824356],[144.966132,-37.824457],[144.966146,-37.82446],[144.966143,-37.824471],[144.966186,-37.824479],[144.966189,-37.824469],[144.966216,-37.824474],[144.966213,-37.824484],[144.966256,-37.824492],[144.966259,-37.824483],[144.966286,-37.824489],[144.966283,-37.824498],[144.966327,-37.824506],[144.96633,-37.824497],[144.966357,-37.824502],[144.966354,-37.824511],[144.966399,-37.824519],[144.966402,-37.82451],[144.966429,-37.824515],[144.966426,-37.824526],[144.966468,-37.824534],[144.966471,-37.824523],[144.966499,-37.824528],[144.966496,-37.824538],[144.966539,-37.824546],[144.966542,-37.824535],[144.966556,-37.824538]]],"type":"Polygon"},"properties":{"base_m":12.5,"date_captured":"2018-05-28","footprint_type":"Structure","structure_id":"812701","top_m":16.5},"type":"Feature"},{"geometry":{"coordinates":[[[144.966578,-37.825474],[144.966423,-37.825445],[144.966432,-37.825428],[144.966423,-37.825426],[144.966428,-37.825412],[144.966437,-37.825383],[144.966139,-37.825326],[144.966136,-37.825337],[144.966089,-37.825491],[144.966258,-37.825523],[144.966248,-37.825539],[144.966257,-37.825541],[144.966243,-37.825584],[144.966528,-37.825639],[144.966578,-37.825474]]],"type":"Polygon"},"properties":{"base_m":29.8,"date_captured":"2023-05-11","footprint_type":"Structure","structure_id":"812822","top_m":35.6},"type":"Feature"},{"geometry":{"coordinates":[[[144.966582,-37.829407],[144.966325,-37.829358],[144.966304,-37.829428],[144.966561,-37.829476],[144.966582,-37.829407]]],"type":"Polygon"},"properties":{"base_m":0.0,"date_captured":"2018-05-28","footprint_type":"Structure","structure_id":"813661","top_m":9.0},"type":"Feature"},{"geometry":{"coordinates":[[[144.96659,-37.82076],[144.96652,-37.820602],[144.966341,-37.820652],[144.966411,-37.820809],[144.96659,-37.82076]]],"type":"Polygon"},"properties":{"base_m":0.0,"date_captured":"2018-05-28","footprint_type":"Structure","structure_id":"816306","top_m":5.0},"type":"Feature"},{"geometry":{"coordinates":[[[144.966592,-37.82362],[144.966582,-37.823654],[144.96655,-37.823648],[144.966518,-37.823756],[144.966493,-37.82384],[144.9665,-37.823841],[144.966481,-37.823906],[144.966508,-37.823911],[144.966481,-37.823998],[144.96627,-37.823958],[144.966273,-37.823948],[144.966228,-37.82394],[144.966246,-37.82388],[144.966109,-37.823854],[144.966091,-37.823913],[144.96611,-37.823917],[144.96606,-37.824082],[144.966157,-37.8241],[144.966763,-37.824216],[144.966809,-37.824061],[144.966717,-37.824043],[144.966721,-37.824031],[144.966813,-37.824048],[144.96688,-37.823825],[144.966802,-37.82381],[144.966835,-37.823701],[144.966822,-37.823698],[144.966832,-37.823666],[144.966592,-37.82362]]],"type":"Polygon"},"properties":{"base_m":18.5,"date_captured":"2018-05-28","footprint_type":"Structure","structure_id":"809645","top_m":22.0},"type":"Feature"},{"geometry":{"coordinates":[[[144.966599,-37.822731],[144.96658,-37.822705],[144.96673,-37.822637],[144.966739,-37.822607],[144.966895,-37.82209],[144.966433,-37.822299],[144.966333,-37.822344],[144.966279,-37.822368],[144.966389,-37.822522],[144.966425,-37.822571],[144.966439,-37.82259],[144.966536,-37.822725],[144.966555,-37.822751],[144.966599,-37.822731]]],"type":"Polygon"},"properties":{"base_m":0.0,"date_captured":"2018-05-28","footprint_type":"Structure","structure_id":"801763","top_m":22.5},"type":"Feature"},{"geometry":{"coordinates":[[[144.966601,-37.826929],[144.966606,-37.82691],[144.966502,-37.82689],[144.966454,-37.827049],[144.966558,-37.827069],[144.966563,-37.827052],[144.966566,-37.827042],[144.966557,-37.827026],[144.96658,-37.82695],[144.966597,-37.82694],[144.966601,-37.826929]]],"type":"Polygon"},"properties":{"base_m":12.5,"date_captured":"2018-05-28","footprint_type":"Structure","structure_id":"801057","top_m":16.0},"type":"Feature"},{"geometry":{"coordinates":[[[144.966601,-37.826929],[144.966606,-37.82691],[144.966502,-37.82689],[144.966454,-37.827049],[144.966558,-37.827069],[144.966563,-37.827052],[144.966636,-37.827066],[144.966809,-37.827099],[144.966756,-37.827276],[144.967085,-37.827338],[144.967091,-37.827318],[144.967161,-37.827332],[144.967195,-37.82722],[144.967182,-37.827217],[144.96719,-37.82719],[144.967226,-37.827197],[144.967326,-37.827216],[144.967369,-37.827076],[144.967374,-37.82706],[144.967274,-37.827041],[144.967269,-37.827056],[144.966601,-37.826929]]],"type":"Polygon"},"properties":{"base_m":5.5,"date_captured":"2018-05-28","footprint_type":"Structure","structure_id":"801057","top_m":8.0},"type":"Feature"},{"geometry":{"coordinates":[[[144.966601,-37.826929],[144.966606,-37.82691],[144.966502,-37.82689],[144.966454,-37.827049],[144.966558,-37.827069],[144.966631,-37.827083],[144.966636,-37.827066],[144.966809,-37.827099],[144.966756,-37.827276],[144.967085,-37.827338],[144.967091,-37.827318],[144.967161,-37.827332],[144.967195,-37.82722],[144.967182,-37.827217],[144.96719,-37.82719],[144.967226,-37.827197],[144.967326,-37.827216],[144.967321,-37.827234],[144.967449,-37.827259],[144.967496,-37.8271],[144.967369,-37.827076],[144.967374,-37.82706],[144.967274,-37.827041],[144.967269,-37.827056],[144.966601,-37.826929]]],"type":"Polygon"},"properties":{"base_m":0.0,"date_captured":"2018-05-28","footprint_type":"Structure","structure_id":"801057","top_m":5.5},"type":"Feature"},{"geometry":{"coordinates":[[[144.966635,-37.822365],[144.966553,-37.822349],[144.966533,-37.822415],[144.966615,-37.82243],[144.966635,-37.822365]]],"type":"Polygon"},"properties":{"base_m":99.0,"date_captured":"2018-05-28","footprint_type":"Structure","structure_id":"801763","top_m":102.0},"type":"Feature"},{"geometry":{"coordinates":[[[144.966666,-37.830288],[144.966641,-37.830233],[144.966593,-37.830247],[144.966618,-37.830302],[144.966666,-37.830288]]],"type":"Polygon"},"properties":{"base_m":15.0,"date_captured":"2018-05-28","footprint_type":"Structure","structure_id":"814946","top_m":18.5},"type":"Feature"},{"geometry":{"coordinates":[[[144.966732,-37.827632],[144.966302,-37.82755],[144.966246,-37.827738],[144.966675,-37.827819],[144.966732,-37.827632]]],"type":"Polygon"},"properties":{"base_m":0.0,"date_captured":"2018-05-28","footprint_type":"Structure","structure_id":"812370","top_m":14.5},"type":"Feature"},{"geometry":{"coordinates":[[[144.966759,-37.821073],[144.966807,-37.820997],[144.966778,-37.820934],[144.966698,-37.820956],[144.966652,-37.821031],[144.966679,-37.821095],[144.966759,-37.821073]]],"type":"Polygon"},"properties":{"base_m":105.5,"date_captured":"2018-05-28","footprint_type":"Structure","structure_id":"804609","top_m":106.5},"type":"Feature"},{"geometry":{"coordinates":[[[144.966771,-37.830143],[144.966463,-37.830233],[144.966469,-37.830246],[144.966453,-37.83025],[144.966542,-37.830444],[144.966557,-37.830439],[144.966562,-37.830451],[144.966592,-37.830442],[144.966611,-37.830483],[144.966626,-37.830479],[144.966632,-37.830491],[144.966851,-37.830427],[144.966846,-37.830416],[144.966862,-37.830411],[144.966856,-37.830399],[144.966887,-37.83039],[144.966882,-37.830379],[144.966895,-37.830375],[144.966837,-37.830248],[144.966722,-37.830282],[144.966699,-37.830232],[144.966813,-37.830199],[144.966791,-37.830151],[144.966776,-37.830155],[144.966771,-37.830143]]],"type":"Polygon"},"properties":{"base_m":11.5,"date_captured":"2018-05-28","footprint_type":"Structure","structure_id":"814946","top_m":15.0},"type":"Feature"},{"geometry":{"coordinates":[[[144.966785,-37.821159],[144.966877,-37.821008],[144.966802,-37.820834],[144.96669,-37.820863],[144.966594,-37.821017],[144.96667,-37.82119],[144.966785,-37.821159]]],"type":"Polygon"},"properties":{"base_m":101.5,"date_captured":"2018-05-28","footprint_type":"Structure","structure_id":"804609","top_m":105.5},"type":"Feature"},{"geometry":{"coordinates":[[[144.966794,-37.828029],[144.966563,-37.827985],[144.966546,-37.82804],[144.966543,-37.82805],[144.966952,-37.828128],[144.966972,-37.828063],[144.966794,-37.828029]]],"type":"Polygon"},"properties":{"base_m":3.0,"date_captured":"2018-05-28","footprint_type":"Structure","structure_id":"808471","top_m":12.5},"type":"Feature"},{"geometry":{"coordinates":[[[144.9668,-37.829348],[144.966769,-37.829342],[144.966772,-37.829332],[144.966666,-37.829312],[144.966614,-37.829486],[144.966751,-37.829512],[144.966765,-37.829464],[144.966781,-37.829467],[144.966787,-37.829446],[144.966772,-37.829443],[144.9668,-37.829348]]],"type":"Polygon"},"properties":{"base_m":0.5,"date_captured":"2018-05-28","footprint_type":"Structure","structure_id":"813665","top_m":12.0},"type":"Feature"},{"geometry":{"coordinates":[[[144.966811,-37.824432],[144.965965,-37.824271],[144.965913,-37.824261],[144.965901,-37.824259],[144.965888,-37.824257],[144.965879,-37.824286],[144.965853,-37.82437],[144.965808,-37.82452],[144.965791,-37.824578],[144.965817,-37.824583],[144.96575,-37.824804],[144.965724,-37.824799],[144.965707,-37.824855],[144.965636,-37.825089],[144.965628,-37.825116],[144.965654,-37.825121],[144.965705,-37.825131],[144.966551,-37.825292],[144.966602,-37.825302],[144.966629,-37.825307],[144.966637,-37.825281],[144.966708,-37.825045],[144.96668,-37.82504],[144.966781,-37.824705],[144.966809,-37.82471],[144.96688,-37.824475],[144.966889,-37.824447],[144.966877,-37.824445],[144.96686,-37.824441],[144.966811,-37.824432]],[[144.965984,-37.824553],[144.965938,-37.824544],[144.965955,-37.824486],[144.965903,-37.824476],[144.965921,-37.824417],[144.966132,-37.824457],[144.966146,-37.82446],[144.966143,-37.824471],[144.966186,-37.824479],[144.966189,-37.824469],[144.966216,-37.824474],[144.966213,-37.824484],[144.966256,-37.824492],[144.966259,-37.824483],[144.966286,-37.824489],[144.966283,-37.824498],[144.966327,-37.824506],[144.96633,-37.824497],[144.966357,-37.824502],[144.966354,-37.824511],[144.966399,-37.824519],[144.966402,-37.82451],[144.966429,-37.824515],[144.966426,-37.824526],[144.966468,-37.824534],[144.966471,-37.824523],[144.966499,-37.824528],[144.966496,-37.824538],[144.966539,-37.824546],[144.966542,-37.824535],[144.966556,-37.824538],[144.966769,-37.824579],[144.966751,-37.824638],[144.966696,-37.824627],[144.966678,-37.824684],[144.966632,-37.824676],[144.96653,-37.825013],[144.966576,-37.825021],[144.966559,-37.825077],[144.966614,-37.825088],[144.966596,-37.825147],[144.966384,-37.825107],[144.96637,-37.825104],[144.966374,-37.825092],[144.966332,-37.825084],[144.966328,-37.825095],[144.966298,-37.825089],[144.966301,-37.825079],[144.966261,-37.825071],[144.966258,-37.825082],[144.96623,-37.825077],[144.966234,-37.825067],[144.966189,-37.825058],[144.966186,-37.825068],[144.966159,-37.825062],[144.966161,-37.825053],[144.966117,-37.825045],[144.966114,-37.825054],[144.966089,-37.82505],[144.966092,-37.825039],[144.966049,-37.825031],[144.966046,-37.825041],[144.966018,-37.825036],[144.966021,-37.825025],[144.965977,-37.825017],[144.965973,-37.825029],[144.96596,-37.825026],[144.965749,-37.824986],[144.965767,-37.824927],[144.96582,-37.824937],[144.965837,-37.82488],[144.965883,-37.824889],[144.965984,-37.824553]]],"type":"Polygon"},"properties":{"base_m":0.0,"date_captured":"2018-05-28","footprint_type":"Structure","structure_id":"812701","top_m":3.5},"type":"Feature"},{"geometry":{"coordinates":[[[144.966822,-37.830964],[144.966814,-37.830946],[144.967085,-37.830867],[144.966962,-37.8306],[144.966868,-37.830627],[144.966692,-37.830678],[144.966599,-37.830706],[144.966631,-37.830776],[144.966661,-37.83084],[144.966691,-37.830905],[144.96667,-37.830911],[144.966701,-37.830978],[144.966723,-37.830972],[144.966732,-37.830991],[144.966822,-37.830964]]],"type":"Polygon"},"properties":{"base_m":26.0,"date_captured":"2018-05-28","footprint_type":"Structure","structure_id":"804924","top_m":30.0},"type":"Feature"},{"geometry":{"coordinates":[[[144.966844,-37.819967],[144.966842,-37.819962],[144.9667,-37.820002],[144.966701,-37.820005],[144.966708,-37.820024],[144.966692,-37.820029],[144.966684,-37.820027],[144.966661,-37.820064],[144.966667,-37.820066],[144.966674,-37.820079],[144.966647,-37.820087],[144.966575,-37.820059],[144.966509,-37.820077],[144.966477,-37.820004],[144.966474,-37.819998],[144.966387,-37.820022],[144.96638,-37.820006],[144.966114,-37.820079],[144.96611,-37.82007],[144.966104,-37.820057],[144.966063,-37.820068],[144.96608,-37.820106],[144.9661,-37.820101],[144.966256,-37.820459],[144.966271,-37.820455],[144.966281,-37.820478],[144.966304,-37.820488],[144.966329,-37.820482],[144.966336,-37.820467],[144.966357,-37.820477],[144.966346,-37.820494],[144.966358,-37.820522],[144.966394,-37.820536],[144.966429,-37.820527],[144.966446,-37.820499],[144.966443,-37.820488],[144.966527,-37.820466],[144.966514,-37.820436],[144.966602,-37.820412],[144.966591,-37.820387],[144.966681,-37.820362],[144.96667,-37.820338],[144.96676,-37.820313],[144.966746,-37.820282],[144.966812,-37.820263],[144.966803,-37.820242],[144.966948,-37.820202],[144.966938,-37.82018],[144.966955,-37.820175],[144.966961,-37.820179],[144.966984,-37.820141],[144.966977,-37.820139],[144.966972,-37.820125],[144.966998,-37.820118],[144.966964,-37.820039],[144.966949,-37.820006],[144.966944,-37.820007],[144.966921,-37.820012],[144.966915,-37.819998],[144.966919,-37.819992],[144.966879,-37.819979],[144.966852,-37.819986],[144.966844,-37.819967]]],"type":"Polygon"},"properties":{"base_m":12.5,"date_captured":"2018-05-28","footprint_type":"Structure","structure_id":"804083","top_m":14.5},"type":"Feature"},{"geometry":{"coordinates":[[[144.966844,-37.819967],[144.966842,-37.819962],[144.9667,-37.820002],[144.966701,-37.820005],[144.966708,-37.820024],[144.966692,-37.820029],[144.966684,-37.820027],[144.966661,-37.820064],[144.966667,-37.820066],[144.966674,-37.820079],[144.966647,-37.820087],[144.966575,-37.820059],[144.966509,-37.820077],[144.966535,-37.820138],[144.966488,-37.820119],[144.966484,-37.820113],[144.966207,-37.820188],[144.966211,-37.820195],[144.966186,-37.820235],[144.966177,-37.820237],[144.966209,-37.82031],[144.966242,-37.820385],[144.966251,-37.820383],[144.9663,-37.820401],[144.966303,-37.820408],[144.966356,-37.820393],[144.96631,-37.820286],[144.966574,-37.820214],[144.966581,-37.820232],[144.966485,-37.820258],[144.96651,-37.820313],[144.966485,-37.82032],[144.966501,-37.820353],[144.96648,-37.820359],[144.966514,-37.820436],[144.966602,-37.820412],[144.966591,-37.820387],[144.966681,-37.820362],[144.96667,-37.820338],[144.96676,-37.820313],[144.966746,-37.820282],[144.966812,-37.820263],[144.966803,-37.820242],[144.966948,-37.820202],[144.966938,-37.82018],[144.966955,-37.820175],[144.966961,-37.820179],[144.966984,-37.820141],[144.966977,-37.820139],[144.966972,-37.820125],[144.966998,-37.820118],[144.966964,-37.820039],[144.966949,-37.820006],[144.966944,-37.820007],[144.966921,-37.820012],[144.966915,-37.819998],[144.966919,-37.819992],[144.966879,-37.819979],[144.966852,-37.819986],[144.966844,-37.819967]]],"type":"Polygon"},"properties":{"base_m":14.5,"date_captured":"2018-05-28","footprint_type":"Structure","structure_id":"804083","top_m":17.5},"type":"Feature"},{"geometry":{"coordinates":[[[144.966844,-37.819967],[144.966842,-37.819962],[144.9667,-37.820002],[144.966701,-37.820005],[144.966708,-37.820024],[144.966692,-37.820029],[144.966684,-37.820027],[144.966661,-37.820064],[144.966667,-37.820066],[144.966674,-37.820079],[144.966647,-37.820087],[144.966697,-37.820201],[144.966721,-37.820195],[144.966728,-37.820209],[144.966722,-37.820216],[144.966772,-37.820235],[144.966774,-37.820229],[144.966796,-37.820224],[144.966803,-37.820242],[144.966948,-37.820202],[144.966938,-37.82018],[144.966955,-37.820175],[144.966961,-37.820179],[144.966984,-37.820141],[144.966977,-37.820139],[144.966972,-37.820125],[144.966998,-37.820118],[144.966964,-37.820039],[144.966949,-37.820006],[144.966944,-37.820007],[144.966921,-37.820012],[144.966915,-37.819998],[144.966919,-37.819992],[144.966879,-37.819979],[144.966852,-37.819986],[144.966844,-37.819967]]],"type":"Polygon"},"properties":{"base_m":17.5,"date_captured":"2018-05-28","footprint_type":"Structure","structure_id":"804083","top_m":22.0},"type":"Feature"},{"geometry":{"coordinates":[[[144.966846,-37.821202],[144.966836,-37.821176],[144.966859,-37.82117],[144.966956,-37.82101],[144.96686,-37.820786],[144.966818,-37.82077],[144.966627,-37.820822],[144.966637,-37.820848],[144.966613,-37.820854],[144.966515,-37.821017],[144.966612,-37.821237],[144.966653,-37.821254],[144.966846,-37.821202]]],"type":"Polygon"},"properties":{"base_m":80.0,"date_captured":"2018-05-28","footprint_type":"Structure","structure_id":"804609","top_m":101.5},"type":"Feature"},{"geometry":{"coordinates":[[[144.966846,-37.821202],[144.966836,-37.821176],[144.966859,-37.82117],[144.966956,-37.82101],[144.966971,-37.820983],[144.966891,-37.8208],[144.96686,-37.820786],[144.966818,-37.82077],[144.966627,-37.820822],[144.966637,-37.820848],[144.966613,-37.820854],[144.966515,-37.821017],[144.966501,-37.82104],[144.966588,-37.821228],[144.966612,-37.821237],[144.966653,-37.821254],[144.966846,-37.821202]]],"type":"Polygon"},"properties":{"base_m":50.0,"date_captured":"2018-05-28","footprint_type":"Structure","structure_id":"804609","top_m":80.0},"type":"Feature"},{"geometry":{"coordinates":[[[144.966846,-37.821202],[144.966836,-37.821176],[144.966859,-37.82117],[144.966956,-37.82101],[144.966971,-37.820983],[144.966986,-37.820959],[144.966922,-37.820813],[144.966891,-37.8208],[144.96686,-37.820786],[144.966818,-37.82077],[144.966627,-37.820822],[144.966637,-37.820848],[144.966613,-37.820854],[144.966515,-37.821017],[144.966501,-37.82104],[144.966484,-37.821068],[144.96655,-37.821213],[144.966588,-37.821228],[144.966612,-37.821237],[144.966653,-37.821254],[144.966846,-37.821202]]],"type":"Polygon"},"properties":{"base_m":0.0,"date_captured":"2018-05-28","footprint_type":"Structure","structure_id":"804609","top_m":50.0},"type":"Feature"},{"geometry":{"coordinates":[[[144.966848,-37.827852],[144.967181,-37.827915],[144.967236,-37.827731],[144.967052,-37.827696],[144.96706,-37.82767],[144.966997,-37.827658],[144.966994,-37.827671],[144.966991,-37.827681],[144.966732,-37.827632],[144.966675,-37.827819],[144.966848,-37.827852]]],"type":"Polygon"},"properties":{"base_m":1.0,"date_captured":"2018-05-28","footprint_type":"Structure","structure_id":"812370","top_m":10.0},"type":"Feature"},{"geometry":{"coordinates":[[[144.96686,-37.82915],[144.966827,-37.829144],[144.966824,-37.829156],[144.966719,-37.829136],[144.966701,-37.829195],[144.966681,-37.829191],[144.966664,-37.82925],[144.966683,-37.829254],[144.966666,-37.829312],[144.966772,-37.829332],[144.966769,-37.829342],[144.9668,-37.829348],[144.966816,-37.829351],[144.966822,-37.82933],[144.966807,-37.829327],[144.966853,-37.829173],[144.966869,-37.829176],[144.966876,-37.829153],[144.96686,-37.82915]]],"type":"Polygon"},"properties":{"base_m":0.0,"date_captured":"2018-05-28","footprint_type":"Structure","structure_id":"813665","top_m":12.5},"type":"Feature"},{"geometry":{"coordinates":[[[144.966863,-37.830803],[144.966752,-37.830835],[144.966774,-37.830882],[144.966828,-37.830867],[144.966838,-37.830887],[144.966894,-37.830871],[144.966863,-37.830803]]],"type":"Polygon"},"properties":{"base_m":33.0,"date_captured":"2018-05-28","footprint_type":"Structure","structure_id":"804924","top_m":37.0},"type":"Feature"},{"geometry":{"coordinates":[[[144.966877,-37.819957],[144.966844,-37.819967],[144.966842,-37.819962],[144.9667,-37.820002],[144.966701,-37.820005],[144.966668,-37.820014],[144.966663,-37.820022],[144.966603,-37.819998],[144.966568,-37.819985],[144.966559,-37.819981],[144.966477,-37.820004],[144.966474,-37.819998],[144.966387,-37.820022],[144.96638,-37.820006],[144.966114,-37.820079],[144.96611,-37.82007],[144.966104,-37.820057],[144.966063,-37.820068],[144.96608,-37.820106],[144.9661,-37.820101],[144.966256,-37.820459],[144.966271,-37.820455],[144.966281,-37.820478],[144.966304,-37.820488],[144.966329,-37.820482],[144.966336,-37.820467],[144.966357,-37.820477],[144.966346,-37.820494],[144.966358,-37.820522],[144.966394,-37.820536],[144.966429,-37.820527],[144.966446,-37.820499],[144.966443,-37.820488],[144.966527,-37.820466],[144.966514,-37.820436],[144.966602,-37.820412],[144.966591,-37.820387],[144.966681,-37.820362],[144.96667,-37.820338],[144.96676,-37.820313],[144.966746,-37.820282],[144.966812,-37.820263],[144.966803,-37.820242],[144.966948,-37.820202],[144.966938,-37.82018],[144.966955,-37.820175],[144.966961,-37.820179],[144.966984,-37.820141],[144.966977,-37.820139],[144.966972,-37.820125],[144.966998,-37.820118],[144.966964,-37.820039],[144.966949,-37.820006],[144.966944,-37.820007],[144.966932,-37.819979],[144.966877,-37.819957]]],"type":"Polygon"},"properties":{"base_m":7.5,"date_captured":"2018-05-28","footprint_type":"Structure","structure_id":"804083","top_m":12.5},"type":"Feature"},{"geometry":{"coordinates":[[[144.96688,-37.823825],[144.966802,-37.82381],[144.966518,-37.823756],[144.966493,-37.82384],[144.9665,-37.823841],[144.966481,-37.823906],[144.966508,-37.823911],[144.966481,-37.823998],[144.96627,-37.823958],[144.966204,-37.823946],[144.966157,-37.8241],[144.966763,-37.824216],[144.966809,-37.824061],[144.966717,-37.824043],[144.966721,-37.824031],[144.966813,-37.824048],[144.96688,-37.823825]]],"type":"Polygon"},"properties":{"base_m":22.0,"date_captured":"2018-05-28","footprint_type":"Structure","structure_id":"809645","top_m":25.5},"type":"Feature"},{"geometry":{"coordinates":[[[144.966884,-37.830429],[144.966873,-37.830406],[144.966917,-37.830393],[144.966793,-37.830125],[144.966428,-37.830231],[144.966538,-37.830469],[144.966586,-37.830455],[144.96661,-37.830508],[144.966884,-37.830429]]],"type":"Polygon"},"properties":{"base_m":0.0,"date_captured":"2018-05-28","footprint_type":"Structure","structure_id":"814946","top_m":11.5},"type":"Feature"},{"geometry":{"coordinates":[[[144.96689,-37.821988],[144.966766,-37.821816],[144.9667,-37.821725],[144.966635,-37.821634],[144.966265,-37.821803],[144.966276,-37.821818],[144.96633,-37.821893],[144.966386,-37.821971],[144.966437,-37.822042],[144.966468,-37.822086],[144.966518,-37.822156],[144.96689,-37.821988]]],"type":"Polygon"},"properties":{"base_m":0.0,"date_captured":"2023-05-11","footprint_type":"Structure","structure_id":"819287","top_m":37.8},"type":"Feature"},{"geometry":{"coordinates":[[[144.966895,-37.82209],[144.966433,-37.822299],[144.966395,-37.82243],[144.966527,-37.822454],[144.966537,-37.822535],[144.966605,-37.822547],[144.966595,-37.822581],[144.966739,-37.822607],[144.966895,-37.82209]]],"type":"Polygon"},"properties":{"base_m":22.5,"date_captured":"2018-05-28","footprint_type":"Structure","structure_id":"801763","top_m":99.0},"type":"Feature"},{"geometry":{"coordinates":[[[144.96691,-37.828984],[144.966773,-37.828958],[144.966719,-37.829136],[144.966824,-37.829156],[144.966827,-37.829144],[144.96686,-37.82915],[144.966888,-37.829057],[144.966904,-37.829061],[144.966911,-37.829038],[144.966894,-37.829035],[144.96691,-37.828984]]],"type":"Polygon"},"properties":{"base_m":0.5,"date_captured":"2018-05-28","footprint_type":"Structure","structure_id":"813665","top_m":12.0},"type":"Feature"},{"geometry":{"coordinates":[[[144.96691,-37.828984],[144.966925,-37.828987],[144.966947,-37.828914],[144.966902,-37.828905],[144.966942,-37.828774],[144.966974,-37.82878],[144.966995,-37.82871],[144.966996,-37.828704],[144.966997,-37.828697],[144.966996,-37.828691],[144.966995,-37.828684],[144.966993,-37.828677],[144.96699,-37.82867],[144.966987,-37.828664],[144.966982,-37.828657],[144.966977,-37.828651],[144.966971,-37.828646],[144.966964,-37.828641],[144.966957,-37.828637],[144.96695,-37.828633],[144.966942,-37.82863],[144.966935,-37.828628],[144.966927,-37.828626],[144.96685,-37.828611],[144.966842,-37.828638],[144.966665,-37.828604],[144.966676,-37.828568],[144.966602,-37.828554],[144.966495,-37.828906],[144.966721,-37.828948],[144.966773,-37.828958],[144.96691,-37.828984]]],"type":"Polygon"},"properties":{"base_m":0.0,"date_captured":"2018-05-28","footprint_type":"Structure","structure_id":"802859","top_m":9.0},"type":"Feature"},{"geometry":{"coordinates":[[[144.966917,-37.821656],[144.966864,-37.821646],[144.966844,-37.821719],[144.966897,-37.821728],[144.966917,-37.821656]]],"type":"Polygon"},"properties":{"base_m":59.0,"date_captured":"2018-05-28","footprint_type":"Structure","structure_id":"801515","top_m":61.5},"type":"Feature"},{"geometry":{"coordinates":[[[144.966921,-37.830752],[144.966906,-37.830719],[144.966825,-37.830743],[144.96684,-37.830775],[144.966921,-37.830752]]],"type":"Polygon"},"properties":{"base_m":33.0,"date_captured":"2018-05-28","footprint_type":"Structure","structure_id":"804924","top_m":36.5},"type":"Feature"},{"geometry":{"coordinates":[[[144.966922,-37.820163],[144.966942,-37.820127],[144.966899,-37.820024],[144.966852,-37.820006],[144.966725,-37.820042],[144.966703,-37.82008],[144.966747,-37.820181],[144.966795,-37.820199],[144.966922,-37.820163]]],"type":"Polygon"},"properties":{"base_m":22.0,"date_captured":"2018-05-28","footprint_type":"Structure","structure_id":"804083","top_m":30.5},"type":"Feature"},{"geometry":{"coordinates":[[[144.966924,-37.824332],[144.966824,-37.824313],[144.96681,-37.82436],[144.966898,-37.824377],[144.966909,-37.824379],[144.966924,-37.824332]]],"type":"Polygon"},"properties":{"base_m":18.5,"date_captured":"2018-05-28","footprint_type":"Structure","structure_id":"809645","top_m":21.5},"type":"Feature"},{"geometry":{"coordinates":[[[144.966924,-37.824332],[144.966994,-37.824097],[144.96701,-37.824046],[144.967099,-37.823751],[144.967102,-37.823743],[144.967079,-37.823714],[144.966832,-37.823666],[144.966592,-37.82362],[144.966351,-37.823574],[144.966163,-37.823537],[144.966096,-37.823566],[144.966027,-37.823795],[144.965993,-37.823907],[144.965922,-37.824142],[144.965921,-37.824146],[144.965917,-37.824161],[144.965908,-37.824189],[144.965922,-37.824191],[144.965901,-37.824259],[144.965913,-37.824261],[144.965965,-37.824271],[144.966811,-37.824432],[144.96686,-37.824441],[144.966877,-37.824445],[144.966898,-37.824377],[144.966909,-37.824379],[144.966924,-37.824332]]],"type":"Polygon"},"properties":{"base_m":0.0,"date_captured":"2018-05-28","footprint_type":"Structure","structure_id":"809645","top_m":7.5},"type":"Feature"},{"geometry":{"coordinates":[[[144.966924,-37.824332],[144.966994,-37.824097],[144.96701,-37.824046],[144.967099,-37.823751],[144.967102,-37.823743],[144.967079,-37.823714],[144.966832,-37.823666],[144.966592,-37.82362],[144.966351,-37.823574],[144.966163,-37.823537],[144.966096,-37.823566],[144.966027,-37.823795],[144.965993,-37.823907],[144.965922,-37.824142],[144.965921,-37.824146],[144.965917,-37.824161],[144.965908,-37.824189],[144.965922,-37.824191],[144.966009,-37.824208],[144.96681,-37.82436],[144.966898,-37.824377],[144.966909,-37.824379],[144.966924,-37.824332]]],"type":"Polygon"},"properties":{"base_m":7.5,"date_captured":"2018-05-28","footprint_type":"Structure","structure_id":"809645","top_m":14.5},"type":"Feature"},{"geometry":{"coordinates":[[[144.96694,-37.830619],[144.966631,-37.830709],[144.966636,-37.83072],[144.96662,-37.830725],[144.966642,-37.830772],[144.966708,-37.830753],[144.966726,-37.830792],[144.966661,-37.830811],[144.966724,-37.830947],[144.966739,-37.830943],[144.966745,-37.830956],[144.967055,-37.830866],[144.96705,-37.830853],[144.967064,-37.830849],[144.96696,-37.830625],[144.966945,-37.830629],[144.96694,-37.830619]]],"type":"Polygon"},"properties":{"base_m":30.0,"date_captured":"2018-05-28","footprint_type":"Structure","structure_id":"804924","top_m":33.0},"type":"Feature"},{"geometry":{"coordinates":[[[144.966962,-37.8306],[144.966868,-37.830627],[144.96686,-37.830611],[144.966685,-37.830662],[144.96657,-37.830695],[144.966611,-37.830782],[144.96664,-37.830846],[144.96667,-37.830911],[144.966701,-37.830978],[144.966723,-37.830972],[144.966732,-37.830991],[144.966822,-37.830964],[144.966814,-37.830946],[144.967085,-37.830867],[144.966962,-37.8306]]],"type":"Polygon"},"properties":{"base_m":0.0,"date_captured":"2018-05-28","footprint_type":"Structure","structure_id":"804924","top_m":4.5},"type":"Feature"},{"geometry":{"coordinates":[[[144.966962,-37.8306],[144.966868,-37.830627],[144.96686,-37.830611],[144.966685,-37.830662],[144.966692,-37.830678],[144.966599,-37.830706],[144.966631,-37.830776],[144.966611,-37.830782],[144.96664,-37.830846],[144.96667,-37.830911],[144.966701,-37.830978],[144.966723,-37.830972],[144.966732,-37.830991],[144.966822,-37.830964],[144.966814,-37.830946],[144.967085,-37.830867],[144.966962,-37.8306]]],"type":"Polygon"},"properties":{"base_m":4.5,"date_captured":"2018-05-28","footprint_type":"Structure","structure_id":"804924","top_m":22.5},"type":"Feature"},{"geometry":{"coordinates":[[[144.966962,-37.8306],[144.966868,-37.830627],[144.96686,-37.830611],[144.966685,-37.830662],[144.966692,-37.830678],[144.966599,-37.830706],[144.966631,-37.830776],[144.966661,-37.83084],[144.96664,-37.830846],[144.96667,-37.830911],[144.966701,-37.830978],[144.966723,-37.830972],[144.966732,-37.830991],[144.966822,-37.830964],[144.966814,-37.830946],[144.967085,-37.830867],[144.966962,-37.8306]]],"type":"Polygon"},"properties":{"base_m":22.5,"date_captured":"2018-05-28","footprint_type":"Structure","structure_id":"804924","top_m":26.0},"type":"Feature"},{"geometry":{"coordinates":[[[144.966966,-37.819743],[144.966901,-37.819749],[144.966906,-37.819781],[144.96697,-37.819776],[144.966966,-37.819743]]],"type":"Polygon"},"properties":{"base_m":0.0,"date_captured":"2022-01-20","footprint_type":"Structure","structure_id":"900553","top_m":2.4},"type":"Feature"},{"geometry":{"coordinates":[[[144.966967,-37.819954],[144.96688,-37.819921],[144.966603,-37.819998],[144.966568,-37.819985],[144.966555,-37.819957],[144.966468,-37.819981],[144.966461,-37.819968],[144.966372,-37.819995],[144.966367,-37.819984],[144.966279,-37.820007],[144.966274,-37.819997],[144.966184,-37.820022],[144.966179,-37.820012],[144.96614,-37.820022],[144.96611,-37.82007],[144.966104,-37.820057],[144.966063,-37.820068],[144.96608,-37.820106],[144.9661,-37.820101],[144.966256,-37.820459],[144.966271,-37.820455],[144.966281,-37.820478],[144.966304,-37.820488],[144.966329,-37.820482],[144.966336,-37.820467],[144.966357,-37.820477],[144.966346,-37.820494],[144.966358,-37.820522],[144.966394,-37.820536],[144.966429,-37.820527],[144.966446,-37.820499],[144.966443,-37.820488],[144.966527,-37.820466],[144.966514,-37.820436],[144.966602,-37.820412],[144.966591,-37.820387],[144.966681,-37.820362],[144.96667,-37.820338],[144.96676,-37.820313],[144.966746,-37.820282],[144.966812,-37.820263],[144.966803,-37.820242],[144.966948,-37.820202],[144.966938,-37.82018],[144.966955,-37.820175],[144.966961,-37.820179],[144.966984,-37.820141],[144.966977,-37.820139],[144.966972,-37.820125],[144.966998,-37.820118],[144.966964,-37.820039],[144.966997,-37.820023],[144.966967,-37.819954]]],"type":"Polygon"},"properties":{"base_m":0.0,"date_captured":"2018-05-28","footprint_type":"Structure","structure_id":"804083","top_m":7.5},"type":"Feature"},{"geometry":{"coordinates":[[[144.966975,-37.827484],[144.967285,-37.827542],[144.96733,-37.827392],[144.96702,-37.827334],[144.966975,-37.827484]]],"type":"Polygon"},"properties":{"base_m":0.5,"date_captured":"2018-05-28","footprint_type":"Structure","structure_id":"803642","top_m":8.5},"type":"Feature"},{"geometry":{"coordinates":[[[144.966989,-37.820584],[144.966972,-37.820544],[144.966897,-37.820564],[144.966865,-37.820613],[144.966875,-37.820634],[144.966851,-37.820641],[144.966888,-37.820725],[144.966911,-37.820719],[144.96692,-37.820737],[144.966989,-37.82076],[144.967002,-37.820784],[144.967068,-37.820766],[144.967053,-37.820732],[144.967169,-37.820773],[144.967199,-37.820849],[144.967185,-37.820869],[144.967289,-37.82091],[144.967341,-37.820827],[144.967129,-37.820652],[144.967128,-37.820651],[144.967068,-37.820601],[144.967041,-37.820607],[144.967015,-37.820596],[144.966989,-37.820584]]],"type":"Polygon"},"properties":{"base_m":0.0,"date_captured":"2018-05-28","footprint_type":"Structure","structure_id":"804322","top_m":5.5},"type":"Feature"},{"geometry":{"coordinates":[[[144.966989,-37.820584],[144.966976,-37.820587],[144.966979,-37.820592],[144.96694,-37.820603],[144.966938,-37.820598],[144.966925,-37.820601],[144.966897,-37.820648],[144.966901,-37.820656],[144.966907,-37.820655],[144.966921,-37.820686],[144.966915,-37.820688],[144.966919,-37.820696],[144.966976,-37.820721],[144.96699,-37.820717],[144.966988,-37.820712],[144.967027,-37.820701],[144.967029,-37.820706],[144.967038,-37.820703],[144.967053,-37.820676],[144.967066,-37.820654],[144.967062,-37.820647],[144.967057,-37.820649],[144.967043,-37.820617],[144.967048,-37.820616],[144.967045,-37.820609],[144.967041,-37.820607],[144.967015,-37.820596],[144.966989,-37.820584]]],"type":"Polygon"},"properties":{"base_m":5.5,"date_captured":"2018-05-28","footprint_type":"Structure","structure_id":"804322","top_m":8.5},"type":"Feature"},{"geometry":{"coordinates":[[[144.966996,-37.8253],[144.966984,-37.825298],[144.966932,-37.82547],[144.967137,-37.825509],[144.967189,-37.825337],[144.966996,-37.8253]]],"type":"Polygon"},"properties":{"base_m":5.0,"date_captured":"2018-05-28","footprint_type":"Structure","structure_id":"817809","top_m":6.5},"type":"Feature"},{"geometry":{"coordinates":[[[144.96701,-37.824046],[144.966967,-37.824038],[144.966964,-37.824049],[144.966976,-37.824051],[144.966964,-37.824092],[144.966994,-37.824097],[144.96701,-37.824046]]],"type":"Polygon"},"properties":{"base_m":18.5,"date_captured":"2018-05-28","footprint_type":"Structure","structure_id":"809645","top_m":23.0},"type":"Feature"},{"geometry":{"coordinates":[[[144.96702,-37.827334],[144.966471,-37.82723],[144.966426,-37.827381],[144.966975,-37.827484],[144.96702,-37.827334]]],"type":"Polygon"},"properties":{"base_m":0.0,"date_captured":"2018-05-28","footprint_type":"Structure","structure_id":"803642","top_m":12.0},"type":"Feature"},{"geometry":{"coordinates":[[[144.967043,-37.820617],[144.967027,-37.820622],[144.967015,-37.820596],[144.966985,-37.820605],[144.966979,-37.820592],[144.96694,-37.820603],[144.966946,-37.820616],[144.966912,-37.820626],[144.966923,-37.82065],[144.966907,-37.820655],[144.966921,-37.820686],[144.966937,-37.820681],[144.966949,-37.820707],[144.966981,-37.820697],[144.966988,-37.820712],[144.967027,-37.820701],[144.96702,-37.820686],[144.967053,-37.820676],[144.967042,-37.820653],[144.967057,-37.820649],[144.967043,-37.820617]]],"type":"Polygon"},"properties":{"base_m":8.5,"date_captured":"2018-05-28","footprint_type":"Structure","structure_id":"804322","top_m":13.5},"type":"Feature"},{"geometry":{"coordinates":[[[144.967046,-37.829479],[144.967014,-37.829473],[144.966931,-37.829746],[144.966941,-37.829754],[144.96745,-37.829606],[144.967433,-37.829569],[144.967404,-37.829505],[144.967056,-37.829606],[144.96705,-37.829592],[144.967064,-37.829544],[144.967133,-37.829557],[144.96715,-37.829499],[144.967046,-37.829479]]],"type":"Polygon"},"properties":{"base_m":6.0,"date_captured":"2018-05-28","footprint_type":"Structure","structure_id":"801154","top_m":8.0},"type":"Feature"},{"geometry":{"coordinates":[[[144.967066,-37.82025],[144.967061,-37.820251],[144.967046,-37.820255],[144.967032,-37.820259],[144.967019,-37.820264],[144.967006,-37.82027],[144.966993,-37.820276],[144.966981,-37.820283],[144.96697,-37.820291],[144.966959,-37.820299],[144.966948,-37.820308],[144.966938,-37.820317],[144.96693,-37.820327],[144.966922,-37.820337],[144.966914,-37.820347],[144.966908,-37.820358],[144.966903,-37.820369],[144.966898,-37.82038],[144.966894,-37.820392],[144.966893,-37.820396],[144.966892,-37.820403],[144.96689,-37.820415],[144.966918,-37.820409],[144.966921,-37.820414],[144.966935,-37.820409],[144.966985,-37.820525],[144.967079,-37.820598],[144.967208,-37.820563],[144.967213,-37.820534],[144.967236,-37.820537],[144.967249,-37.820457],[144.967273,-37.820311],[144.967223,-37.820285],[144.967227,-37.820271],[144.967224,-37.82027],[144.967212,-37.820266],[144.9672,-37.820263],[144.967188,-37.82026],[144.967185,-37.82026],[144.967175,-37.820258],[144.967162,-37.820256],[144.967149,-37.820256],[144.967148,-37.820256],[144.967135,-37.820255],[144.967122,-37.820256],[144.967109,-37.820257],[144.967096,-37.820259],[144.967084,-37.820261],[144.967071,-37.820264],[144.967066,-37.82025]]],"type":"Polygon"},"properties":{"base_m":62.5,"date_captured":"2018-05-28","footprint_type":"Structure","structure_id":"813107","top_m":65.0},"type":"Feature"},{"geometry":{"coordinates":[[[144.967095,-37.821426],[144.966635,-37.821634],[144.9667,-37.821725],[144.966748,-37.821704],[144.966813,-37.821794],[144.966766,-37.821816],[144.96689,-37.821988],[144.966931,-37.821969],[144.967095,-37.821426]]],"type":"Polygon"},"properties":{"base_m":0.0,"date_captured":"2018-05-28","footprint_type":"Structure","structure_id":"801515","top_m":59.0},"type":"Feature"},{"geometry":{"coordinates":[[[144.967099,-37.823751],[144.967102,-37.823743],[144.967079,-37.823714],[144.966832,-37.823666],[144.966592,-37.82362],[144.966351,-37.823574],[144.966331,-37.823639],[144.966311,-37.823707],[144.96627,-37.823842],[144.966027,-37.823795],[144.965993,-37.823907],[144.965922,-37.824142],[144.965921,-37.824146],[144.965917,-37.824161],[144.965908,-37.824189],[144.965922,-37.824191],[144.966009,-37.824208],[144.966023,-37.824161],[144.966027,-37.824148],[144.966828,-37.8243],[144.966824,-37.824313],[144.96681,-37.82436],[144.966898,-37.824377],[144.966909,-37.824379],[144.966924,-37.824332],[144.966994,-37.824097],[144.96701,-37.824046],[144.967099,-37.823751]]],"type":"Polygon"},"properties":{"base_m":14.5,"date_captured":"2018-05-28","footprint_type":"Structure","structure_id":"809645","top_m":18.5},"type":"Feature"},{"geometry":{"coordinates":[[[144.967114,-37.828332],[144.966987,-37.828308],[144.966985,-37.828312],[144.96695,-37.82843],[144.967086,-37.828456],[144.967123,-37.828334],[144.967114,-37.828332]]],"type":"Polygon"},"properties":{"base_m":0.0,"date_captured":"2018-05-28","footprint_type":"Structure","structure_id":"808470","top_m":10.0},"type":"Feature"},{"geometry":{"coordinates":[[[144.967114,-37.828332],[144.967127,-37.82829],[144.967136,-37.828291],[144.967144,-37.828268],[144.967134,-37.828266],[144.967162,-37.828175],[144.967171,-37.828176],[144.967178,-37.828153],[144.967169,-37.828151],[144.967183,-37.828103],[144.967041,-37.828076],[144.96697,-37.828309],[144.966985,-37.828312],[144.966987,-37.828308],[144.967114,-37.828332]]],"type":"Polygon"},"properties":{"base_m":0.0,"date_captured":"2018-05-28","footprint_type":"Structure","structure_id":"808470","top_m":10.0},"type":"Feature"},{"geometry":{"coordinates":[[[144.967167,-37.820368],[144.967059,-37.820357],[144.967053,-37.820399],[144.967059,-37.8204],[144.967075,-37.820437],[144.967074,-37.820446],[144.967153,-37.820454],[144.967167,-37.820368]]],"type":"Polygon"},"properties":{"base_m":69.0,"date_captured":"2018-05-28","footprint_type":"Structure","structure_id":"813107","top_m":72.5},"type":"Feature"},{"geometry":{"coordinates":[[[144.967181,-37.820502],[144.967184,-37.820497],[144.967187,-37.820491],[144.967188,-37.820487],[144.967192,-37.820482],[144.967196,-37.820476],[144.9672,-37.820471],[144.967205,-37.820466],[144.967207,-37.820464],[144.96721,-37.820459],[144.967213,-37.820454],[144.967216,-37.820449],[144.967218,-37.820444],[144.96722,-37.820439],[144.967221,-37.820433],[144.967222,-37.820428],[144.967223,-37.820423],[144.967223,-37.820418],[144.967223,-37.820412],[144.967222,-37.820407],[144.967221,-37.820402],[144.967219,-37.820396],[144.967217,-37.820391],[144.967216,-37.820387],[144.967216,-37.820382],[144.967216,-37.820377],[144.967216,-37.820371],[144.967217,-37.820366],[144.967218,-37.820361],[144.967219,-37.820356],[144.967221,-37.820351],[144.967222,-37.82035],[144.967224,-37.820346],[144.967227,-37.820341],[144.96723,-37.820336],[144.967233,-37.820332],[144.967237,-37.820327],[144.967175,-37.820302],[144.967181,-37.820278],[144.967179,-37.820278],[144.967168,-37.820275],[144.967156,-37.820273],[144.967144,-37.820272],[144.967133,-37.820271],[144.967121,-37.820271],[144.967109,-37.820272],[144.967097,-37.820273],[144.967085,-37.820275],[144.967074,-37.820277],[144.96707,-37.820278],[144.967058,-37.820281],[144.967047,-37.820285],[144.967037,-37.820289],[144.967026,-37.820293],[144.967017,-37.820299],[144.967007,-37.820304],[144.966998,-37.82031],[144.96699,-37.820317],[144.966982,-37.820324],[144.966974,-37.820331],[144.96705,-37.82051],[144.967064,-37.820506],[144.967083,-37.82055],[144.967177,-37.820523],[144.967177,-37.820521],[144.967178,-37.820515],[144.96718,-37.820509],[144.967181,-37.820502]]],"type":"Polygon"},"properties":{"base_m":65.0,"date_captured":"2018-05-28","footprint_type":"Structure","structure_id":"813107","top_m":69.0},"type":"Feature"},{"geometry":{"coordinates":[[[144.96719,-37.82719],[144.967191,-37.827185],[144.967153,-37.827178],[144.967159,-37.827159],[144.966811,-37.827093],[144.966809,-37.827099],[144.966756,-37.827276],[144.967085,-37.827338],[144.967091,-37.827318],[144.967125,-37.827206],[144.967182,-37.827217],[144.96719,-37.82719]]],"type":"Polygon"},"properties":{"base_m":8.0,"date_captured":"2018-05-28","footprint_type":"Structure","structure_id":"801057","top_m":12.5},"type":"Feature"},{"geometry":{"coordinates":[[[144.967201,-37.824693],[144.967534,-37.824754],[144.967539,-37.824741],[144.967554,-37.82469],[144.967618,-37.824479],[144.967641,-37.824404],[144.967545,-37.824386],[144.967341,-37.824347],[144.967303,-37.82434],[144.967275,-37.824335],[144.96722,-37.824523],[144.967196,-37.824519],[144.967148,-37.824683],[144.967201,-37.824693]]],"type":"Polygon"},"properties":{"base_m":0.0,"date_captured":"2022-01-20","footprint_type":"Structure","structure_id":"819300","top_m":10.5},"type":"Feature"},{"geometry":{"coordinates":[[[144.967205,-37.825884],[144.967912,-37.825678],[144.967934,-37.825656],[144.967979,-37.825508],[144.968059,-37.825242],[144.967771,-37.825188],[144.967678,-37.825496],[144.967126,-37.825657],[144.967102,-37.825664],[144.967205,-37.825884]]],"type":"Polygon"},"properties":{"base_m":7.5,"date_captured":"2018-05-28","footprint_type":"Structure","structure_id":"817806","top_m":14.0},"type":"Feature"},{"geometry":{"coordinates":[[[144.967235,-37.82308],[144.967316,-37.822771],[144.967177,-37.822744],[144.967121,-37.822947],[144.96712,-37.822948],[144.967118,-37.822966],[144.96712,-37.822983],[144.967135,-37.823032],[144.967042,-37.823077],[144.967006,-37.823052],[144.966992,-37.823042],[144.966972,-37.823033],[144.96695,-37.823028],[144.96675,-37.822991],[144.966673,-37.823042],[144.96667,-37.823043],[144.96666,-37.823051],[144.966654,-37.82306],[144.966652,-37.823071],[144.966655,-37.823082],[144.966662,-37.823091],[144.966672,-37.823099],[144.967063,-37.823168],[144.967235,-37.82308]]],"type":"Polygon"},"properties":{"base_m":25.0,"date_captured":"2018-05-28","footprint_type":"Structure","structure_id":"809178","top_m":30.5},"type":"Feature"},{"geometry":{"coordinates":[[[144.967257,-37.830052],[144.967238,-37.830011],[144.967203,-37.830021],[144.967222,-37.830062],[144.967257,-37.830052]]],"type":"Polygon"},"properties":{"base_m":12.5,"date_captured":"2018-05-28","footprint_type":"Structure","structure_id":"807669","top_m":15.0},"type":"Feature"},{"geometry":{"coordinates":[[[144.967264,-37.825089],[144.96706,-37.825049],[144.967046,-37.825094],[144.96725,-37.825134],[144.967264,-37.825089]]],"type":"Polygon"},"properties":{"base_m":5.0,"date_captured":"2018-05-28","footprint_type":"Structure","structure_id":"817809","top_m":7.5},"type":"Feature"},{"geometry":{"coordinates":[[[144.967269,-37.827056],[144.966601,-37.826929],[144.966606,-37.82691],[144.966502,-37.82689],[144.966454,-37.827049],[144.966558,-37.827069],[144.966563,-37.827052],[144.966636,-37.827066],[144.966809,-37.827099],[144.966811,-37.827093],[144.967159,-37.827159],[144.967153,-37.827178],[144.967191,-37.827185],[144.96719,-37.82719],[144.967226,-37.827197],[144.967269,-37.827056]]],"type":"Polygon"},"properties":{"base_m":8.0,"date_captured":"2018-05-28","footprint_type":"Structure","structure_id":"801057","top_m":12.5},"type":"Feature"},{"geometry":{"coordinates":[[[144.967273,-37.820311],[144.967223,-37.820285],[144.967227,-37.820271],[144.967224,-37.82027],[144.967212,-37.820266],[144.9672,-37.820263],[144.967188,-37.82026],[144.967185,-37.82026],[144.967189,-37.820245],[144.967185,-37.820245],[144.967167,-37.820243],[144.967149,-37.820242],[144.96713,-37.820242],[144.96712,-37.820243],[144.967102,-37.820244],[144.967084,-37.820247],[144.967066,-37.82025],[144.967061,-37.820251],[144.967046,-37.820255],[144.967032,-37.820259],[144.967019,-37.820264],[144.967006,-37.82027],[144.966993,-37.820276],[144.966981,-37.820283],[144.96697,-37.820291],[144.966959,-37.820299],[144.966948,-37.820308],[144.966938,-37.820317],[144.96693,-37.820327],[144.966922,-37.820337],[144.966914,-37.820347],[144.966908,-37.820358],[144.966903,-37.820369],[144.966898,-37.82038],[144.966894,-37.820392],[144.966893,-37.820396],[144.966892,-37.820403],[144.96689,-37.820415],[144.966918,-37.820409],[144.966921,-37.820414],[144.966935,-37.820409],[144.966985,-37.820525],[144.967079,-37.820598],[144.967208,-37.820563],[144.967213,-37.820534],[144.967236,-37.820537],[144.967249,-37.820457],[144.967273,-37.820311]]],"type":"Polygon"},"properties":{"base_m":34.0,"date_captured":"2018-05-28","footprint_type":"Structure","structure_id":"813107","top_m":62.5},"type":"Feature"},{"geometry":{"coordinates":[[[144.967293,-37.820583],[144.967289,-37.820607],[144.967256,-37.820604],[144.967237,-37.820709],[144.967515,-37.820741],[144.967499,-37.820829],[144.967676,-37.82085],[144.967692,-37.820764],[144.967773,-37.820773],[144.967775,-37.820761],[144.967801,-37.820764],[144.967816,-37.82068],[144.967815,-37.820679],[144.96779,-37.820676],[144.967791,-37.820667],[144.967709,-37.820657],[144.967718,-37.820606],[144.96763,-37.820596],[144.967625,-37.820622],[144.967293,-37.820583]]],"type":"Polygon"},"properties":{"base_m":51.0,"date_captured":"2018-05-28","footprint_type":"Structure","structure_id":"810909","top_m":55.0},"type":"Feature"},{"geometry":{"coordinates":[[[144.96731,-37.824938],[144.967105,-37.824899],[144.967073,-37.825004],[144.967278,-37.825043],[144.96731,-37.824938]]],"type":"Polygon"},"properties":{"base_m":5.0,"date_captured":"2018-05-28","footprint_type":"Structure","structure_id":"817809","top_m":8.0},"type":"Feature"},{"geometry":{"coordinates":[[[144.96732,-37.825051],[144.967343,-37.825056],[144.9677,-37.825123],[144.967732,-37.825019],[144.967352,-37.824946],[144.96732,-37.825051]]],"type":"Polygon"},"properties":{"base_m":5.0,"date_captured":"2018-05-28","footprint_type":"Structure","structure_id":"817809","top_m":8.0},"type":"Feature"},{"geometry":{"coordinates":[[[144.967341,-37.824347],[144.967288,-37.824522],[144.967446,-37.824552],[144.967412,-37.824663],[144.967554,-37.82469],[144.967618,-37.824479],[144.967556,-37.824468],[144.967545,-37.824386],[144.967341,-37.824347]]],"type":"Polygon"},"properties":{"base_m":40.4,"date_captured":"2022-01-20","footprint_type":"Structure","structure_id":"819300","top_m":46.0},"type":"Feature"},{"geometry":{"coordinates":[[[144.967348,-37.820338],[144.967343,-37.820333],[144.967333,-37.820322],[144.967322,-37.820312],[144.967311,-37.820302],[144.967298,-37.820292],[144.967285,-37.820284],[144.967272,-37.820276],[144.967266,-37.820273],[144.967252,-37.820266],[144.967236,-37.820259],[144.967221,-37.820254],[144.967205,-37.820249],[144.967189,-37.820245],[144.967185,-37.820245],[144.967167,-37.820243],[144.967149,-37.820242],[144.96713,-37.820242],[144.96712,-37.820243],[144.967102,-37.820244],[144.967084,-37.820247],[144.967066,-37.82025],[144.967061,-37.820251],[144.967046,-37.820255],[144.967032,-37.820259],[144.967019,-37.820264],[144.967006,-37.82027],[144.966993,-37.820276],[144.966981,-37.820283],[144.96697,-37.820291],[144.966959,-37.820299],[144.966948,-37.820308],[144.966938,-37.820317],[144.96693,-37.820327],[144.966922,-37.820337],[144.966914,-37.820347],[144.966908,-37.820358],[144.966903,-37.820369],[144.966898,-37.82038],[144.966894,-37.820392],[144.966893,-37.820396],[144.966875,-37.820402],[144.966858,-37.820409],[144.966841,-37.820417],[144.966835,-37.82042],[144.966819,-37.820429],[144.966804,-37.820438],[144.966789,-37.820449],[144.966788,-37.82045],[144.966842,-37.82058],[144.966897,-37.820564],[144.966972,-37.820544],[144.966992,-37.820538],[144.967068,-37.820601],[144.967128,-37.820651],[144.967196,-37.820597],[144.967203,-37.820591],[144.967208,-37.820563],[144.967213,-37.820534],[144.967236,-37.820537],[144.967249,-37.820457],[144.967324,-37.820466],[144.967348,-37.820338]]],"type":"Polygon"},"properties":{"base_m":0.0,"date_captured":"2018-05-28","footprint_type":"Structure","structure_id":"813107","top_m":3.5},"type":"Feature"},{"geometry":{"coordinates":[[[144.967348,-37.820338],[144.967343,-37.820333],[144.967333,-37.820322],[144.967322,-37.820312],[144.967311,-37.820302],[144.967298,-37.820292],[144.967285,-37.820284],[144.967272,-37.820276],[144.967266,-37.820273],[144.967252,-37.820266],[144.967236,-37.820259],[144.967221,-37.820254],[144.967205,-37.820249],[144.967189,-37.820245],[144.967185,-37.820245],[144.967167,-37.820243],[144.967149,-37.820242],[144.96713,-37.820242],[144.96712,-37.820243],[144.967102,-37.820244],[144.967084,-37.820247],[144.967066,-37.82025],[144.967061,-37.820251],[144.967046,-37.820255],[144.967032,-37.820259],[144.967019,-37.820264],[144.967006,-37.82027],[144.966993,-37.820276],[144.966981,-37.820283],[144.96697,-37.820291],[144.966959,-37.820299],[144.966948,-37.820308],[144.966938,-37.820317],[144.96693,-37.820327],[144.966922,-37.820337],[144.966914,-37.820347],[144.966908,-37.820358],[144.966903,-37.820369],[144.966898,-37.82038],[144.966894,-37.820392],[144.966893,-37.820396],[144.966892,-37.820403],[144.96689,-37.820415],[144.966918,-37.820409],[144.966921,-37.820414],[144.966935,-37.820409],[144.966985,-37.820525],[144.967079,-37.820598],[144.967068,-37.820601],[144.967128,-37.820651],[144.967196,-37.820597],[144.967203,-37.820591],[144.967208,-37.820563],[144.967213,-37.820534],[144.967236,-37.820537],[144.967249,-37.820457],[144.967324,-37.820466],[144.967348,-37.820338]]],"type":"Polygon"},"properties":{"base_m":3.5,"date_captured":"2018-05-28","footprint_type":"Structure","structure_id":"813107","top_m":6.0},"type":"Feature"},{"geometry":{"coordinates":[[[144.967348,-37.820338],[144.967343,-37.820333],[144.967333,-37.820322],[144.967322,-37.820312],[144.967311,-37.820302],[144.967298,-37.820292],[144.967285,-37.820284],[144.967272,-37.820276],[144.967266,-37.820273],[144.967252,-37.820266],[144.967236,-37.820259],[144.967221,-37.820254],[144.967205,-37.820249],[144.967189,-37.820245],[144.967185,-37.820245],[144.967167,-37.820243],[144.967149,-37.820242],[144.96713,-37.820242],[144.96712,-37.820243],[144.967102,-37.820244],[144.967084,-37.820247],[144.967066,-37.82025],[144.967061,-37.820251],[144.967046,-37.820255],[144.967032,-37.820259],[144.967019,-37.820264],[144.967006,-37.82027],[144.966993,-37.820276],[144.966981,-37.820283],[144.96697,-37.820291],[144.966959,-37.820299],[144.966948,-37.820308],[144.966938,-37.820317],[144.96693,-37.820327],[144.966922,-37.820337],[144.966914,-37.820347],[144.966908,-37.820358],[144.966903,-37.820369],[144.966898,-37.82038],[144.966894,-37.820392],[144.966893,-37.820396],[144.966892,-37.820403],[144.96689,-37.820415],[144.966918,-37.820409],[144.966921,-37.820414],[144.966935,-37.820409],[144.966985,-37.820525],[144.967079,-37.820598],[144.967208,-37.820563],[144.967213,-37.820534],[144.967236,-37.820537],[144.967249,-37.820457],[144.967324,-37.820466],[144.967348,-37.820338]]],"type":"Polygon"},"properties":{"base_m":6.0,"date_captured":"2018-05-28","footprint_type":"Structure","structure_id":"813107","top_m":34.0},"type":"Feature"},{"geometry":{"coordinates":[[[144.967367,-37.822147],[144.967246,-37.822123],[144.967218,-37.822212],[144.967339,-37.822236],[144.967367,-37.822147]]],"type":"Polygon"},"properties":{"base_m":23.0,"date_captured":"2018-05-28","footprint_type":"Structure","structure_id":"809199","top_m":26.0},"type":"Feature"},{"geometry":{"coordinates":[[[144.967369,-37.827076],[144.967374,-37.82706],[144.967274,-37.827041],[144.967269,-37.827056],[144.967226,-37.827197],[144.967326,-37.827216],[144.967369,-37.827076]]],"type":"Polygon"},"properties":{"base_m":8.0,"date_captured":"2018-05-28","footprint_type":"Structure","structure_id":"801057","top_m":11.0},"type":"Feature"},{"geometry":{"coordinates":[[[144.967375,-37.826374],[144.967375,-37.826471],[144.96707,-37.826413],[144.967068,-37.826474],[144.96699,-37.826485],[144.966995,-37.826506],[144.966764,-37.826574],[144.966755,-37.826554],[144.966611,-37.826601],[144.966602,-37.826629],[144.966615,-37.826633],[144.966604,-37.826661],[144.966619,-37.826669],[144.966567,-37.826757],[144.966489,-37.826842],[144.966622,-37.826814],[144.966772,-37.826773],[144.966774,-37.826776],[144.966857,-37.826745],[144.966844,-37.826697],[144.967152,-37.826707],[144.967151,-37.826699],[144.967197,-37.826701],[144.967202,-37.826646],[144.967224,-37.826647],[144.967227,-37.826619],[144.967346,-37.826636],[144.96732,-37.826758],[144.967313,-37.826757],[144.967204,-37.826993],[144.96747,-37.827011],[144.967475,-37.826952],[144.967568,-37.826643],[144.967581,-37.826646],[144.967642,-37.826515],[144.967564,-37.826492],[144.967375,-37.826374]]],"type":"Polygon"},"properties":{"base_m":0.0,"date_captured":"2018-05-28","footprint_type":"Structure","structure_id":"814818","top_m":10.0},"type":"Feature"},{"geometry":{"coordinates":[[[144.967375,-37.826471],[144.96707,-37.826413],[144.967068,-37.826474],[144.967064,-37.82659],[144.967129,-37.82658],[144.967151,-37.826699],[144.967197,-37.826701],[144.967202,-37.826646],[144.967224,-37.826647],[144.967227,-37.826619],[144.967346,-37.826636],[144.967364,-37.826639],[144.967412,-37.826478],[144.967375,-37.826471]]],"type":"Polygon"},"properties":{"base_m":10.0,"date_captured":"2018-05-28","footprint_type":"Structure","structure_id":"814818","top_m":13.0},"type":"Feature"},{"geometry":{"coordinates":[[[144.967385,-37.828373],[144.967381,-37.828373],[144.967354,-37.828461],[144.967789,-37.828544],[144.967807,-37.828483],[144.967758,-37.828474],[144.967767,-37.828446],[144.967699,-37.828433],[144.967691,-37.82846],[144.967665,-37.828456],[144.967624,-37.828448],[144.967633,-37.828421],[144.967563,-37.828407],[144.967554,-37.828436],[144.967531,-37.828431],[144.967489,-37.828423],[144.967497,-37.828395],[144.967429,-37.828382],[144.967385,-37.828373]]],"type":"Polygon"},"properties":{"base_m":6.5,"date_captured":"2018-05-28","footprint_type":"Structure","structure_id":"803625","top_m":10.0},"type":"Feature"},{"geometry":{"coordinates":[[[144.967407,-37.830377],[144.967338,-37.830226],[144.967257,-37.830052],[144.967238,-37.830011],[144.967229,-37.829989],[144.967015,-37.830051],[144.967194,-37.830439],[144.967407,-37.830377]]],"type":"Polygon"},"properties":{"base_m":0.0,"date_captured":"2018-05-28","footprint_type":"Structure","structure_id":"807669","top_m":12.5},"type":"Feature"},{"geometry":{"coordinates":[[[144.967419,-37.827356],[144.967374,-37.827348],[144.967361,-37.827391],[144.967406,-37.827399],[144.967419,-37.827356]]],"type":"Polygon"},"properties":{"base_m":0.0,"date_captured":"2018-05-28","footprint_type":"Structure","structure_id":"801056","top_m":3.5},"type":"Feature"},{"geometry":{"coordinates":[[[144.967431,-37.822653],[144.967362,-37.822629],[144.96734,-37.822627],[144.967317,-37.822629],[144.967304,-37.822632],[144.967124,-37.822704],[144.967051,-37.822733],[144.966799,-37.822858],[144.966772,-37.822856],[144.966662,-37.822928],[144.96647,-37.823053],[144.966463,-37.823061],[144.966457,-37.823075],[144.966456,-37.823089],[144.966458,-37.823103],[144.966465,-37.823115],[144.966484,-37.823128],[144.967197,-37.823239],[144.967264,-37.823205],[144.967431,-37.822653]]],"type":"Polygon"},"properties":{"base_m":0.0,"date_captured":"2018-05-28","footprint_type":"Structure","structure_id":"809178","top_m":10.5},"type":"Feature"},{"geometry":{"coordinates":[[[144.967431,-37.822653],[144.967362,-37.822629],[144.96734,-37.822627],[144.967317,-37.822629],[144.967304,-37.822632],[144.967124,-37.822704],[144.967066,-37.822909],[144.966937,-37.822973],[144.966662,-37.822928],[144.96647,-37.823053],[144.966463,-37.823061],[144.966457,-37.823075],[144.966456,-37.823089],[144.966458,-37.823103],[144.966465,-37.823115],[144.966484,-37.823128],[144.967197,-37.823239],[144.967264,-37.823205],[144.967431,-37.822653]]],"type":"Polygon"},"properties":{"base_m":10.5,"date_captured":"2018-05-28","footprint_type":"Structure","structure_id":"809178","top_m":25.0},"type":"Feature"},{"geometry":{"coordinates":[[[144.967443,-37.824737],[144.967337,-37.824718],[144.967242,-37.8247],[144.967206,-37.82482],[144.967404,-37.824857],[144.967443,-37.824737]]],"type":"Polygon"},"properties":{"base_m":0.0,"date_captured":"2020-05-15","footprint_type":"Structure","structure_id":"819301","top_m":22.0},"type":"Feature"},{"geometry":{"coordinates":[[[144.967443,-37.824737],[144.967337,-37.824718],[144.967242,-37.8247],[144.967206,-37.82482],[144.967404,-37.824857],[144.967443,-37.824737]]],"type":"Polygon"},"properties":{"base_m":0.2,"date_captured":"2022-01-20","footprint_type":"Structure","structure_id":"819301","top_m":22.0},"type":"Feature"},{"geometry":{"coordinates":[[[144.967451,-37.830492],[144.967366,-37.830517],[144.967347,-37.830575],[144.967362,-37.830606],[144.967338,-37.830613],[144.967388,-37.830724],[144.967411,-37.830717],[144.967426,-37.830747],[144.967488,-37.830783],[144.967573,-37.830758],[144.967563,-37.830737],[144.967584,-37.830731],[144.967482,-37.830512],[144.967463,-37.830518],[144.967451,-37.830492]]],"type":"Polygon"},"properties":{"base_m":73.0,"date_captured":"2018-05-28","footprint_type":"Structure","structure_id":"807842","top_m":76.5},"type":"Feature"},{"geometry":{"coordinates":[[[144.967475,-37.82826],[144.96755,-37.828275],[144.967557,-37.828253],[144.967482,-37.828239],[144.967475,-37.82826]]],"type":"Polygon"},"properties":{"base_m":0.0,"date_captured":"2018-05-28","footprint_type":"Structure","structure_id":"805282","top_m":2.0},"type":"Feature"},{"geometry":{"coordinates":[[[144.967482,-37.828239],[144.967494,-37.828199],[144.967404,-37.828182],[144.967385,-37.828243],[144.967475,-37.82826],[144.967482,-37.828239]]],"type":"Polygon"},"properties":{"base_m":0.0,"date_captured":"2018-05-28","footprint_type":"Structure","structure_id":"805282","top_m":3.0},"type":"Feature"},{"geometry":{"coordinates":[[[144.967501,-37.830462],[144.967488,-37.830456],[144.967484,-37.830454],[144.967475,-37.830451],[144.967466,-37.830448],[144.967457,-37.830446],[144.967447,-37.830445],[144.967437,-37.830444],[144.967427,-37.830444],[144.967418,-37.830445],[144.967408,-37.830446],[144.967397,-37.830449],[144.967379,-37.830453],[144.967369,-37.830456],[144.967359,-37.83046],[144.967351,-37.830464],[144.967343,-37.830469],[144.967335,-37.830475],[144.967329,-37.830481],[144.967323,-37.830487],[144.967318,-37.830494],[144.967313,-37.830501],[144.967311,-37.830506],[144.967306,-37.830516],[144.967305,-37.830517],[144.9673,-37.830529],[144.967297,-37.830541],[144.967294,-37.830553],[144.967292,-37.830565],[144.967291,-37.830577],[144.96729,-37.830589],[144.967291,-37.830603],[144.967293,-37.830618],[144.967296,-37.830632],[144.9673,-37.830647],[144.967304,-37.830661],[144.967309,-37.830675],[144.967316,-37.830689],[144.967323,-37.830702],[144.967331,-37.830715],[144.96734,-37.830728],[144.967349,-37.830741],[144.967359,-37.830753],[144.96737,-37.830765],[144.967373,-37.830767],[144.967381,-37.830776],[144.96739,-37.830784],[144.9674,-37.830791],[144.96741,-37.830798],[144.967421,-37.830805],[144.967433,-37.83081],[144.967444,-37.830816],[144.967457,-37.83082],[144.96747,-37.830824],[144.967483,-37.830827],[144.967496,-37.83083],[144.96751,-37.830831],[144.967515,-37.830832],[144.967526,-37.830831],[144.967536,-37.83083],[144.967546,-37.830829],[144.967556,-37.830826],[144.967566,-37.830823],[144.967576,-37.830819],[144.967585,-37.830815],[144.967593,-37.83081],[144.967601,-37.830804],[144.967608,-37.830798],[144.967615,-37.830792],[144.967621,-37.830785],[144.967626,-37.830778],[144.96763,-37.83077],[144.967634,-37.830762],[144.967636,-37.830754],[144.967631,-37.830742],[144.967639,-37.83074],[144.967515,-37.830471],[144.967506,-37.830474],[144.967501,-37.830462]]],"type":"Polygon"},"properties":{"base_m":18.0,"date_captured":"2018-05-28","footprint_type":"Structure","structure_id":"807842","top_m":73.0},"type":"Feature"},{"geometry":{"coordinates":[[[144.967506,-37.821533],[144.967511,-37.821516],[144.96751,-37.821516],[144.967526,-37.821463],[144.9675,-37.821458],[144.967503,-37.82145],[144.967529,-37.821455],[144.967545,-37.821402],[144.967518,-37.821397],[144.967517,-37.821402],[144.967494,-37.821397],[144.967516,-37.821327],[144.967491,-37.821322],[144.967493,-37.821313],[144.967555,-37.821325],[144.967572,-37.821271],[144.967502,-37.821258],[144.967497,-37.821275],[144.967461,-37.821268],[144.96745,-37.821302],[144.967422,-37.821297],[144.967406,-37.821351],[144.967436,-37.821357],[144.967433,-37.821367],[144.967303,-37.821341],[144.967287,-37.821392],[144.967417,-37.821417],[144.967414,-37.821428],[144.967284,-37.821402],[144.967259,-37.821482],[144.967389,-37.821507],[144.967388,-37.82151],[144.967506,-37.821533]]],"type":"Polygon"},"properties":{"base_m":0.0,"date_captured":"2023-05-11","footprint_type":"Structure","structure_id":"900531","top_m":3.4},"type":"Feature"},{"geometry":{"coordinates":[[[144.967506,-37.828366],[144.967438,-37.828353],[144.967393,-37.828345],[144.967385,-37.828373],[144.967381,-37.828373],[144.967354,-37.828461],[144.967789,-37.828544],[144.967807,-37.828483],[144.967758,-37.828474],[144.967767,-37.828446],[144.967776,-37.828417],[144.967708,-37.828404],[144.9677,-37.828428],[144.967675,-37.828423],[144.967665,-37.828456],[144.967624,-37.828448],[144.967633,-37.828421],[144.967641,-37.828392],[144.967572,-37.828379],[144.967564,-37.828404],[144.96754,-37.828399],[144.967531,-37.828431],[144.967489,-37.828423],[144.967497,-37.828395],[144.967506,-37.828366]]],"type":"Polygon"},"properties":{"base_m":0.0,"date_captured":"2018-05-28","footprint_type":"Structure","structure_id":"803625","top_m":3.5},"type":"Feature"},{"geometry":{"coordinates":[[[144.967506,-37.828366],[144.967438,-37.828353],[144.967429,-37.828382],[144.967385,-37.828373],[144.967381,-37.828373],[144.967354,-37.828461],[144.967789,-37.828544],[144.967807,-37.828483],[144.967758,-37.828474],[144.967767,-37.828446],[144.967776,-37.828417],[144.967708,-37.828404],[144.9677,-37.828428],[144.967699,-37.828433],[144.967691,-37.82846],[144.967665,-37.828456],[144.967624,-37.828448],[144.967633,-37.828421],[144.967641,-37.828392],[144.967572,-37.828379],[144.967564,-37.828404],[144.967563,-37.828407],[144.967554,-37.828436],[144.967531,-37.828431],[144.967489,-37.828423],[144.967497,-37.828395],[144.967506,-37.828366]]],"type":"Polygon"},"properties":{"base_m":3.5,"date_captured":"2018-05-28","footprint_type":"Structure","structure_id":"803625","top_m":6.5},"type":"Feature"},{"geometry":{"coordinates":[[[144.967524,-37.830033],[144.967579,-37.830017],[144.967527,-37.829904],[144.967254,-37.829984],[144.967306,-37.830097],[144.96736,-37.830082],[144.967376,-37.830117],[144.967405,-37.830109],[144.967389,-37.830074],[144.967497,-37.830042],[144.967513,-37.830078],[144.967541,-37.83007],[144.967524,-37.830033]]],"type":"Polygon"},"properties":{"base_m":0.0,"date_captured":"2018-05-28","footprint_type":"Structure","structure_id":"811678","top_m":12.5},"type":"Feature"},{"geometry":{"coordinates":[[[144.967533,-37.830379],[144.967723,-37.830792],[144.968486,-37.830571],[144.968295,-37.830158],[144.967533,-37.830379]]],"type":"Polygon"},"properties":{"base_m":0.0,"date_captured":"2023-05-11","footprint_type":"Structure","structure_id":"819284","top_m":11.6},"type":"Feature"},{"geometry":{"coordinates":[[[144.967547,-37.82227],[144.96755,-37.822262],[144.967574,-37.822183],[144.967601,-37.822092],[144.967603,-37.822085],[144.967614,-37.822051],[144.967614,-37.822048],[144.967721,-37.821696],[144.967733,-37.821655],[144.96736,-37.821584],[144.967176,-37.821549],[144.966924,-37.822385],[144.966909,-37.822433],[144.9671,-37.822469],[144.967136,-37.822353],[144.967169,-37.822359],[144.967165,-37.822372],[144.967271,-37.822392],[144.967277,-37.822393],[144.967293,-37.822385],[144.967547,-37.82227]]],"type":"Polygon"},"properties":{"base_m":0.0,"date_captured":"2018-05-28","footprint_type":"Structure","structure_id":"809199","top_m":20.0},"type":"Feature"},{"geometry":{"coordinates":[[[144.967551,-37.82801],[144.967461,-37.827993],[144.96744,-37.828064],[144.967529,-37.828081],[144.967551,-37.82801]]],"type":"Polygon"},"properties":{"base_m":0.0,"date_captured":"2018-05-28","footprint_type":"Structure","structure_id":"805281","top_m":3.0},"type":"Feature"},{"geometry":{"coordinates":[[[144.967581,-37.830156],[144.96757,-37.830132],[144.967541,-37.83014],[144.967558,-37.830176],[144.96745,-37.830208],[144.967434,-37.830172],[144.967405,-37.83018],[144.967415,-37.830203],[144.967422,-37.830216],[144.967368,-37.830232],[144.967421,-37.830345],[144.967694,-37.830266],[144.967642,-37.830152],[144.967587,-37.830168],[144.967581,-37.830156]]],"type":"Polygon"},"properties":{"base_m":4.0,"date_captured":"2018-05-28","footprint_type":"Structure","structure_id":"811677","top_m":13.0},"type":"Feature"},{"geometry":{"coordinates":[[[144.967606,-37.820737],[144.967532,-37.820729],[144.967517,-37.820805],[144.967592,-37.820814],[144.967606,-37.820737]]],"type":"Polygon"},"properties":{"base_m":58.5,"date_captured":"2018-05-28","footprint_type":"Structure","structure_id":"810909","top_m":62.0},"type":"Feature"},{"geometry":{"coordinates":[[[144.967608,-37.826272],[144.967602,-37.826252],[144.967522,-37.826281],[144.967532,-37.8263],[144.967608,-37.826272]]],"type":"Polygon"},"properties":{"base_m":0.0,"date_captured":"2018-05-28","footprint_type":"Structure","structure_id":"805549","top_m":2.5},"type":"Feature"},{"geometry":{"coordinates":[[[144.967618,-37.824479],[144.967641,-37.824404],[144.967545,-37.824386],[144.967341,-37.824347],[144.967303,-37.82434],[144.967201,-37.824693],[144.967534,-37.824754],[144.967539,-37.824741],[144.967554,-37.82469],[144.967618,-37.824479]]],"type":"Polygon"},"properties":{"base_m":10.5,"date_captured":"2022-01-20","footprint_type":"Structure","structure_id":"819300","top_m":40.4},"type":"Feature"},{"geometry":{"coordinates":[[[144.967619,-37.828828],[144.967602,-37.82879],[144.967183,-37.828912],[144.967127,-37.829097],[144.967159,-37.829103],[144.967262,-37.829123],[144.967298,-37.829005],[144.967249,-37.828996],[144.967257,-37.828972],[144.967287,-37.828963],[144.967303,-37.828994],[144.967649,-37.828893],[144.967619,-37.828828]]],"type":"Polygon"},"properties":{"base_m":6.0,"date_captured":"2018-05-28","footprint_type":"Structure","structure_id":"801154","top_m":8.5},"type":"Feature"},{"geometry":{"coordinates":[[[144.967623,-37.823353],[144.967625,-37.823349],[144.967625,-37.823345],[144.967623,-37.82334],[144.967622,-37.823337],[144.96762,-37.823335],[144.967618,-37.823333],[144.967615,-37.823331],[144.967612,-37.823329],[144.967609,-37.823328],[144.967606,-37.823327],[144.967602,-37.823326],[144.9676,-37.823327],[144.967596,-37.823327],[144.967591,-37.823328],[144.967585,-37.82333],[144.967581,-37.823333],[144.967579,-37.823335],[144.967577,-37.823338],[144.967576,-37.823341],[144.967575,-37.823343],[144.967575,-37.823346],[144.967575,-37.823349],[144.967576,-37.823352],[144.967577,-37.823354],[144.96758,-37.823359],[144.967584,-37.823362],[144.967589,-37.823364],[144.967595,-37.823366],[144.967598,-37.823366],[144.967602,-37.823366],[144.967606,-37.823366],[144.967609,-37.823365],[144.967612,-37.823364],[144.967615,-37.823362],[144.967618,-37.82336],[144.96762,-37.823358],[144.967623,-37.823354],[144.967623,-37.823353]]],"type":"Polygon"},"properties":{"base_m":4.0,"date_captured":"2018-05-28","footprint_type":"Structure","structure_id":"802767","top_m":6.0},"type":"Feature"},{"geometry":{"coordinates":[[[144.967643,-37.823287],[144.9676,-37.823327],[144.967596,-37.823327],[144.967591,-37.823328],[144.967585,-37.82333],[144.967581,-37.823333],[144.967579,-37.823335],[144.967577,-37.823338],[144.967576,-37.823341],[144.967575,-37.823343],[144.967575,-37.823346],[144.967575,-37.823349],[144.967576,-37.823352],[144.967577,-37.823354],[144.96758,-37.823359],[144.967584,-37.823362],[144.967589,-37.823364],[144.967595,-37.823366],[144.967598,-37.823366],[144.967602,-37.823366],[144.967606,-37.823366],[144.967609,-37.823365],[144.967612,-37.823364],[144.967615,-37.823362],[144.967618,-37.82336],[144.96762,-37.823358],[144.967623,-37.823354],[144.967623,-37.823353],[144.967926,-37.8234],[144.968692,-37.823521],[144.968709,-37.823453],[144.967943,-37.823333],[144.967942,-37.823335],[144.967643,-37.823287]]],"type":"Polygon"},"properties":{"base_m":0.0,"date_captured":"2018-05-28","footprint_type":"Structure","structure_id":"802767","top_m":4.0},"type":"Feature"},{"geometry":{"coordinates":[[[144.96765,-37.830374],[144.967581,-37.830395],[144.967608,-37.830453],[144.967571,-37.830463],[144.967681,-37.830701],[144.967723,-37.830792],[144.967799,-37.83077],[144.9681,-37.830683],[144.968463,-37.830578],[144.968486,-37.830571],[144.968295,-37.830158],[144.967715,-37.830326],[144.967727,-37.830352],[144.96765,-37.830374]]],"type":"Polygon"},"properties":{"base_m":11.6,"date_captured":"2023-05-11","footprint_type":"Structure","structure_id":"819284","top_m":16.4},"type":"Feature"},{"geometry":{"coordinates":[[[144.96765,-37.830374],[144.967714,-37.830546],[144.967737,-37.830561],[144.967806,-37.830719],[144.9679,-37.83068],[144.967885,-37.830657],[144.967906,-37.830652],[144.967919,-37.83066],[144.968001,-37.830637],[144.967933,-37.83045],[144.967902,-37.830425],[144.967858,-37.830312],[144.96776,-37.830342],[144.967766,-37.830355],[144.967749,-37.83036],[144.967732,-37.83035],[144.96765,-37.830374]]],"type":"Polygon"},"properties":{"base_m":16.4,"date_captured":"2023-05-11","footprint_type":"Structure","structure_id":"819284","top_m":72.3},"type":"Feature"},{"geometry":{"coordinates":[[[144.967662,-37.830132],[144.967581,-37.830156],[144.96757,-37.830132],[144.967541,-37.83014],[144.967558,-37.830176],[144.96745,-37.830208],[144.967434,-37.830172],[144.967405,-37.83018],[144.967415,-37.830203],[144.967338,-37.830226],[144.967407,-37.830377],[144.967732,-37.830283],[144.967662,-37.830132]]],"type":"Polygon"},"properties":{"base_m":0.0,"date_captured":"2018-05-28","footprint_type":"Structure","structure_id":"811677","top_m":4.0},"type":"Feature"},{"geometry":{"coordinates":[[[144.967681,-37.830701],[144.967723,-37.830792],[144.967799,-37.83077],[144.967765,-37.830697],[144.967734,-37.830706],[144.967726,-37.830688],[144.967681,-37.830701]]],"type":"Polygon"},"properties":{"base_m":0.0,"date_captured":"2023-05-11","footprint_type":"Structure","structure_id":"807842","top_m":6.4},"type":"Feature"},{"geometry":{"coordinates":[[[144.967682,-37.827426],[144.967663,-37.827422],[144.967648,-37.827473],[144.967629,-37.82747],[144.967628,-37.82747],[144.967627,-37.827471],[144.967626,-37.827473],[144.967624,-37.827474],[144.967623,-37.827475],[144.967622,-37.827477],[144.967622,-37.827478],[144.967621,-37.82748],[144.967621,-37.82748],[144.96762,-37.827482],[144.96762,-37.827484],[144.96762,-37.827485],[144.967619,-37.827487],[144.96762,-37.827489],[144.96762,-37.82749],[144.96762,-37.827492],[144.96762,-37.827494],[144.967621,-37.827495],[144.96764,-37.827499],[144.967612,-37.827592],[144.967591,-37.827589],[144.967591,-37.827589],[144.96759,-37.82759],[144.967588,-37.827591],[144.967587,-37.827593],[144.967586,-37.827594],[144.967585,-37.827596],[144.967584,-37.827597],[144.967584,-37.827599],[144.967584,-37.827599],[144.967583,-37.827601],[144.967583,-37.827603],[144.967582,-37.827604],[144.967582,-37.827606],[144.967582,-37.827608],[144.967582,-37.827609],[144.967583,-37.827611],[144.967583,-37.827612],[144.967584,-37.827614],[144.967604,-37.827618],[144.967576,-37.827712],[144.967555,-37.827708],[144.967555,-37.827708],[144.967553,-37.82771],[144.967552,-37.827711],[144.967551,-37.827712],[144.96755,-37.827714],[144.967549,-37.827715],[144.967548,-37.827717],[144.967548,-37.827718],[144.967547,-37.827719],[144.967547,-37.827721],[144.967546,-37.827722],[144.967546,-37.827724],[144.967546,-37.827725],[144.967546,-37.827727],[144.967546,-37.827729],[144.967547,-37.82773],[144.967547,-37.827732],[144.967547,-37.827734],[144.967568,-37.827737],[144.967553,-37.827785],[144.967568,-37.827788],[144.967553,-37.827835],[144.96753,-37.82783],[144.96753,-37.827831],[144.967529,-37.827832],[144.967527,-37.827833],[144.967526,-37.827835],[144.967525,-37.827836],[144.967524,-37.827838],[144.967524,-37.827839],[144.967523,-37.827841],[144.967523,-37.827841],[144.967522,-37.827843],[144.967522,-37.827844],[144.967522,-37.827846],[144.967521,-37.827848],[144.967521,-37.827849],[144.967522,-37.827851],[144.967522,-37.827853],[144.967522,-37.827854],[144.967523,-37.827856],[144.967546,-37.82786],[144.967532,-37.827907],[144.967687,-37.827936],[144.967724,-37.827816],[144.967713,-37.827814],[144.967822,-37.827452],[144.967764,-37.827441],[144.967682,-37.827426]]],"type":"Polygon"},"properties":{"base_m":0.0,"date_captured":"2018-05-28","footprint_type":"Structure","structure_id":"805283","top_m":13.0},"type":"Feature"},{"geometry":{"coordinates":[[[144.967703,-37.825172],[144.967309,-37.825097],[144.967197,-37.825464],[144.967181,-37.825517],[144.967335,-37.825546],[144.967351,-37.825493],[144.967418,-37.825506],[144.967435,-37.82545],[144.96744,-37.825451],[144.967457,-37.825393],[144.967627,-37.825425],[144.967703,-37.825172]]],"type":"Polygon"},"properties":{"base_m":0.0,"date_captured":"2018-05-28","footprint_type":"Structure","structure_id":"817807","top_m":7.0},"type":"Feature"},{"geometry":{"coordinates":[[[144.967717,-37.824775],[144.967669,-37.82482],[144.967844,-37.824941],[144.967871,-37.824947],[144.967882,-37.824907],[144.967965,-37.824822],[144.967717,-37.824775]]],"type":"Polygon"},"properties":{"base_m":0.0,"date_captured":"2022-01-20","footprint_type":"Structure","structure_id":"817808","top_m":10.3},"type":"Feature"},{"geometry":{"coordinates":[[[144.967718,-37.820606],[144.96763,-37.820596],[144.967298,-37.820557],[144.967293,-37.820583],[144.967289,-37.820607],[144.967256,-37.820604],[144.967196,-37.820597],[144.967128,-37.820651],[144.967129,-37.820652],[144.967341,-37.820827],[144.967417,-37.820889],[144.967499,-37.820829],[144.967676,-37.82085],[144.967692,-37.820764],[144.967773,-37.820773],[144.967775,-37.820761],[144.967801,-37.820764],[144.967816,-37.82068],[144.967815,-37.820679],[144.96779,-37.820676],[144.967791,-37.820667],[144.967709,-37.820657],[144.967718,-37.820606]]],"type":"Polygon"},"properties":{"base_m":0.0,"date_captured":"2018-05-28","footprint_type":"Structure","structure_id":"810909","top_m":9.5},"type":"Feature"},{"geometry":{"coordinates":[[[144.967718,-37.820606],[144.96763,-37.820596],[144.967298,-37.820557],[144.967293,-37.820583],[144.967289,-37.820607],[144.967256,-37.820604],[144.967237,-37.820709],[144.967515,-37.820741],[144.967499,-37.820829],[144.967676,-37.82085],[144.967692,-37.820764],[144.967773,-37.820773],[144.967775,-37.820761],[144.967801,-37.820764],[144.967816,-37.82068],[144.967815,-37.820679],[144.96779,-37.820676],[144.967791,-37.820667],[144.967709,-37.820657],[144.967718,-37.820606]]],"type":"Polygon"},"properties":{"base_m":9.5,"date_captured":"2018-05-28","footprint_type":"Structure","structure_id":"810909","top_m":51.0},"type":"Feature"},{"geometry":{"coordinates":[[[144.967718,-37.820606],[144.96763,-37.820596],[144.967625,-37.820622],[144.967621,-37.820646],[144.967289,-37.820607],[144.967256,-37.820604],[144.967237,-37.820709],[144.967515,-37.820741],[144.967499,-37.820829],[144.967676,-37.82085],[144.967692,-37.820764],[144.967773,-37.820773],[144.967775,-37.820761],[144.967801,-37.820764],[144.967816,-37.82068],[144.967815,-37.820679],[144.96779,-37.820676],[144.967791,-37.820667],[144.967709,-37.820657],[144.967718,-37.820606]]],"type":"Polygon"},"properties":{"base_m":55.0,"date_captured":"2018-05-28","footprint_type":"Structure","structure_id":"810909","top_m":58.5},"type":"Feature"},{"geometry":{"coordinates":[[[144.967723,-37.830792],[144.967533,-37.830379],[144.967277,-37.830453],[144.967306,-37.830516],[144.967305,-37.830517],[144.9673,-37.830529],[144.967297,-37.830541],[144.967294,-37.830553],[144.967292,-37.830565],[144.967291,-37.830577],[144.96729,-37.830589],[144.967291,-37.830603],[144.967293,-37.830618],[144.967296,-37.830632],[144.9673,-37.830647],[144.967304,-37.830661],[144.967309,-37.830675],[144.967316,-37.830689],[144.967323,-37.830702],[144.967331,-37.830715],[144.96734,-37.830728],[144.967349,-37.830741],[144.967359,-37.830753],[144.96737,-37.830765],[144.967373,-37.830767],[144.967381,-37.830776],[144.96739,-37.830784],[144.9674,-37.830791],[144.96741,-37.830798],[144.967421,-37.830805],[144.967433,-37.83081],[144.967444,-37.830816],[144.967468,-37.830867],[144.967723,-37.830792]]],"type":"Polygon"},"properties":{"base_m":0.0,"date_captured":"2018-05-28","footprint_type":"Structure","structure_id":"807842","top_m":18.0},"type":"Feature"},{"geometry":{"coordinates":[[[144.967732,-37.825019],[144.967352,-37.824946],[144.96731,-37.824938],[144.967105,-37.824899],[144.967073,-37.825004],[144.96706,-37.825049],[144.967046,-37.825094],[144.966989,-37.825282],[144.967001,-37.825284],[144.966996,-37.8253],[144.966984,-37.825298],[144.966932,-37.82547],[144.967137,-37.825509],[144.967189,-37.825337],[144.96725,-37.825134],[144.967264,-37.825089],[144.967278,-37.825043],[144.96732,-37.825051],[144.967343,-37.825056],[144.9677,-37.825123],[144.967732,-37.825019]]],"type":"Polygon"},"properties":{"base_m":0.0,"date_captured":"2018-05-28","footprint_type":"Structure","structure_id":"817809","top_m":5.0},"type":"Feature"},{"geometry":{"coordinates":[[[144.967732,-37.828092],[144.967701,-37.828086],[144.967689,-37.828125],[144.967717,-37.82813],[144.967719,-37.828123],[144.967723,-37.828123],[144.967732,-37.828092]]],"type":"Polygon"},"properties":{"base_m":24.0,"date_captured":"2018-05-28","footprint_type":"Structure","structure_id":"805286","top_m":25.5},"type":"Feature"},{"geometry":{"coordinates":[[[144.967733,-37.821655],[144.96736,-37.821584],[144.967156,-37.82226],[144.967197,-37.822268],[144.967169,-37.822359],[144.967165,-37.822372],[144.967271,-37.822392],[144.967281,-37.822358],[144.967505,-37.822253],[144.96755,-37.822262],[144.967574,-37.822183],[144.967542,-37.822177],[144.967689,-37.821689],[144.967721,-37.821696],[144.967733,-37.821655]]],"type":"Polygon"},"properties":{"base_m":20.0,"date_captured":"2018-05-28","footprint_type":"Structure","structure_id":"809199","top_m":23.0},"type":"Feature"},{"geometry":{"coordinates":[[[144.967759,-37.829383],[144.967749,-37.829361],[144.967386,-37.829467],[144.967404,-37.829505],[144.967433,-37.829569],[144.967797,-37.829464],[144.967759,-37.829383]]],"type":"Polygon"},"properties":{"base_m":3.0,"date_captured":"2018-05-28","footprint_type":"Structure","structure_id":"801154","top_m":8.5},"type":"Feature"},{"geometry":{"coordinates":[[[144.967762,-37.823816],[144.967499,-37.823766],[144.967482,-37.823823],[144.967433,-37.823813],[144.96732,-37.824186],[144.967535,-37.824227],[144.967694,-37.824257],[144.967773,-37.823995],[144.967849,-37.823953],[144.96779,-37.823883],[144.967787,-37.823882],[144.967744,-37.823874],[144.967762,-37.823816]]],"type":"Polygon"},"properties":{"base_m":21.5,"date_captured":"2018-05-28","footprint_type":"Structure","structure_id":"814309","top_m":28.0},"type":"Feature"},{"geometry":{"coordinates":[[[144.967773,-37.823995],[144.967849,-37.823953],[144.96779,-37.823883],[144.967787,-37.823882],[144.967796,-37.82385],[144.967804,-37.823824],[144.967762,-37.823816],[144.967499,-37.823766],[144.96745,-37.823756],[144.967433,-37.823813],[144.96732,-37.824186],[144.967535,-37.824227],[144.967694,-37.824257],[144.967773,-37.823995]]],"type":"Polygon"},"properties":{"base_m":17.5,"date_captured":"2018-05-28","footprint_type":"Structure","structure_id":"814309","top_m":21.5},"type":"Feature"},{"geometry":{"coordinates":[[[144.967793,-37.82806],[144.967797,-37.828044],[144.967734,-37.828032],[144.967725,-37.828063],[144.967735,-37.828065],[144.967732,-37.828075],[144.967634,-37.828056],[144.967626,-37.828084],[144.9676,-37.828079],[144.967598,-37.828082],[144.967594,-37.828087],[144.96759,-37.828092],[144.967587,-37.828097],[144.967584,-37.828102],[144.967582,-37.828107],[144.96758,-37.828113],[144.96758,-37.828115],[144.967578,-37.828121],[144.967577,-37.828126],[144.967577,-37.828132],[144.967577,-37.828138],[144.967578,-37.828143],[144.967578,-37.828149],[144.967605,-37.828154],[144.967595,-37.828185],[144.967694,-37.828204],[144.967692,-37.828211],[144.967682,-37.828209],[144.967672,-37.828241],[144.967734,-37.828253],[144.96774,-37.828235],[144.967859,-37.828258],[144.967854,-37.828274],[144.967856,-37.828275],[144.967865,-37.82828],[144.967873,-37.828285],[144.967883,-37.828289],[144.967892,-37.828293],[144.967902,-37.828296],[144.967911,-37.828299],[144.967922,-37.828301],[144.967925,-37.828301],[144.967935,-37.828303],[144.967945,-37.828304],[144.967956,-37.828304],[144.967966,-37.828304],[144.967977,-37.828304],[144.967987,-37.828303],[144.967997,-37.828301],[144.968002,-37.828285],[144.968121,-37.828308],[144.968115,-37.828325],[144.96818,-37.828338],[144.96819,-37.828306],[144.96818,-37.828304],[144.968182,-37.828296],[144.968279,-37.828315],[144.968288,-37.828285],[144.968312,-37.82829],[144.968313,-37.828289],[144.968317,-37.828285],[144.968321,-37.828281],[144.968324,-37.828276],[144.968327,-37.828271],[144.968329,-37.828267],[144.968332,-37.828262],[144.968333,-37.828257],[144.968334,-37.828255],[144.968335,-37.82825],[144.968336,-37.828245],[144.968336,-37.82824],[144.968336,-37.828235],[144.968336,-37.82823],[144.968335,-37.828225],[144.968334,-37.82822],[144.96831,-37.828215],[144.968318,-37.828186],[144.968221,-37.828167],[144.968224,-37.828158],[144.968233,-37.82816],[144.968242,-37.828129],[144.968179,-37.828117],[144.968175,-37.828133],[144.968057,-37.828111],[144.968061,-37.828098],[144.96806,-37.828097],[144.968052,-37.828093],[144.968045,-37.828088],[144.968037,-37.828084],[144.968029,-37.82808],[144.96802,-37.828077],[144.968011,-37.828074],[144.968002,-37.828071],[144.967993,-37.828069],[144.967991,-37.828069],[144.967981,-37.828067],[144.967972,-37.828066],[144.967962,-37.828066],[144.967952,-37.828066],[144.967943,-37.828066],[144.967933,-37.828067],[144.967924,-37.828068],[144.967915,-37.82807],[144.967911,-37.828083],[144.967793,-37.82806]]],"type":"Polygon"},"properties":{"base_m":0.0,"date_captured":"2018-05-28","footprint_type":"Structure","structure_id":"805286","top_m":24.0},"type":"Feature"},{"geometry":{"coordinates":[[[144.967809,-37.830581],[144.967844,-37.830571],[144.967821,-37.830523],[144.967786,-37.830534],[144.967809,-37.830581]]],"type":"Polygon"},"properties":{"base_m":76.1,"date_captured":"2023-05-11","footprint_type":"Structure","structure_id":"819284","top_m":76.5},"type":"Feature"},{"geometry":{"coordinates":[[[144.967823,-37.82698],[144.967818,-37.826979],[144.967787,-37.827081],[144.96776,-37.827076],[144.967738,-37.82715],[144.967861,-37.827173],[144.96787,-37.827144],[144.967883,-37.827101],[144.967866,-37.827097],[144.967886,-37.827029],[144.967897,-37.826994],[144.967842,-37.826984],[144.967823,-37.82698]]],"type":"Polygon"},"properties":{"base_m":0.0,"date_captured":"2018-05-28","footprint_type":"Structure","structure_id":"811556","top_m":16.5},"type":"Feature"},{"geometry":{"coordinates":[[[144.96783,-37.824169],[144.96787,-37.824025],[144.967915,-37.823873],[144.967924,-37.823846],[144.967804,-37.823824],[144.967762,-37.823816],[144.967499,-37.823766],[144.96745,-37.823756],[144.967433,-37.823813],[144.96732,-37.824186],[144.967311,-37.824217],[144.967273,-37.82421],[144.967263,-37.824241],[144.967295,-37.824263],[144.967297,-37.824263],[144.967275,-37.824335],[144.967641,-37.824404],[144.967693,-37.824414],[144.967714,-37.824343],[144.967774,-37.824354],[144.96783,-37.824169]]],"type":"Polygon"},"properties":{"base_m":0.0,"date_captured":"2018-05-28","footprint_type":"Structure","structure_id":"814309","top_m":9.5},"type":"Feature"},{"geometry":{"coordinates":[[[144.96783,-37.824169],[144.96787,-37.824025],[144.967915,-37.823873],[144.967924,-37.823846],[144.967804,-37.823824],[144.967762,-37.823816],[144.967499,-37.823766],[144.96745,-37.823756],[144.967433,-37.823813],[144.96732,-37.824186],[144.967311,-37.824217],[144.967273,-37.82421],[144.967263,-37.824241],[144.967295,-37.824263],[144.967297,-37.824263],[144.967511,-37.824304],[144.967714,-37.824343],[144.967774,-37.824354],[144.96783,-37.824169]]],"type":"Polygon"},"properties":{"base_m":9.5,"date_captured":"2018-05-28","footprint_type":"Structure","structure_id":"814309","top_m":13.0},"type":"Feature"},{"geometry":{"coordinates":[[[144.96783,-37.827274],[144.967831,-37.82727],[144.967708,-37.827246],[144.967686,-37.82732],[144.967712,-37.827325],[144.967682,-37.827426],[144.967764,-37.827441],[144.967774,-37.827407],[144.967794,-37.82734],[144.967809,-37.827342],[144.967822,-37.8273],[144.96783,-37.827274]]],"type":"Polygon"},"properties":{"base_m":0.0,"date_captured":"2018-05-28","footprint_type":"Structure","structure_id":"811555","top_m":16.5},"type":"Feature"},{"geometry":{"coordinates":[[[144.967853,-37.830341],[144.96777,-37.830363],[144.967785,-37.830399],[144.967769,-37.830403],[144.96776,-37.830383],[144.967683,-37.830406],[144.967728,-37.830526],[144.967758,-37.830558],[144.967806,-37.830662],[144.967976,-37.830613],[144.967915,-37.830454],[144.967884,-37.830423],[144.967853,-37.830341]]],"type":"Polygon"},"properties":{"base_m":72.3,"date_captured":"2023-05-11","footprint_type":"Structure","structure_id":"819284","top_m":76.1},"type":"Feature"},{"geometry":{"coordinates":[[[144.967882,-37.827311],[144.967856,-37.827306],[144.96783,-37.827274],[144.967822,-37.8273],[144.967809,-37.827342],[144.967794,-37.82734],[144.967774,-37.827407],[144.967849,-37.827421],[144.967882,-37.827311]]],"type":"Polygon"},"properties":{"base_m":2.0,"date_captured":"2018-05-28","footprint_type":"Structure","structure_id":"811555","top_m":15.0},"type":"Feature"},{"geometry":{"coordinates":[[[144.967908,-37.829263],[144.967861,-37.82916],[144.96768,-37.829213],[144.967727,-37.829315],[144.967908,-37.829263]]],"type":"Polygon"},"properties":{"base_m":0.0,"date_captured":"2018-05-28","footprint_type":"Structure","structure_id":"801153","top_m":8.0},"type":"Feature"},{"geometry":{"coordinates":[[[144.967912,-37.824481],[144.967635,-37.824423],[144.967591,-37.824568],[144.967579,-37.824608],[144.967539,-37.824741],[144.967732,-37.824778],[144.967974,-37.824824],[144.968,-37.824829],[144.968152,-37.824858],[144.968211,-37.824664],[144.968232,-37.824668],[144.968256,-37.824588],[144.968235,-37.824584],[144.968251,-37.824529],[144.968018,-37.824485],[144.968013,-37.824502],[144.967912,-37.824481]]],"type":"Polygon"},"properties":{"base_m":11.0,"date_captured":"2018-05-28","footprint_type":"Structure","structure_id":"817808","top_m":18.0},"type":"Feature"},{"geometry":{"coordinates":[[[144.967915,-37.823873],[144.967796,-37.82385],[144.967804,-37.823824],[144.967762,-37.823816],[144.967499,-37.823766],[144.96745,-37.823756],[144.967433,-37.823813],[144.96732,-37.824186],[144.967535,-37.824227],[144.967511,-37.824304],[144.967714,-37.824343],[144.967774,-37.824354],[144.96783,-37.824169],[144.967803,-37.824164],[144.967846,-37.82402],[144.96787,-37.824025],[144.967915,-37.823873]]],"type":"Polygon"},"properties":{"base_m":13.0,"date_captured":"2018-05-28","footprint_type":"Structure","structure_id":"814309","top_m":17.5},"type":"Feature"},{"geometry":{"coordinates":[[[144.967934,-37.825656],[144.967979,-37.825508],[144.968059,-37.825242],[144.967771,-37.825188],[144.967678,-37.825496],[144.967126,-37.825657],[144.967137,-37.825622],[144.9669,-37.825577],[144.966798,-37.825916],[144.966787,-37.825914],[144.966768,-37.825977],[144.96687,-37.825996],[144.966887,-37.825939],[144.966966,-37.825954],[144.967205,-37.825884],[144.967912,-37.825678],[144.967934,-37.825656]]],"type":"Polygon"},"properties":{"base_m":0.0,"date_captured":"2018-05-28","footprint_type":"Structure","structure_id":"817806","top_m":5.5},"type":"Feature"},{"geometry":{"coordinates":[[[144.967934,-37.825656],[144.967979,-37.825508],[144.968059,-37.825242],[144.967771,-37.825188],[144.967678,-37.825496],[144.967126,-37.825657],[144.967137,-37.825622],[144.9669,-37.825577],[144.966798,-37.825916],[144.966796,-37.825922],[144.966887,-37.825939],[144.966966,-37.825954],[144.967205,-37.825884],[144.967912,-37.825678],[144.967934,-37.825656]]],"type":"Polygon"},"properties":{"base_m":5.5,"date_captured":"2018-05-28","footprint_type":"Structure","structure_id":"817806","top_m":7.5},"type":"Feature"},{"geometry":{"coordinates":[[[144.967962,-37.827044],[144.967886,-37.827029],[144.967866,-37.827097],[144.967883,-37.827101],[144.96787,-37.827144],[144.967861,-37.827173],[144.967908,-37.827151],[144.967929,-37.827155],[144.967962,-37.827044]]],"type":"Polygon"},"properties":{"base_m":2.0,"date_captured":"2018-05-28","footprint_type":"Structure","structure_id":"811556","top_m":15.0},"type":"Feature"},{"geometry":{"coordinates":[[[144.967976,-37.829412],[144.967939,-37.829331],[144.967759,-37.829383],[144.967797,-37.829464],[144.967807,-37.829485],[144.967986,-37.829433],[144.967976,-37.829412]]],"type":"Polygon"},"properties":{"base_m":3.0,"date_captured":"2018-05-28","footprint_type":"Structure","structure_id":"801154","top_m":9.0},"type":"Feature"},{"geometry":{"coordinates":[[[144.967989,-37.828192],[144.967929,-37.828181],[144.96792,-37.82821],[144.96798,-37.828222],[144.967989,-37.828192]]],"type":"Polygon"},"properties":{"base_m":24.0,"date_captured":"2018-05-28","footprint_type":"Structure","structure_id":"805286","top_m":27.5},"type":"Feature"},{"geometry":{"coordinates":[[[144.968001,-37.820415],[144.968024,-37.820414],[144.968046,-37.820411],[144.968068,-37.820408],[144.968089,-37.820403],[144.96811,-37.820397],[144.968123,-37.820393],[144.968144,-37.820385],[144.968163,-37.820376],[144.968182,-37.820367],[144.9682,-37.820356],[144.968217,-37.820345],[144.968233,-37.820333],[144.968248,-37.82032],[144.968263,-37.820306],[144.968276,-37.820292],[144.968287,-37.820277],[144.968298,-37.820261],[144.968308,-37.820245],[144.968316,-37.820229],[144.968322,-37.820212],[144.968328,-37.820195],[144.968332,-37.820177],[144.968335,-37.82016],[144.968336,-37.820142],[144.968336,-37.820124],[144.968334,-37.820107],[144.968331,-37.820089],[144.968328,-37.820074],[144.968322,-37.820057],[144.968316,-37.82004],[144.968307,-37.820024],[144.968298,-37.820007],[144.968287,-37.819992],[144.968276,-37.819977],[144.968262,-37.819963],[144.968248,-37.819949],[144.968233,-37.819936],[144.968217,-37.819924],[144.9682,-37.819912],[144.968182,-37.819902],[144.968163,-37.819892],[144.968143,-37.819884],[144.968123,-37.819876],[144.968103,-37.81987],[144.968081,-37.819864],[144.96806,-37.819859],[144.968038,-37.819856],[144.968016,-37.819854],[144.967993,-37.819853],[144.967971,-37.819853],[144.967949,-37.819854],[144.967927,-37.819856],[144.967905,-37.819859],[144.967883,-37.819863],[144.967862,-37.819869],[144.967847,-37.819873],[144.967827,-37.81988],[144.967807,-37.819889],[144.967788,-37.819898],[144.96777,-37.819908],[144.967752,-37.819919],[144.967736,-37.819931],[144.96772,-37.819943],[144.967706,-37.819957],[144.967692,-37.819971],[144.96768,-37.819986],[144.967669,-37.820001],[144.967659,-37.820017],[144.96765,-37.820033],[144.967643,-37.82005],[144.967637,-37.820067],[144.967633,-37.820085],[144.967629,-37.820102],[144.967628,-37.82012],[144.967627,-37.820137],[144.967628,-37.820155],[144.967631,-37.820173],[144.967634,-37.82019],[144.967639,-37.820207],[144.967643,-37.820218],[144.967651,-37.820235],[144.967659,-37.820251],[144.967669,-37.820267],[144.967681,-37.820283],[144.967693,-37.820297],[144.967706,-37.820311],[144.967721,-37.820325],[144.967737,-37.820337],[144.967753,-37.820349],[144.967771,-37.82036],[144.967789,-37.82037],[144.967808,-37.82038],[144.967828,-37.820388],[144.967848,-37.820395],[144.967869,-37.820401],[144.967891,-37.820406],[144.967912,-37.82041],[144.967934,-37.820413],[144.967957,-37.820415],[144.967979,-37.820416],[144.968001,-37.820415]]],"type":"Polygon"},"properties":{"base_m":5.8,"date_captured":"2023-05-11","footprint_type":"Structure","structure_id":"813491","top_m":15.7},"type":"Feature"},{"geometry":{"coordinates":[[[144.968002,-37.828285],[144.968005,-37.828275],[144.967862,-37.828247],[144.967859,-37.828258],[144.967854,-37.828274],[144.967856,-37.828275],[144.967865,-37.82828],[144.967873,-37.828285],[144.967883,-37.828289],[144.967892,-37.828293],[144.967902,-37.828296],[144.967911,-37.828299],[144.967922,-37.828301],[144.967925,-37.828301],[144.967935,-37.828303],[144.967945,-37.828304],[144.967956,-37.828304],[144.967966,-37.828304],[144.967977,-37.828304],[144.967987,-37.828303],[144.967997,-37.828301],[144.968002,-37.828285]]],"type":"Polygon"},"properties":{"base_m":24.0,"date_captured":"2018-05-28","footprint_type":"Structure","structure_id":"805286","top_m":27.0},"type":"Feature"},{"geometry":{"coordinates":[[[144.968006,-37.82483],[144.968106,-37.824502],[144.968018,-37.824485],[144.968013,-37.824502],[144.967912,-37.824481],[144.967635,-37.824423],[144.967591,-37.824568],[144.967579,-37.824608],[144.967539,-37.824741],[144.967732,-37.824778],[144.967974,-37.824824],[144.968,-37.824829],[144.968006,-37.82483]]],"type":"Polygon"},"properties":{"base_m":0.0,"date_captured":"2022-01-20","footprint_type":"Structure","structure_id":"817808","top_m":18.0},"type":"Feature"},{"geometry":{"coordinates":[[[144.968012,-37.820449],[144.968053,-37.820444],[144.968089,-37.820437],[144.968132,-37.820425],[144.968174,-37.82041],[144.968213,-37.82039],[144.968249,-37.820368],[144.968262,-37.820359],[144.968289,-37.820336],[144.968313,-37.82031],[144.968334,-37.820282],[144.968351,-37.820253],[144.968364,-37.820223],[144.968366,-37.820217],[144.968375,-37.820184],[144.968379,-37.82015],[144.968379,-37.820116],[144.968374,-37.820083],[144.968365,-37.82005],[144.968355,-37.820025],[144.968338,-37.819994],[144.968316,-37.819964],[144.968291,-37.819936],[144.968262,-37.819911],[144.96823,-37.819888],[144.968227,-37.819886],[144.968191,-37.819866],[144.968152,-37.81985],[144.968111,-37.819837],[144.968069,-37.819827],[144.968026,-37.819821],[144.968018,-37.81982],[144.967956,-37.819821],[144.967896,-37.819827],[144.967858,-37.819833],[144.967707,-37.819856],[144.967642,-37.819865],[144.967573,-37.819876],[144.967485,-37.819889],[144.967468,-37.819892],[144.967451,-37.819896],[144.967434,-37.819902],[144.967428,-37.819904],[144.967413,-37.819912],[144.967399,-37.81992],[144.967386,-37.81993],[144.967375,-37.819941],[144.967365,-37.819953],[144.967357,-37.819965],[144.967354,-37.819971],[144.967349,-37.819982],[144.967345,-37.819994],[144.967343,-37.820006],[144.967342,-37.820018],[144.967343,-37.820031],[144.967346,-37.820043],[144.967349,-37.82005],[144.967353,-37.820062],[144.96736,-37.820073],[144.967367,-37.820084],[144.967376,-37.820094],[144.96738,-37.820098],[144.967446,-37.820153],[144.967612,-37.820288],[144.967698,-37.820356],[144.967741,-37.820383],[144.967787,-37.820407],[144.967837,-37.820426],[144.967887,-37.820441],[144.967928,-37.820447],[144.96797,-37.82045],[144.968012,-37.820449]]],"type":"Polygon"},"properties":{"base_m":0.0,"date_captured":"2023-05-11","footprint_type":"Structure","structure_id":"813491","top_m":5.8},"type":"Feature"},{"geometry":{"coordinates":[[[144.968013,-37.820355],[144.968042,-37.820351],[144.96807,-37.820345],[144.968097,-37.820337],[144.968123,-37.820326],[144.968148,-37.820313],[144.96817,-37.820298],[144.968191,-37.820282],[144.968209,-37.820263],[144.968225,-37.820244],[144.968238,-37.820223],[144.968248,-37.820201],[144.968255,-37.820179],[144.96826,-37.820156],[144.968261,-37.820132],[144.968259,-37.820109],[144.968254,-37.820086],[144.968246,-37.820064],[144.968236,-37.820042],[144.968226,-37.820026],[144.96821,-37.820007],[144.968192,-37.819988],[144.968172,-37.819972],[144.968149,-37.819957],[144.968125,-37.819944],[144.968099,-37.819933],[144.968072,-37.819924],[144.968044,-37.819918],[144.968015,-37.819914],[144.967986,-37.819912],[144.967957,-37.819913],[144.967928,-37.819916],[144.967899,-37.819922],[144.967872,-37.81993],[144.967845,-37.81994],[144.96782,-37.819952],[144.967797,-37.819967],[144.967776,-37.819983],[144.967757,-37.82],[144.967741,-37.82002],[144.967727,-37.82004],[144.967716,-37.820062],[144.967708,-37.820084],[144.967703,-37.820107],[144.967701,-37.82013],[144.967702,-37.820153],[144.967706,-37.820176],[144.967713,-37.820199],[144.967723,-37.820221],[144.967726,-37.820227],[144.96774,-37.820247],[144.967756,-37.820267],[144.967775,-37.820285],[144.967796,-37.820301],[144.967819,-37.820315],[144.967843,-37.820328],[144.96787,-37.820338],[144.967897,-37.820346],[144.967925,-37.820352],[144.967954,-37.820356],[144.967984,-37.820357],[144.968013,-37.820355]]],"type":"Polygon"},"properties":{"base_m":15.7,"date_captured":"2023-05-11","footprint_type":"Structure","structure_id":"813491","top_m":18.8},"type":"Feature"},{"geometry":{"coordinates":[[[144.968019,-37.829103],[144.967981,-37.82902],[144.967877,-37.82905],[144.967915,-37.829133],[144.968019,-37.829103]]],"type":"Polygon"},"properties":{"base_m":0.0,"date_captured":"2018-05-28","footprint_type":"Structure","structure_id":"801155","top_m":5.5},"type":"Feature"},{"geometry":{"coordinates":[[[144.96802,-37.828364],[144.967904,-37.828342],[144.967877,-37.828431],[144.967848,-37.828527],[144.968059,-37.828466],[144.96807,-37.828429],[144.968086,-37.828377],[144.96802,-37.828364]]],"type":"Polygon"},"properties":{"base_m":2.4,"date_captured":"2022-01-20","footprint_type":"Structure","structure_id":"818213","top_m":3.5},"type":"Feature"},{"geometry":{"coordinates":[[[144.968057,-37.828111],[144.968061,-37.828098],[144.96806,-37.828097],[144.968052,-37.828093],[144.968045,-37.828088],[144.968037,-37.828084],[144.968029,-37.82808],[144.96802,-37.828077],[144.968011,-37.828074],[144.968002,-37.828071],[144.967993,-37.828069],[144.967991,-37.828069],[144.967981,-37.828067],[144.967972,-37.828066],[144.967962,-37.828066],[144.967952,-37.828066],[144.967943,-37.828066],[144.967933,-37.828067],[144.967924,-37.828068],[144.967915,-37.82807],[144.967911,-37.828083],[144.967907,-37.828095],[144.968053,-37.828123],[144.968057,-37.828111]]],"type":"Polygon"},"properties":{"base_m":24.0,"date_captured":"2018-05-28","footprint_type":"Structure","structure_id":"805286","top_m":27.0},"type":"Feature"},{"geometry":{"coordinates":[[[144.968059,-37.828466],[144.96807,-37.828429],[144.968004,-37.828417],[144.96802,-37.828364],[144.967904,-37.828342],[144.967877,-37.828431],[144.968059,-37.828466]]],"type":"Polygon"},"properties":{"base_m":3.5,"date_captured":"2022-01-20","footprint_type":"Structure","structure_id":"818213","top_m":6.4},"type":"Feature"},{"geometry":{"coordinates":[[[144.968062,-37.827731],[144.968004,-37.82772],[144.967983,-37.827791],[144.96804,-37.827802],[144.968062,-37.827731]]],"type":"Polygon"},"properties":{"base_m":0.0,"date_captured":"2018-05-28","footprint_type":"Structure","structure_id":"805284","top_m":2.5},"type":"Feature"},{"geometry":{"coordinates":[[[144.968085,-37.828381],[144.968086,-37.828377],[144.96802,-37.828364],[144.967904,-37.828342],[144.967877,-37.828431],[144.967848,-37.828527],[144.968059,-37.828466],[144.96807,-37.828429],[144.968076,-37.828409],[144.968104,-37.828414],[144.968112,-37.828386],[144.968085,-37.828381]]],"type":"Polygon"},"properties":{"base_m":0.0,"date_captured":"2022-01-20","footprint_type":"Structure","structure_id":"818213","top_m":2.4},"type":"Feature"},{"geometry":{"coordinates":[[[144.968094,-37.826308],[144.967978,-37.826286],[144.967964,-37.82633],[144.968016,-37.82634],[144.968035,-37.826343],[144.968105,-37.826357],[144.968119,-37.826313],[144.968094,-37.826308]]],"type":"Polygon"},"properties":{"base_m":4.0,"date_captured":"2018-05-28","footprint_type":"Structure","structure_id":"803495","top_m":7.0},"type":"Feature"},{"geometry":{"coordinates":[[[144.968105,-37.826357],[144.968035,-37.826343],[144.968017,-37.826403],[144.967999,-37.826462],[144.967991,-37.826487],[144.967959,-37.826481],[144.967945,-37.826529],[144.967925,-37.826525],[144.967918,-37.826549],[144.967937,-37.826553],[144.967909,-37.826647],[144.967889,-37.826643],[144.967882,-37.826666],[144.967902,-37.82667],[144.967873,-37.826764],[144.967853,-37.82676],[144.967847,-37.826783],[144.967867,-37.826787],[144.967852,-37.826836],[144.967885,-37.826842],[144.967877,-37.826867],[144.967859,-37.826926],[144.967842,-37.826984],[144.967897,-37.826994],[144.967931,-37.827001],[144.96794,-37.82697],[144.968574,-37.82709],[144.968564,-37.827121],[144.968579,-37.827124],[144.968654,-37.827138],[144.968671,-37.827081],[144.968689,-37.827022],[144.968697,-37.826995],[144.968731,-37.827002],[144.968745,-37.826954],[144.968765,-37.826958],[144.968772,-37.826934],[144.968752,-37.82693],[144.96878,-37.826837],[144.9688,-37.826841],[144.968807,-37.826817],[144.968787,-37.826814],[144.968815,-37.826721],[144.968835,-37.826725],[144.968843,-37.8267],[144.968823,-37.826697],[144.968838,-37.826648],[144.968806,-37.826641],[144.968813,-37.826616],[144.96883,-37.82656],[144.968849,-37.826498],[144.968758,-37.826481],[144.968748,-37.826513],[144.968116,-37.826392],[144.968125,-37.826361],[144.968105,-37.826357]],[[144.968109,-37.826512],[144.96817,-37.826524],[144.968166,-37.826538],[144.968225,-37.82655],[144.968259,-37.826556],[144.968375,-37.826578],[144.96841,-37.826585],[144.968526,-37.826607],[144.96856,-37.826613],[144.96862,-37.826625],[144.968624,-37.82661],[144.968685,-37.826622],[144.968579,-37.826971],[144.968518,-37.826959],[144.968522,-37.826945],[144.968462,-37.826933],[144.968431,-37.826927],[144.968312,-37.826905],[144.968279,-37.826899],[144.968162,-37.826876],[144.968128,-37.82687],[144.96807,-37.826859],[144.968066,-37.826873],[144.968004,-37.826861],[144.968109,-37.826512]]],"type":"Polygon"},"properties":{"base_m":11.5,"date_captured":"2018-05-28","footprint_type":"Structure","structure_id":"818792","top_m":17.0},"type":"Feature"},{"geometry":{"coordinates":[[[144.968106,-37.824502],[144.968006,-37.82483],[144.968152,-37.824858],[144.96821,-37.824664],[144.968232,-37.824668],[144.968256,-37.824588],[144.968235,-37.824584],[144.968251,-37.824529],[144.968106,-37.824502]]],"type":"Polygon"},"properties":{"base_m":0.0,"date_captured":"2022-01-20","footprint_type":"Structure","structure_id":"817808","top_m":18.0},"type":"Feature"},{"geometry":{"coordinates":[[[144.968116,-37.826392],[144.968125,-37.826361],[144.968105,-37.826357],[144.968035,-37.826343],[144.968016,-37.82634],[144.967998,-37.8264],[144.967988,-37.826398],[144.96797,-37.826456],[144.967999,-37.826462],[144.967991,-37.826487],[144.967959,-37.826481],[144.967939,-37.826478],[144.967925,-37.826525],[144.967918,-37.826549],[144.967889,-37.826643],[144.967882,-37.826666],[144.967853,-37.82676],[144.967847,-37.826783],[144.967832,-37.826832],[144.967852,-37.826836],[144.967885,-37.826842],[144.967877,-37.826867],[144.967846,-37.826861],[144.967828,-37.82692],[144.967841,-37.826923],[144.967823,-37.82698],[144.967842,-37.826984],[144.967897,-37.826994],[144.967931,-37.827001],[144.96794,-37.82697],[144.968574,-37.82709],[144.968564,-37.827121],[144.968579,-37.827124],[144.968654,-37.827138],[144.968674,-37.827142],[144.968691,-37.827085],[144.968703,-37.827087],[144.968721,-37.827028],[144.968689,-37.827022],[144.968697,-37.826995],[144.968731,-37.827002],[144.96875,-37.827005],[144.968765,-37.826958],[144.968772,-37.826934],[144.9688,-37.826841],[144.968807,-37.826817],[144.968835,-37.826725],[144.968843,-37.8267],[144.968857,-37.826651],[144.968838,-37.826648],[144.968806,-37.826641],[144.968813,-37.826616],[144.968842,-37.826621],[144.968859,-37.826565],[144.968847,-37.826563],[144.968865,-37.826502],[144.968861,-37.826501],[144.968849,-37.826498],[144.968758,-37.826481],[144.968748,-37.826513],[144.968116,-37.826392]],[[144.968004,-37.826861],[144.968109,-37.826512],[144.96817,-37.826524],[144.968166,-37.826538],[144.968225,-37.82655],[144.968259,-37.826556],[144.968375,-37.826578],[144.96841,-37.826585],[144.968526,-37.826607],[144.96856,-37.826613],[144.96862,-37.826625],[144.968624,-37.82661],[144.968685,-37.826622],[144.968579,-37.826971],[144.968518,-37.826959],[144.968522,-37.826945],[144.968462,-37.826933],[144.968431,-37.826927],[144.968312,-37.826905],[144.968279,-37.826899],[144.968162,-37.826876],[144.968128,-37.82687],[144.96807,-37.826859],[144.968066,-37.826873],[144.968004,-37.826861]]],"type":"Polygon"},"properties":{"base_m":0.0,"date_captured":"2018-05-28","footprint_type":"Structure","structure_id":"818792","top_m":9.5},"type":"Feature"},{"geometry":{"coordinates":[[[144.968116,-37.826392],[144.968125,-37.826361],[144.968105,-37.826357],[144.968035,-37.826343],[144.968017,-37.826403],[144.967998,-37.8264],[144.967988,-37.826398],[144.96797,-37.826456],[144.967999,-37.826462],[144.967991,-37.826487],[144.967959,-37.826481],[144.967939,-37.826478],[144.967925,-37.826525],[144.967918,-37.826549],[144.967889,-37.826643],[144.967882,-37.826666],[144.967853,-37.82676],[144.967847,-37.826783],[144.967832,-37.826832],[144.967852,-37.826836],[144.967885,-37.826842],[144.967877,-37.826867],[144.967846,-37.826861],[144.967828,-37.82692],[144.967841,-37.826923],[144.967859,-37.826926],[144.967842,-37.826984],[144.967897,-37.826994],[144.967931,-37.827001],[144.96794,-37.82697],[144.968574,-37.82709],[144.968564,-37.827121],[144.968579,-37.827124],[144.968654,-37.827138],[144.968671,-37.827081],[144.968691,-37.827085],[144.968703,-37.827087],[144.968721,-37.827028],[144.968689,-37.827022],[144.968697,-37.826995],[144.968731,-37.827002],[144.96875,-37.827005],[144.968765,-37.826958],[144.968772,-37.826934],[144.9688,-37.826841],[144.968807,-37.826817],[144.968835,-37.826725],[144.968843,-37.8267],[144.968857,-37.826651],[144.968838,-37.826648],[144.968806,-37.826641],[144.968813,-37.826616],[144.968842,-37.826621],[144.968859,-37.826565],[144.968847,-37.826563],[144.96883,-37.82656],[144.968849,-37.826498],[144.968758,-37.826481],[144.968748,-37.826513],[144.968116,-37.826392]],[[144.968004,-37.826861],[144.968109,-37.826512],[144.96817,-37.826524],[144.968166,-37.826538],[144.968225,-37.82655],[144.968259,-37.826556],[144.968375,-37.826578],[144.96841,-37.826585],[144.968526,-37.826607],[144.96856,-37.826613],[144.96862,-37.826625],[144.968624,-37.82661],[144.968685,-37.826622],[144.968579,-37.826971],[144.968518,-37.826959],[144.968522,-37.826945],[144.968462,-37.826933],[144.968431,-37.826927],[144.968312,-37.826905],[144.968279,-37.826899],[144.968162,-37.826876],[144.968128,-37.82687],[144.96807,-37.826859],[144.968066,-37.826873],[144.968004,-37.826861]]],"type":"Polygon"},"properties":{"base_m":9.5,"date_captured":"2018-05-28","footprint_type":"Structure","structure_id":"818792","top_m":11.5},"type":"Feature"},{"geometry":{"coordinates":[[[144.968124,-37.82621],[144.968128,-37.826196],[144.968087,-37.826189],[144.96808,-37.826212],[144.968099,-37.826216],[144.96809,-37.826248],[144.968111,-37.826252],[144.968094,-37.826308],[144.967978,-37.826286],[144.967964,-37.82633],[144.968016,-37.82634],[144.968035,-37.826343],[144.968105,-37.826357],[144.968125,-37.826361],[144.96871,-37.826472],[144.968758,-37.826481],[144.968849,-37.826498],[144.968861,-37.826501],[144.968865,-37.826502],[144.968906,-37.826509],[144.968919,-37.826465],[144.96889,-37.826459],[144.968906,-37.826405],[144.968936,-37.82641],[144.968949,-37.826367],[144.968124,-37.82621]]],"type":"Polygon"},"properties":{"base_m":0.0,"date_captured":"2018-05-28","footprint_type":"Structure","structure_id":"803495","top_m":4.0},"type":"Feature"},{"geometry":{"coordinates":[[[144.968124,-37.82621],[144.968128,-37.826196],[144.968087,-37.826189],[144.96808,-37.826212],[144.968099,-37.826216],[144.96809,-37.826248],[144.968111,-37.826252],[144.968124,-37.82621]]],"type":"Polygon"},"properties":{"base_m":4.0,"date_captured":"2018-05-28","footprint_type":"Structure","structure_id":"803495","top_m":6.0},"type":"Feature"},{"geometry":{"coordinates":[[[144.968141,-37.830232],[144.968043,-37.83026],[144.968099,-37.830367],[144.968099,-37.830401],[144.968198,-37.830577],[144.968277,-37.830555],[144.968282,-37.830541],[144.9683,-37.830537],[144.968309,-37.830563],[144.968412,-37.830543],[144.968339,-37.830394],[144.968336,-37.830362],[144.968248,-37.8302],[144.968168,-37.830224],[144.96816,-37.830242],[144.968147,-37.830245],[144.968141,-37.830232]]],"type":"Polygon"},"properties":{"base_m":22.8,"date_captured":"2023-05-11","footprint_type":"Structure","structure_id":"819284","top_m":72.3},"type":"Feature"},{"geometry":{"coordinates":[[[144.968194,-37.830547],[144.968362,-37.8305],[144.968312,-37.830394],[144.968312,-37.830356],[144.96825,-37.830242],[144.968174,-37.830262],[144.968183,-37.830283],[144.968163,-37.830289],[144.968148,-37.830255],[144.968068,-37.830279],[144.968109,-37.830358],[144.968112,-37.830397],[144.968194,-37.830547]]],"type":"Polygon"},"properties":{"base_m":72.3,"date_captured":"2023-05-11","footprint_type":"Structure","structure_id":"819284","top_m":76.1},"type":"Feature"},{"geometry":{"coordinates":[[[144.968236,-37.829891],[144.968244,-37.829889],[144.968201,-37.829795],[144.968191,-37.829775],[144.967803,-37.829888],[144.967812,-37.829908],[144.967722,-37.829934],[144.967686,-37.829944],[144.967673,-37.829948],[144.96771,-37.830028],[144.967759,-37.830014],[144.967765,-37.830027],[144.968058,-37.829941],[144.968095,-37.83002],[144.968096,-37.830022],[144.96773,-37.830128],[144.967735,-37.830138],[144.967688,-37.830152],[144.967726,-37.830234],[144.967773,-37.83022],[144.967782,-37.830239],[144.968332,-37.830079],[144.96828,-37.829968],[144.968273,-37.82997],[144.968236,-37.829891]]],"type":"Polygon"},"properties":{"base_m":11.0,"date_captured":"2018-05-28","footprint_type":"Structure","structure_id":"809124","top_m":13.5},"type":"Feature"},{"geometry":{"coordinates":[[[144.968236,-37.829891],[144.968244,-37.829889],[144.968201,-37.829795],[144.968191,-37.829775],[144.967803,-37.829888],[144.967812,-37.829908],[144.967722,-37.829934],[144.967759,-37.830014],[144.967765,-37.830027],[144.968058,-37.829941],[144.968095,-37.83002],[144.968096,-37.830022],[144.96773,-37.830128],[144.967735,-37.830138],[144.967773,-37.83022],[144.967782,-37.830239],[144.968332,-37.830079],[144.96828,-37.829968],[144.968273,-37.82997],[144.968236,-37.829891]]],"type":"Polygon"},"properties":{"base_m":13.5,"date_captured":"2018-05-28","footprint_type":"Structure","structure_id":"809124","top_m":45.0},"type":"Feature"},{"geometry":{"coordinates":[[[144.968236,-37.829891],[144.968244,-37.829889],[144.968201,-37.829795],[144.968191,-37.829775],[144.968153,-37.829692],[144.967675,-37.829831],[144.967722,-37.829934],[144.967686,-37.829944],[144.967684,-37.829941],[144.967601,-37.829965],[144.967688,-37.830152],[144.967726,-37.830234],[144.967746,-37.830279],[144.968295,-37.830119],[144.968344,-37.830105],[144.968332,-37.830079],[144.96828,-37.829968],[144.968273,-37.82997],[144.968236,-37.829891]]],"type":"Polygon"},"properties":{"base_m":0.0,"date_captured":"2018-05-28","footprint_type":"Structure","structure_id":"809124","top_m":11.0},"type":"Feature"},{"geometry":{"coordinates":[[[144.968237,-37.825427],[144.968291,-37.825378],[144.96861,-37.824339],[144.968568,-37.824331],[144.968237,-37.825427]]],"type":"Polygon"},"properties":{"base_m":0.3,"date_captured":"2022-01-20","footprint_type":"Structure","structure_id":"801424","top_m":7.2},"type":"Feature"},{"geometry":{"coordinates":[[[144.968242,-37.828189],[144.968213,-37.828183],[144.968201,-37.828223],[144.96823,-37.828228],[144.968242,-37.828189]]],"type":"Polygon"},"properties":{"base_m":24.0,"date_captured":"2018-05-28","footprint_type":"Structure","structure_id":"805286","top_m":25.5},"type":"Feature"},{"geometry":{"coordinates":[[[144.968256,-37.824454],[144.968306,-37.824463],[144.968321,-37.824414],[144.968323,-37.824407],[144.968331,-37.824383],[144.968347,-37.824386],[144.968399,-37.824214],[144.968383,-37.824211],[144.96845,-37.823994],[144.968456,-37.823995],[144.96848,-37.823918],[144.968459,-37.823915],[144.968406,-37.823906],[144.968402,-37.823921],[144.968127,-37.823878],[144.967924,-37.823846],[144.967915,-37.823873],[144.96787,-37.824025],[144.96783,-37.824169],[144.967774,-37.824354],[144.967772,-37.824362],[144.968256,-37.824454]]],"type":"Polygon"},"properties":{"base_m":5.9,"date_captured":"2023-05-11","footprint_type":"Structure","structure_id":"818482","top_m":15.1},"type":"Feature"},{"geometry":{"coordinates":[[[144.968261,-37.830448],[144.968295,-37.830438],[144.968274,-37.830392],[144.968239,-37.830402],[144.968261,-37.830448]]],"type":"Polygon"},"properties":{"base_m":76.1,"date_captured":"2023-05-11","footprint_type":"Structure","structure_id":"819284","top_m":76.8},"type":"Feature"},{"geometry":{"coordinates":[[[144.968267,-37.829255],[144.968249,-37.829216],[144.967929,-37.829309],[144.967939,-37.829331],[144.967976,-37.829412],[144.968297,-37.829319],[144.968267,-37.829255]]],"type":"Polygon"},"properties":{"base_m":3.0,"date_captured":"2018-05-28","footprint_type":"Structure","structure_id":"801154","top_m":9.0},"type":"Feature"},{"geometry":{"coordinates":[[[144.968273,-37.82997],[144.968236,-37.829891],[144.968244,-37.829889],[144.968201,-37.829795],[144.967812,-37.829908],[144.967722,-37.829934],[144.967759,-37.830014],[144.967765,-37.830027],[144.968058,-37.829941],[144.968095,-37.83002],[144.968096,-37.830022],[144.968273,-37.82997]]],"type":"Polygon"},"properties":{"base_m":45.0,"date_captured":"2018-05-28","footprint_type":"Structure","structure_id":"809124","top_m":48.5},"type":"Feature"},{"geometry":{"coordinates":[[[144.968297,-37.829319],[144.968313,-37.829355],[144.968732,-37.829233],[144.968667,-37.829094],[144.968637,-37.829103],[144.968626,-37.829106],[144.968644,-37.829145],[144.968267,-37.829255],[144.968297,-37.829319]]],"type":"Polygon"},"properties":{"base_m":3.0,"date_captured":"2018-05-28","footprint_type":"Structure","structure_id":"801154","top_m":9.5},"type":"Feature"},{"geometry":{"coordinates":[[[144.968317,-37.82675],[144.96825,-37.82667],[144.96819,-37.826702],[144.968257,-37.826781],[144.968317,-37.82675]]],"type":"Polygon"},"properties":{"base_m":0.0,"date_captured":"2022-01-20","footprint_type":"Structure","structure_id":"900454","top_m":3.9},"type":"Feature"},{"geometry":{"coordinates":[[[144.968322,-37.82759],[144.967868,-37.827504],[144.967833,-37.827618],[144.967892,-37.827629],[144.967887,-37.827649],[144.967921,-37.827656],[144.967927,-37.827637],[144.968043,-37.827659],[144.968038,-37.827677],[144.968074,-37.827684],[144.968079,-37.827666],[144.968195,-37.827688],[144.968189,-37.827706],[144.968222,-37.827712],[144.968227,-37.827695],[144.968287,-37.827707],[144.968322,-37.82759]]],"type":"Polygon"},"properties":{"base_m":0.0,"date_captured":"2018-05-28","footprint_type":"Structure","structure_id":"805285","top_m":13.0},"type":"Feature"},{"geometry":{"coordinates":[[[144.968323,-37.824407],[144.968331,-37.824383],[144.968347,-37.824386],[144.968399,-37.824214],[144.968383,-37.824211],[144.968403,-37.824149],[144.968416,-37.824154],[144.968441,-37.824068],[144.968429,-37.824063],[144.96845,-37.823994],[144.968456,-37.823995],[144.96848,-37.823918],[144.968459,-37.823915],[144.968406,-37.823906],[144.968402,-37.823921],[144.968127,-37.823878],[144.968136,-37.823842],[144.967933,-37.823814],[144.967924,-37.823846],[144.967915,-37.823873],[144.96787,-37.824025],[144.96783,-37.824169],[144.967774,-37.824354],[144.967772,-37.824362],[144.968256,-37.824454],[144.968306,-37.824463],[144.968324,-37.824467],[144.968341,-37.82441],[144.968323,-37.824407]]],"type":"Polygon"},"properties":{"base_m":0.0,"date_captured":"2023-05-11","footprint_type":"Structure","structure_id":"818482","top_m":5.9},"type":"Feature"},{"geometry":{"coordinates":[[[144.968328,-37.828122],[144.968382,-37.828132],[144.968396,-37.828082],[144.968342,-37.828072],[144.968328,-37.828122]]],"type":"Polygon"},"properties":{"base_m":0.0,"date_captured":"2022-01-20","footprint_type":"Structure","structure_id":"901947","top_m":3.0},"type":"Feature"},{"geometry":{"coordinates":[[[144.96833,-37.827396],[144.968273,-37.827385],[144.968277,-37.827373],[144.968244,-37.827367],[144.968241,-37.827379],[144.968123,-37.827357],[144.968127,-37.827344],[144.968093,-37.827338],[144.968089,-37.827351],[144.967972,-37.827328],[144.967975,-37.827317],[144.967942,-37.82731],[144.967939,-37.827322],[144.967882,-37.827311],[144.967849,-37.827421],[144.968296,-37.827506],[144.96833,-37.827396]]],"type":"Polygon"},"properties":{"base_m":1.0,"date_captured":"2018-05-28","footprint_type":"Structure","structure_id":"811555","top_m":15.0},"type":"Feature"},{"geometry":{"coordinates":[[[144.968339,-37.830394],[144.968336,-37.830362],[144.968248,-37.8302],[144.968168,-37.830224],[144.96816,-37.830242],[144.968147,-37.830245],[144.968141,-37.830232],[144.968043,-37.83026],[144.968099,-37.830367],[144.968099,-37.830401],[144.968193,-37.830569],[144.968105,-37.830595],[144.968096,-37.830576],[144.968056,-37.830587],[144.9681,-37.830683],[144.968463,-37.830578],[144.968427,-37.830501],[144.968396,-37.83051],[144.968339,-37.830394]]],"type":"Polygon"},"properties":{"base_m":16.4,"date_captured":"2023-05-11","footprint_type":"Structure","structure_id":"819284","top_m":22.8},"type":"Feature"},{"geometry":{"coordinates":[[[144.968348,-37.821362],[144.968364,-37.821448],[144.968301,-37.821522],[144.968421,-37.821515],[144.968503,-37.821562],[144.968489,-37.821475],[144.968554,-37.8214],[144.968441,-37.821414],[144.968348,-37.821362]],[[144.968468,-37.821443],[144.968451,-37.821497],[144.968382,-37.821485],[144.968399,-37.821428],[144.968468,-37.821443]]],"type":"Polygon"},"properties":{"base_m":30.0,"date_captured":"2018-05-28","footprint_type":"Structure","structure_id":"810427","top_m":42.5},"type":"Feature"},{"geometry":{"coordinates":[[[144.968366,-37.825497],[144.968391,-37.825472],[144.968389,-37.825439],[144.968357,-37.825419],[144.968318,-37.825421],[144.968292,-37.825444],[144.968294,-37.825477],[144.968324,-37.825498],[144.968366,-37.825497]]],"type":"Polygon"},"properties":{"base_m":13.1,"date_captured":"2018-05-28","footprint_type":"Structure","structure_id":"801424","top_m":16.1},"type":"Feature"},{"geometry":{"coordinates":[[[144.968371,-37.824209],[144.968044,-37.824147],[144.967999,-37.824296],[144.968273,-37.824348],[144.968266,-37.824371],[144.968319,-37.82438],[144.968347,-37.824386],[144.968399,-37.824214],[144.968371,-37.824209]]],"type":"Polygon"},"properties":{"base_m":15.1,"date_captured":"2023-05-11","footprint_type":"Structure","structure_id":"818482","top_m":26.3},"type":"Feature"},{"geometry":{"coordinates":[[[144.968373,-37.827521],[144.968394,-37.827453],[144.968379,-37.82745],[144.968392,-37.827408],[144.968401,-37.827378],[144.968353,-37.827401],[144.96833,-37.827396],[144.968296,-37.827506],[144.968373,-37.827521]]],"type":"Polygon"},"properties":{"base_m":2.5,"date_captured":"2018-05-28","footprint_type":"Structure","structure_id":"811555","top_m":15.0},"type":"Feature"},{"geometry":{"coordinates":[[[144.96839,-37.825537],[144.968396,-37.825535],[144.968421,-37.825512],[144.968447,-37.825487],[144.968443,-37.82542],[144.968437,-37.825416],[144.968388,-37.825381],[144.968378,-37.825374],[144.968291,-37.825378],[144.968237,-37.825427],[144.968243,-37.825496],[144.968306,-37.82554],[144.96839,-37.825537]]],"type":"Polygon"},"properties":{"base_m":0.0,"date_captured":"2022-01-20","footprint_type":"Structure","structure_id":"801424","top_m":15.4},"type":"Feature"},{"geometry":{"coordinates":[[[144.96839,-37.825537],[144.968396,-37.825535],[144.968421,-37.825512],[144.968447,-37.825487],[144.968443,-37.82542],[144.968437,-37.825416],[144.968388,-37.825381],[144.968378,-37.825374],[144.968292,-37.825378],[144.968237,-37.825427],[144.968243,-37.825496],[144.968306,-37.82554],[144.96839,-37.825537]]],"type":"Polygon"},"properties":{"base_m":6.1,"date_captured":"2018-05-28","footprint_type":"Structure","structure_id":"801424","top_m":13.1},"type":"Feature"},{"geometry":{"coordinates":[[[144.968396,-37.825535],[144.968577,-37.825482],[144.968514,-37.825344],[144.968437,-37.825416],[144.968443,-37.82542],[144.968447,-37.825487],[144.968396,-37.825535]]],"type":"Polygon"},"properties":{"base_m":0.3,"date_captured":"2022-01-20","footprint_type":"Structure","structure_id":"801424","top_m":6.5},"type":"Feature"},{"geometry":{"coordinates":[[[144.968411,-37.827129],[144.967962,-37.827044],[144.967929,-37.827155],[144.967985,-37.827165],[144.967981,-37.827179],[144.968017,-37.827186],[144.968021,-37.827172],[144.968137,-37.827194],[144.968132,-37.827209],[144.968168,-37.827215],[144.968172,-37.827201],[144.968286,-37.827223],[144.968282,-37.827237],[144.968318,-37.827244],[144.968322,-37.82723],[144.968377,-37.82724],[144.968411,-37.827129]]],"type":"Polygon"},"properties":{"base_m":1.0,"date_captured":"2018-05-28","footprint_type":"Structure","structure_id":"811556","top_m":15.0},"type":"Feature"},{"geometry":{"coordinates":[[[144.968417,-37.828553],[144.967998,-37.828675],[144.968015,-37.828711],[144.967833,-37.828764],[144.967835,-37.82877],[144.967807,-37.828778],[144.967805,-37.828774],[144.967619,-37.828828],[144.967602,-37.82879],[144.967183,-37.828912],[144.967127,-37.829097],[144.967159,-37.829103],[144.967046,-37.829479],[144.967014,-37.829473],[144.966931,-37.829746],[144.966941,-37.829754],[144.96745,-37.829606],[144.967433,-37.829569],[144.967404,-37.829505],[144.967056,-37.829606],[144.96705,-37.829592],[144.967064,-37.829544],[144.967133,-37.829557],[144.96715,-37.829499],[144.967183,-37.829505],[144.967297,-37.829129],[144.967262,-37.829123],[144.967298,-37.829005],[144.967249,-37.828996],[144.967257,-37.828972],[144.967287,-37.828963],[144.967303,-37.828994],[144.967649,-37.828893],[144.967666,-37.828929],[144.967667,-37.828932],[144.967851,-37.828879],[144.967842,-37.828859],[144.967872,-37.82885],[144.967882,-37.82887],[144.968064,-37.828817],[144.968063,-37.828816],[144.968046,-37.828778],[144.968422,-37.828669],[144.96844,-37.828708],[144.968453,-37.828704],[144.968483,-37.828695],[144.968417,-37.828553]]],"type":"Polygon"},"properties":{"base_m":3.0,"date_captured":"2018-05-28","footprint_type":"Structure","structure_id":"801154","top_m":6.0},"type":"Feature"},{"geometry":{"coordinates":[[[144.968444,-37.827571],[144.968395,-37.827561],[144.968285,-37.827923],[144.968271,-37.82792],[144.968235,-37.828042],[144.968392,-37.828072],[144.968407,-37.828024],[144.968429,-37.828028],[144.968429,-37.828028],[144.96843,-37.828027],[144.968432,-37.828025],[144.968433,-37.828023],[144.968434,-37.828021],[144.968435,-37.828019],[144.968436,-37.828017],[144.968436,-37.828017],[144.968436,-37.828015],[144.968437,-37.828013],[144.968437,-37.828011],[144.968437,-37.828009],[144.968437,-37.828007],[144.968437,-37.828005],[144.968436,-37.828003],[144.968414,-37.827999],[144.968429,-37.827952],[144.968442,-37.827954],[144.968456,-37.827907],[144.968476,-37.827911],[144.968476,-37.827911],[144.968478,-37.827909],[144.968479,-37.827907],[144.96848,-37.827906],[144.968481,-37.827904],[144.968482,-37.827902],[144.968483,-37.8279],[144.968483,-37.8279],[144.968484,-37.827898],[144.968484,-37.827896],[144.968484,-37.827894],[144.968484,-37.827892],[144.968484,-37.82789],[144.968484,-37.827888],[144.968484,-37.827886],[144.968463,-37.827882],[144.968492,-37.827788],[144.968513,-37.827792],[144.968513,-37.827792],[144.968515,-37.82779],[144.968516,-37.827788],[144.968517,-37.827786],[144.968518,-37.827785],[144.968519,-37.827783],[144.96852,-37.827781],[144.96852,-37.827781],[144.968521,-37.827779],[144.968521,-37.827777],[144.968521,-37.827775],[144.968521,-37.827773],[144.968521,-37.827771],[144.968521,-37.827769],[144.968521,-37.827767],[144.9685,-37.827763],[144.968528,-37.827668],[144.968549,-37.827671],[144.968549,-37.827671],[144.96855,-37.82767],[144.968552,-37.827668],[144.968553,-37.827666],[144.968554,-37.827664],[144.968555,-37.827662],[144.968555,-37.827661],[144.968555,-37.82766],[144.968556,-37.827658],[144.968556,-37.827656],[144.968557,-37.827654],[144.968557,-37.827652],[144.968557,-37.82765],[144.968557,-37.827648],[144.968556,-37.827646],[144.968536,-37.827643],[144.968551,-37.827591],[144.968444,-37.827571]]],"type":"Polygon"},"properties":{"base_m":0.0,"date_captured":"2018-05-28","footprint_type":"Structure","structure_id":"805287","top_m":13.0},"type":"Feature"},{"geometry":{"coordinates":[[[144.968444,-37.827571],[144.968475,-37.82747],[144.968499,-37.827474],[144.968521,-37.827401],[144.968401,-37.827378],[144.968392,-37.827408],[144.968379,-37.82745],[144.968394,-37.827453],[144.968373,-37.827521],[144.968363,-37.827555],[144.968395,-37.827561],[144.968444,-37.827571]]],"type":"Polygon"},"properties":{"base_m":1.0,"date_captured":"2018-05-28","footprint_type":"Structure","structure_id":"811555","top_m":16.5},"type":"Feature"},{"geometry":{"coordinates":[[[144.968453,-37.828704],[144.968483,-37.828695],[144.968417,-37.828553],[144.967998,-37.828675],[144.968015,-37.828711],[144.967833,-37.828764],[144.967835,-37.82877],[144.967807,-37.828778],[144.967805,-37.828774],[144.967619,-37.828828],[144.967602,-37.82879],[144.967183,-37.828912],[144.967127,-37.829097],[144.967159,-37.829103],[144.967046,-37.829479],[144.967014,-37.829473],[144.966931,-37.829746],[144.966941,-37.829754],[144.96745,-37.829606],[144.967433,-37.829569],[144.967797,-37.829464],[144.967807,-37.829485],[144.967986,-37.829433],[144.967976,-37.829412],[144.968297,-37.829319],[144.968313,-37.829355],[144.968732,-37.829233],[144.968667,-37.829094],[144.968637,-37.829103],[144.968453,-37.828704]],[[144.96832,-37.828741],[144.968321,-37.828742],[144.968505,-37.829141],[144.968249,-37.829216],[144.967929,-37.829309],[144.967939,-37.829331],[144.967759,-37.829383],[144.967749,-37.829361],[144.967386,-37.829467],[144.967191,-37.829523],[144.967183,-37.829505],[144.967297,-37.829129],[144.96731,-37.829132],[144.967342,-37.829023],[144.967666,-37.828929],[144.967667,-37.828932],[144.967851,-37.828879],[144.967842,-37.828859],[144.967872,-37.82885],[144.967882,-37.82887],[144.968064,-37.828817],[144.968063,-37.828816],[144.96832,-37.828741]]],"type":"Polygon"},"properties":{"base_m":0.0,"date_captured":"2018-05-28","footprint_type":"Structure","structure_id":"801154","top_m":3.0},"type":"Feature"},{"geometry":{"coordinates":[[[144.968453,-37.828704],[144.968483,-37.828695],[144.968417,-37.828553],[144.967998,-37.828675],[144.968015,-37.828711],[144.968046,-37.828778],[144.968422,-37.828669],[144.96844,-37.828708],[144.968453,-37.828704]]],"type":"Polygon"},"properties":{"base_m":6.0,"date_captured":"2018-05-28","footprint_type":"Structure","structure_id":"801154","top_m":8.5},"type":"Feature"},{"geometry":{"coordinates":[[[144.968468,-37.821443],[144.968399,-37.821428],[144.968382,-37.821485],[144.968451,-37.821497],[144.968468,-37.821443]],[[144.968423,-37.821459],[144.968429,-37.82146],[144.968428,-37.821464],[144.968423,-37.821463],[144.968423,-37.821459]]],"type":"Polygon"},"properties":{"base_m":42.5,"date_captured":"2018-05-28","footprint_type":"Structure","structure_id":"810427","top_m":150.0},"type":"Feature"},{"geometry":{"coordinates":[[[144.968487,-37.827144],[144.968411,-37.827129],[144.968377,-37.82724],[144.968401,-37.827245],[144.968427,-37.827279],[144.968436,-37.827251],[144.968449,-37.827209],[144.968466,-37.827212],[144.968487,-37.827144]]],"type":"Polygon"},"properties":{"base_m":2.5,"date_captured":"2018-05-28","footprint_type":"Structure","structure_id":"811556","top_m":15.0},"type":"Feature"},{"geometry":{"coordinates":[[[144.968553,-37.825062],[144.968563,-37.82503],[144.96853,-37.825024],[144.968731,-37.824362],[144.968691,-37.824354],[144.968378,-37.825374],[144.968388,-37.825381],[144.968438,-37.825337],[144.968523,-37.825056],[144.968553,-37.825062]]],"type":"Polygon"},"properties":{"base_m":0.3,"date_captured":"2022-01-20","footprint_type":"Structure","structure_id":"801424","top_m":7.3},"type":"Feature"},{"geometry":{"coordinates":[[[144.968553,-37.825062],[144.968593,-37.825069],[144.968602,-37.825037],[144.968563,-37.82503],[144.968553,-37.825062]]],"type":"Polygon"},"properties":{"base_m":0.3,"date_captured":"2022-01-20","footprint_type":"Structure","structure_id":"801424","top_m":10.1},"type":"Feature"},{"geometry":{"coordinates":[[[144.968553,-37.825062],[144.968593,-37.825069],[144.968602,-37.825037],[144.968563,-37.82503],[144.968553,-37.825062]]],"type":"Polygon"},"properties":{"base_m":6.1,"date_captured":"2018-05-28","footprint_type":"Structure","structure_id":"801424","top_m":10.1},"type":"Feature"},{"geometry":{"coordinates":[[[144.968558,-37.823104],[144.968475,-37.822924],[144.968049,-37.823329],[144.968703,-37.82342],[144.968621,-37.823242],[144.968558,-37.823104]]],"type":"Polygon"},"properties":{"base_m":5.5,"date_captured":"2018-05-28","footprint_type":"Structure","structure_id":"802766","top_m":9.5},"type":"Feature"},{"geometry":{"coordinates":[[[144.968564,-37.827121],[144.968497,-37.827108],[144.968487,-37.827144],[144.968466,-37.827212],[144.968449,-37.827209],[144.968436,-37.827251],[144.968427,-37.827279],[144.968427,-37.827281],[144.96855,-37.827304],[144.968573,-37.827231],[144.968548,-37.827226],[144.968579,-37.827124],[144.968564,-37.827121]]],"type":"Polygon"},"properties":{"base_m":1.0,"date_captured":"2018-05-28","footprint_type":"Structure","structure_id":"811556","top_m":16.5},"type":"Feature"},{"geometry":{"coordinates":[[[144.968637,-37.829103],[144.968453,-37.828704],[144.96844,-37.828708],[144.968321,-37.828742],[144.968505,-37.829141],[144.968626,-37.829106],[144.968637,-37.829103]]],"type":"Polygon"},"properties":{"base_m":3.0,"date_captured":"2018-05-28","footprint_type":"Structure","structure_id":"801154","top_m":9.0},"type":"Feature"},{"geometry":{"coordinates":[[[144.968691,-37.824354],[144.96861,-37.824339],[144.968291,-37.825378],[144.968378,-37.825374],[144.968691,-37.824354]]],"type":"Polygon"},"properties":{"base_m":0.3,"date_captured":"2022-01-20","footprint_type":"Structure","structure_id":"801424","top_m":10.6},"type":"Feature"},{"geometry":{"coordinates":[[[144.968691,-37.824354],[144.96861,-37.824339],[144.968292,-37.825378],[144.968378,-37.825374],[144.968691,-37.824354]]],"type":"Polygon"},"properties":{"base_m":6.1,"date_captured":"2018-05-28","footprint_type":"Structure","structure_id":"801424","top_m":10.6},"type":"Feature"},{"geometry":{"coordinates":[[[144.968696,-37.82116],[144.968685,-37.821139],[144.968669,-37.821119],[144.96865,-37.821101],[144.968628,-37.821085],[144.968603,-37.821072],[144.968576,-37.821062],[144.968547,-37.821055],[144.968517,-37.821051],[144.968487,-37.821051],[144.968458,-37.821054],[144.968429,-37.821061],[144.968402,-37.82107],[144.968378,-37.821083],[144.968356,-37.821098],[144.968338,-37.821115],[144.968324,-37.821135],[144.968316,-37.821151],[144.968309,-37.821171],[144.968283,-37.821166],[144.968258,-37.821248],[144.96824,-37.821309],[144.968184,-37.821335],[144.968137,-37.821491],[144.96817,-37.821533],[144.968131,-37.821662],[144.968128,-37.821672],[144.968154,-37.821677],[144.968146,-37.821706],[144.968145,-37.821729],[144.96815,-37.821752],[144.968159,-37.821774],[144.968172,-37.821795],[144.968189,-37.821814],[144.968209,-37.821832],[144.968233,-37.821846],[144.968259,-37.821858],[144.968287,-37.821867],[144.968317,-37.821873],[144.968347,-37.821875],[144.968377,-37.821874],[144.968407,-37.82187],[144.968435,-37.821862],[144.968461,-37.821851],[144.968485,-37.821837],[144.968506,-37.821821],[144.968523,-37.821802],[144.968536,-37.821782],[144.968547,-37.821752],[144.968571,-37.821757],[144.968575,-37.821746],[144.968614,-37.821616],[144.96867,-37.821593],[144.968715,-37.821435],[144.968681,-37.821393],[144.9687,-37.821332],[144.968724,-37.821249],[144.968699,-37.821244],[144.968704,-37.821227],[144.968706,-37.821205],[144.968703,-37.821182],[144.968696,-37.82116]]],"type":"Polygon"},"properties":{"base_m":7.5,"date_captured":"2018-05-28","footprint_type":"Structure","structure_id":"810427","top_m":19.0},"type":"Feature"},{"geometry":{"coordinates":[[[144.968699,-37.821244],[144.968704,-37.821227],[144.968706,-37.821205],[144.968703,-37.821182],[144.968696,-37.82116],[144.968685,-37.821139],[144.968669,-37.821119],[144.96865,-37.821101],[144.968628,-37.821085],[144.968603,-37.821072],[144.968576,-37.821062],[144.968547,-37.821055],[144.968517,-37.821051],[144.968487,-37.821051],[144.968458,-37.821054],[144.968429,-37.821061],[144.968402,-37.82107],[144.968378,-37.821083],[144.968356,-37.821098],[144.968338,-37.821115],[144.968324,-37.821135],[144.968316,-37.821151],[144.968309,-37.821171],[144.968298,-37.821201],[144.968163,-37.821643],[144.968154,-37.821677],[144.968146,-37.821706],[144.968145,-37.821729],[144.96815,-37.821752],[144.968159,-37.821774],[144.968172,-37.821795],[144.968189,-37.821814],[144.968209,-37.821832],[144.968233,-37.821846],[144.968259,-37.821858],[144.968287,-37.821867],[144.968317,-37.821873],[144.968347,-37.821875],[144.968377,-37.821874],[144.968407,-37.82187],[144.968435,-37.821862],[144.968461,-37.821851],[144.968485,-37.821837],[144.968506,-37.821821],[144.968523,-37.821802],[144.968536,-37.821782],[144.968547,-37.821752],[144.96856,-37.821716],[144.96869,-37.821275],[144.968699,-37.821244]]],"type":"Polygon"},"properties":{"base_m":19.0,"date_captured":"2018-05-28","footprint_type":"Structure","structure_id":"810427","top_m":30.0},"type":"Feature"},{"geometry":{"coordinates":[[[144.968706,-37.829998],[144.968799,-37.829971],[144.968788,-37.829948],[144.969011,-37.829883],[144.968844,-37.82952],[144.968241,-37.829695],[144.96837,-37.829975],[144.96842,-37.830081],[144.968706,-37.829998]]],"type":"Polygon"},"properties":{"base_m":7.5,"date_captured":"2018-05-28","footprint_type":"Structure","structure_id":"803457","top_m":10.0},"type":"Feature"},{"geometry":{"coordinates":[[[144.968728,-37.823211],[144.968836,-37.823446],[144.969603,-37.823224],[144.968981,-37.821871],[144.968214,-37.822093],[144.968317,-37.822317],[144.968392,-37.822481],[144.968664,-37.823073],[144.968728,-37.823211]]],"type":"Polygon"},"properties":{"base_m":5.5,"date_captured":"2018-05-28","footprint_type":"Structure","structure_id":"802766","top_m":19.5},"type":"Feature"},{"geometry":{"coordinates":[[[144.96875,-37.821231],[144.968751,-37.821204],[144.968748,-37.821178],[144.96874,-37.821152],[144.968728,-37.821127],[144.968712,-37.821103],[144.968692,-37.821082],[144.968668,-37.821063],[144.968642,-37.821047],[144.968613,-37.821033],[144.968582,-37.821023],[144.968549,-37.821016],[144.968516,-37.821013],[144.968482,-37.821014],[144.968449,-37.821018],[144.968417,-37.821025],[144.968386,-37.821036],[144.968358,-37.82105],[144.968332,-37.821067],[144.968309,-37.821087],[144.96829,-37.821109],[144.968274,-37.821132],[144.968263,-37.821157],[144.968236,-37.821244],[144.968213,-37.821239],[144.968184,-37.821335],[144.968137,-37.821491],[144.968088,-37.821653],[144.968114,-37.821658],[144.968102,-37.821705],[144.968102,-37.821732],[144.968107,-37.821758],[144.968116,-37.821784],[144.968129,-37.821808],[144.968137,-37.821819],[144.968119,-37.821828],[144.968139,-37.821851],[144.968162,-37.821871],[144.968188,-37.821889],[144.968217,-37.821905],[144.968249,-37.821917],[144.968282,-37.821925],[144.968316,-37.82193],[144.968351,-37.821932],[144.968385,-37.82193],[144.96842,-37.821924],[144.968452,-37.821915],[144.968484,-37.821903],[144.968491,-37.8219],[144.968482,-37.821885],[144.968503,-37.821873],[144.968528,-37.821856],[144.96855,-37.821835],[144.968568,-37.821813],[144.968582,-37.821789],[144.968594,-37.82175],[144.968619,-37.821755],[144.968658,-37.821627],[144.968689,-37.821633],[144.968756,-37.821409],[144.968719,-37.821402],[144.968729,-37.821369],[144.968736,-37.82137],[144.968745,-37.82134],[144.96872,-37.821336],[144.968742,-37.821264],[144.968745,-37.821257],[144.96875,-37.821231]]],"type":"Polygon"},"properties":{"base_m":0.0,"date_captured":"2018-05-28","footprint_type":"Structure","structure_id":"810427","top_m":4.0},"type":"Feature"},{"geometry":{"coordinates":[[[144.96875,-37.821231],[144.968751,-37.821204],[144.968748,-37.821178],[144.96874,-37.821152],[144.968728,-37.821127],[144.968712,-37.821103],[144.968692,-37.821082],[144.968668,-37.821063],[144.968642,-37.821047],[144.968613,-37.821033],[144.968582,-37.821023],[144.968549,-37.821016],[144.968516,-37.821013],[144.968482,-37.821014],[144.968449,-37.821018],[144.968417,-37.821025],[144.968386,-37.821036],[144.968358,-37.82105],[144.968332,-37.821067],[144.968309,-37.821087],[144.96829,-37.821109],[144.968274,-37.821132],[144.968263,-37.821157],[144.968236,-37.821244],[144.968213,-37.821239],[144.968184,-37.821335],[144.968137,-37.821491],[144.968088,-37.821653],[144.968114,-37.821658],[144.968102,-37.821705],[144.968102,-37.821732],[144.968107,-37.821758],[144.968116,-37.821784],[144.968129,-37.821808],[144.968137,-37.821819],[144.968146,-37.821831],[144.968168,-37.821852],[144.968192,-37.82187],[144.968219,-37.821886],[144.968249,-37.821898],[144.968281,-37.821907],[144.968313,-37.821913],[144.968347,-37.821915],[144.96838,-37.821914],[144.968413,-37.821909],[144.968445,-37.8219],[144.968475,-37.821888],[144.968482,-37.821885],[144.968503,-37.821873],[144.968528,-37.821856],[144.96855,-37.821835],[144.968568,-37.821813],[144.968582,-37.821789],[144.968594,-37.82175],[144.968619,-37.821755],[144.968658,-37.821627],[144.968689,-37.821633],[144.968756,-37.821409],[144.968719,-37.821402],[144.968729,-37.821369],[144.968736,-37.82137],[144.968745,-37.82134],[144.96872,-37.821336],[144.968742,-37.821264],[144.968745,-37.821257],[144.96875,-37.821231]]],"type":"Polygon"},"properties":{"base_m":4.0,"date_captured":"2018-05-28","footprint_type":"Structure","structure_id":"810427","top_m":7.5},"type":"Feature"},{"geometry":{"coordinates":[[[144.968768,-37.825215],[144.968726,-37.825125],[144.96865,-37.825147],[144.968692,-37.825238],[144.968768,-37.825215]]],"type":"Polygon"},"properties":{"base_m":0.0,"date_captured":"2018-05-28","footprint_type":"Structure","structure_id":"801422","top_m":5.5},"type":"Feature"},{"geometry":{"coordinates":[[[144.968772,-37.821497],[144.968885,-37.821485],[144.968869,-37.821395],[144.968809,-37.821383],[144.968772,-37.821497]]],"type":"Polygon"},"properties":{"base_m":0.0,"date_captured":"2022-01-20","footprint_type":"Structure","structure_id":"812393","top_m":4.2},"type":"Feature"},{"geometry":{"coordinates":[[[144.968788,-37.829948],[144.968726,-37.829813],[144.968587,-37.829853],[144.96861,-37.829905],[144.96837,-37.829975],[144.96842,-37.830081],[144.968706,-37.829998],[144.968799,-37.829971],[144.968788,-37.829948]]],"type":"Polygon"},"properties":{"base_m":10.0,"date_captured":"2018-05-28","footprint_type":"Structure","structure_id":"803457","top_m":15.5},"type":"Feature"},{"geometry":{"coordinates":[[[144.968861,-37.826501],[144.968883,-37.826428],[144.968732,-37.826399],[144.96871,-37.826472],[144.968758,-37.826481],[144.968849,-37.826498],[144.968861,-37.826501]]],"type":"Polygon"},"properties":{"base_m":4.0,"date_captured":"2018-05-28","footprint_type":"Structure","structure_id":"803495","top_m":7.5},"type":"Feature"},{"geometry":{"coordinates":[[[144.968913,-37.823803],[144.968752,-37.823849],[144.968702,-37.82389],[144.968605,-37.824208],[144.968613,-37.82421],[144.968592,-37.824275],[144.968698,-37.824295],[144.968696,-37.824302],[144.968913,-37.824345],[144.96894,-37.824261],[144.968928,-37.824258],[144.968933,-37.824241],[144.968944,-37.824244],[144.968978,-37.824136],[144.968962,-37.824133],[144.968959,-37.824127],[144.969051,-37.824101],[144.968913,-37.823803]],[[144.968814,-37.823935],[144.968861,-37.823922],[144.96889,-37.823985],[144.968798,-37.823985],[144.968814,-37.823935]]],"type":"Polygon"},"properties":{"base_m":0.0,"date_captured":"2018-05-28","footprint_type":"Structure","structure_id":"801428","top_m":6.5},"type":"Feature"},{"geometry":{"coordinates":[[[144.968915,-37.825182],[144.96887,-37.825085],[144.968741,-37.825123],[144.968786,-37.82522],[144.968915,-37.825182]]],"type":"Polygon"},"properties":{"base_m":0.0,"date_captured":"2022-01-20","footprint_type":"Structure","structure_id":"801421","top_m":4.6},"type":"Feature"},{"geometry":{"coordinates":[[[144.968958,-37.8283],[144.968967,-37.82832],[144.969026,-37.828304],[144.969018,-37.828284],[144.968958,-37.8283]]],"type":"Polygon"},"properties":{"base_m":0.0,"date_captured":"2018-05-28","footprint_type":"Structure","structure_id":"812940","top_m":3.0},"type":"Feature"},{"geometry":{"coordinates":[[[144.968959,-37.824127],[144.968893,-37.823985],[144.96889,-37.823985],[144.968798,-37.823985],[144.968796,-37.823985],[144.968726,-37.824207],[144.968698,-37.824295],[144.968696,-37.824302],[144.968913,-37.824345],[144.96894,-37.824261],[144.968928,-37.824258],[144.968933,-37.824241],[144.968944,-37.824244],[144.968978,-37.824136],[144.968962,-37.824133],[144.968959,-37.824127]]],"type":"Polygon"},"properties":{"base_m":10.0,"date_captured":"2018-05-28","footprint_type":"Structure","structure_id":"801428","top_m":12.0},"type":"Feature"},{"geometry":{"coordinates":[[[144.968965,-37.828113],[144.968939,-37.828058],[144.968818,-37.828094],[144.968844,-37.828149],[144.968965,-37.828113]]],"type":"Polygon"},"properties":{"base_m":0.0,"date_captured":"2018-05-28","footprint_type":"Structure","structure_id":"812952","top_m":3.0},"type":"Feature"},{"geometry":{"coordinates":[[[144.968978,-37.824136],[144.968962,-37.824133],[144.968959,-37.824127],[144.968893,-37.823985],[144.96889,-37.823985],[144.968798,-37.823985],[144.968796,-37.823985],[144.968726,-37.824207],[144.96862,-37.824186],[144.968613,-37.82421],[144.968592,-37.824275],[144.968698,-37.824295],[144.968696,-37.824302],[144.968913,-37.824345],[144.96894,-37.824261],[144.968928,-37.824258],[144.968933,-37.824241],[144.968944,-37.824244],[144.968978,-37.824136]]],"type":"Polygon"},"properties":{"base_m":6.5,"date_captured":"2018-05-28","footprint_type":"Structure","structure_id":"801428","top_m":10.0},"type":"Feature"},{"geometry":{"coordinates":[[[144.968981,-37.821871],[144.968214,-37.822093],[144.968317,-37.822317],[144.968193,-37.822352],[144.968139,-37.82246],[144.968268,-37.822517],[144.968392,-37.822481],[144.968664,-37.823073],[144.968558,-37.823104],[144.968475,-37.822924],[144.968049,-37.823329],[144.968703,-37.82342],[144.968621,-37.823242],[144.968728,-37.823211],[144.968836,-37.823446],[144.969603,-37.823224],[144.968981,-37.821871]]],"type":"Polygon"},"properties":{"base_m":0.0,"date_captured":"2018-05-28","footprint_type":"Structure","structure_id":"802766","top_m":5.5},"type":"Feature"},{"geometry":{"coordinates":[[[144.969011,-37.829883],[144.968844,-37.82952],[144.968241,-37.829695],[144.96837,-37.829975],[144.96842,-37.830081],[144.968706,-37.829998],[144.968722,-37.830034],[144.968311,-37.830153],[144.968295,-37.830158],[144.968486,-37.830571],[144.969116,-37.830388],[144.969249,-37.830349],[144.969226,-37.8303],[144.969058,-37.829937],[144.969039,-37.829942],[144.969011,-37.829883]]],"type":"Polygon"},"properties":{"base_m":0.0,"date_captured":"2018-05-28","footprint_type":"Structure","structure_id":"803457","top_m":7.5},"type":"Feature"},{"geometry":{"coordinates":[[[144.969023,-37.825907],[144.968936,-37.825891],[144.968922,-37.825937],[144.9689,-37.826012],[144.968839,-37.826],[144.968792,-37.825991],[144.968768,-37.826069],[144.968785,-37.826073],[144.968773,-37.826114],[144.968719,-37.826104],[144.968723,-37.826091],[144.968626,-37.826072],[144.968615,-37.826109],[144.968601,-37.826156],[144.968506,-37.826138],[144.96845,-37.826127],[144.968421,-37.826221],[144.968525,-37.826241],[144.968522,-37.826253],[144.968944,-37.826333],[144.969045,-37.825999],[144.969028,-37.825996],[144.969048,-37.825933],[144.969054,-37.825913],[144.969023,-37.825907]]],"type":"Polygon"},"properties":{"base_m":38.0,"date_captured":"2018-05-28","footprint_type":"Structure","structure_id":"803494","top_m":41.0},"type":"Feature"},{"geometry":{"coordinates":[[[144.969048,-37.825933],[144.969054,-37.825913],[144.969023,-37.825907],[144.968936,-37.825891],[144.968922,-37.825937],[144.968862,-37.825925],[144.968839,-37.826],[144.968792,-37.825991],[144.968768,-37.826069],[144.968785,-37.826073],[144.968773,-37.826114],[144.968719,-37.826104],[144.968723,-37.826091],[144.968626,-37.826072],[144.968615,-37.826109],[144.968521,-37.826091],[144.968506,-37.826138],[144.96845,-37.826127],[144.968421,-37.826221],[144.968525,-37.826241],[144.968522,-37.826253],[144.968944,-37.826333],[144.969045,-37.825999],[144.969028,-37.825996],[144.969048,-37.825933]]],"type":"Polygon"},"properties":{"base_m":3.5,"date_captured":"2018-05-28","footprint_type":"Structure","structure_id":"803494","top_m":38.0},"type":"Feature"},{"geometry":{"coordinates":[[[144.969074,-37.823979],[144.969064,-37.823957],[144.969006,-37.823974],[144.969043,-37.824054],[144.969088,-37.824041],[144.969082,-37.824028],[144.969095,-37.824024],[144.969074,-37.823979]]],"type":"Polygon"},"properties":{"base_m":0.0,"date_captured":"2018-05-28","footprint_type":"Structure","structure_id":"801430","top_m":3.0},"type":"Feature"},{"geometry":{"coordinates":[[[144.969074,-37.823979],[144.969124,-37.823965],[144.969114,-37.823943],[144.969122,-37.82394],[144.969067,-37.82382],[144.969009,-37.823837],[144.969006,-37.82383],[144.968944,-37.823848],[144.969003,-37.823974],[144.969006,-37.823974],[144.969064,-37.823957],[144.969074,-37.823979]]],"type":"Polygon"},"properties":{"base_m":0.0,"date_captured":"2018-05-28","footprint_type":"Structure","structure_id":"801430","top_m":6.5},"type":"Feature"},{"geometry":{"coordinates":[[[144.969103,-37.825017],[144.969148,-37.825114],[144.969217,-37.825093],[144.969172,-37.824997],[144.969103,-37.825017]]],"type":"Polygon"},"properties":{"base_m":0.0,"date_captured":"2022-01-20","footprint_type":"Structure","structure_id":"801421","top_m":4.3},"type":"Feature"},{"geometry":{"coordinates":[[[144.969108,-37.825882],[144.969035,-37.825868],[144.969023,-37.825907],[144.968936,-37.825891],[144.968922,-37.825937],[144.968862,-37.825925],[144.968839,-37.826],[144.968792,-37.825991],[144.968768,-37.826069],[144.968785,-37.826073],[144.968773,-37.826114],[144.968719,-37.826104],[144.968723,-37.826091],[144.968626,-37.826072],[144.968615,-37.826109],[144.968521,-37.826091],[144.968506,-37.826138],[144.96845,-37.826127],[144.968421,-37.826221],[144.968525,-37.826241],[144.968522,-37.826253],[144.968944,-37.826333],[144.969045,-37.825999],[144.969028,-37.825996],[144.969048,-37.825933],[144.96909,-37.825941],[144.969108,-37.825882]]],"type":"Polygon"},"properties":{"base_m":0.0,"date_captured":"2018-05-28","footprint_type":"Structure","structure_id":"803494","top_m":3.5},"type":"Feature"},{"geometry":{"coordinates":[[[144.969116,-37.830388],[144.969249,-37.830349],[144.969226,-37.8303],[144.969093,-37.830339],[144.969116,-37.830388]]],"type":"Polygon"},"properties":{"base_m":7.5,"date_captured":"2018-05-28","footprint_type":"Structure","structure_id":"803457","top_m":9.0},"type":"Feature"},{"geometry":{"coordinates":[[[144.969122,-37.82406],[144.969113,-37.82404],[144.969041,-37.824061],[144.969051,-37.824081],[144.969122,-37.82406]]],"type":"Polygon"},"properties":{"base_m":0.0,"date_captured":"2018-05-28","footprint_type":"Structure","structure_id":"801423","top_m":2.5},"type":"Feature"},{"geometry":{"coordinates":[[[144.969144,-37.828141],[144.969113,-37.828074],[144.968793,-37.828167],[144.968824,-37.828234],[144.969144,-37.828141]]],"type":"Polygon"},"properties":{"base_m":0.0,"date_captured":"2018-05-28","footprint_type":"Structure","structure_id":"812951","top_m":3.0},"type":"Feature"},{"geometry":{"coordinates":[[[144.969148,-37.825114],[144.969103,-37.825017],[144.96887,-37.825085],[144.968915,-37.825182],[144.969148,-37.825114]]],"type":"Polygon"},"properties":{"base_m":0.0,"date_captured":"2022-01-20","footprint_type":"Structure","structure_id":"801421","top_m":6.4},"type":"Feature"},{"geometry":{"coordinates":[[[144.969148,-37.825114],[144.969103,-37.825017],[144.96887,-37.825085],[144.968915,-37.825182],[144.969148,-37.825114]]],"type":"Polygon"},"properties":{"base_m":4.1,"date_captured":"2018-05-28","footprint_type":"Structure","structure_id":"801421","top_m":5.6},"type":"Feature"},{"geometry":{"coordinates":[[[144.969181,-37.827515],[144.96919,-37.827329],[144.969145,-37.827326],[144.969099,-37.827419],[144.969137,-37.827515],[144.969181,-37.827515]]],"type":"Polygon"},"properties":{"base_m":0.0,"date_captured":"2018-05-28","footprint_type":"Structure","structure_id":"812941","top_m":4.5},"type":"Feature"},{"geometry":{"coordinates":[[[144.969197,-37.827161],[144.969083,-37.827159],[144.969081,-37.827223],[144.969195,-37.827225],[144.969197,-37.827161]]],"type":"Polygon"},"properties":{"base_m":0.0,"date_captured":"2018-05-28","footprint_type":"Structure","structure_id":"812938","top_m":3.0},"type":"Feature"},{"geometry":{"coordinates":[[[144.969219,-37.824136],[144.969041,-37.824187],[144.96911,-37.824338],[144.969115,-37.824336],[144.969122,-37.824351],[144.969138,-37.824357],[144.969161,-37.824365],[144.969333,-37.824344],[144.969304,-37.824281],[144.969268,-37.824205],[144.969263,-37.824206],[144.969253,-37.824209],[144.969219,-37.824136]]],"type":"Polygon"},"properties":{"base_m":9.1,"date_captured":"2022-01-20","footprint_type":"Structure","structure_id":"801427","top_m":10.5},"type":"Feature"},{"geometry":{"coordinates":[[[144.969219,-37.824136],[144.969041,-37.824187],[144.969111,-37.824338],[144.969115,-37.824336],[144.969122,-37.824351],[144.969138,-37.824357],[144.969161,-37.824365],[144.969333,-37.824344],[144.969304,-37.824281],[144.969268,-37.824205],[144.969263,-37.824206],[144.969253,-37.824209],[144.969219,-37.824136]]],"type":"Polygon"},"properties":{"base_m":8.0,"date_captured":"2018-05-28","footprint_type":"Structure","structure_id":"801427","top_m":10.5},"type":"Feature"},{"geometry":{"coordinates":[[[144.969263,-37.824206],[144.969253,-37.824209],[144.969219,-37.824136],[144.969041,-37.824187],[144.96911,-37.824338],[144.969115,-37.824336],[144.969304,-37.824281],[144.969268,-37.824205],[144.969263,-37.824206]]],"type":"Polygon"},"properties":{"base_m":10.5,"date_captured":"2022-01-20","footprint_type":"Structure","structure_id":"801427","top_m":13.5},"type":"Feature"},{"geometry":{"coordinates":[[[144.969263,-37.824206],[144.969253,-37.824209],[144.969219,-37.824136],[144.969041,-37.824187],[144.969111,-37.824338],[144.969115,-37.824336],[144.969304,-37.824281],[144.969268,-37.824205],[144.969263,-37.824206]]],"type":"Polygon"},"properties":{"base_m":10.5,"date_captured":"2018-05-28","footprint_type":"Structure","structure_id":"801427","top_m":13.5},"type":"Feature"},{"geometry":{"coordinates":[[[144.969272,-37.824571],[144.969215,-37.824446],[144.969111,-37.824477],[144.969168,-37.824601],[144.969272,-37.824571]]],"type":"Polygon"},"properties":{"base_m":8.0,"date_captured":"2018-05-28","footprint_type":"Structure","structure_id":"801427","top_m":13.0},"type":"Feature"},{"geometry":{"coordinates":[[[144.969272,-37.824571],[144.969215,-37.824446],[144.969111,-37.824477],[144.969168,-37.824601],[144.969272,-37.824571]]],"type":"Polygon"},"properties":{"base_m":9.1,"date_captured":"2022-01-20","footprint_type":"Structure","structure_id":"801427","top_m":13.0},"type":"Feature"},{"geometry":{"coordinates":[[[144.969278,-37.823915],[144.969285,-37.823912],[144.969247,-37.82383],[144.969225,-37.823836],[144.969197,-37.823778],[144.969091,-37.823808],[144.969157,-37.82395],[144.969162,-37.823948],[144.969278,-37.823915]]],"type":"Polygon"},"properties":{"base_m":0.0,"date_captured":"2018-05-28","footprint_type":"Structure","structure_id":"801431","top_m":7.5},"type":"Feature"},{"geometry":{"coordinates":[[[144.969301,-37.82682],[144.96906,-37.826774],[144.96897,-37.827071],[144.969211,-37.827117],[144.969301,-37.82682]]],"type":"Polygon"},"properties":{"base_m":0.0,"date_captured":"2018-05-28","footprint_type":"Structure","structure_id":"812960","top_m":9.5},"type":"Feature"},{"geometry":{"coordinates":[[[144.969301,-37.82682],[144.9693,-37.826761],[144.969276,-37.826757],[144.969298,-37.826683],[144.969099,-37.826645],[144.96906,-37.826774],[144.969301,-37.82682]]],"type":"Polygon"},"properties":{"base_m":1.0,"date_captured":"2018-05-28","footprint_type":"Structure","structure_id":"812960","top_m":5.5},"type":"Feature"},{"geometry":{"coordinates":[[[144.969304,-37.828853],[144.969291,-37.828825],[144.969242,-37.82884],[144.969255,-37.828868],[144.969304,-37.828853]]],"type":"Polygon"},"properties":{"base_m":0.0,"date_captured":"2018-05-28","footprint_type":"Structure","structure_id":"812936","top_m":2.0},"type":"Feature"},{"geometry":{"coordinates":[[[144.969352,-37.829524],[144.969328,-37.829473],[144.969241,-37.829499],[144.969264,-37.829549],[144.969352,-37.829524]]],"type":"Polygon"},"properties":{"base_m":66.0,"date_captured":"2018-05-28","footprint_type":"Structure","structure_id":"811979","top_m":69.5},"type":"Feature"},{"geometry":{"coordinates":[[[144.969353,-37.825144],[144.969404,-37.825129],[144.969388,-37.825092],[144.969337,-37.825107],[144.969353,-37.825144]]],"type":"Polygon"},"properties":{"base_m":1.5,"date_captured":"2022-01-20","footprint_type":"Structure","structure_id":"801424","top_m":7.8},"type":"Feature"},{"geometry":{"coordinates":[[[144.969356,-37.82981],[144.969377,-37.829804],[144.969485,-37.829773],[144.969719,-37.829705],[144.969646,-37.829546],[144.969634,-37.82952],[144.969616,-37.82948],[144.969592,-37.829428],[144.969572,-37.829385],[144.969543,-37.829323],[144.969528,-37.829292],[144.969518,-37.829295],[144.969512,-37.829297],[144.969491,-37.829306],[144.96947,-37.829314],[144.969449,-37.829321],[144.969427,-37.829328],[144.969405,-37.829334],[144.969382,-37.829339],[144.96936,-37.829343],[144.969339,-37.829347],[144.969294,-37.82936],[144.969246,-37.829374],[144.969065,-37.829427],[144.969256,-37.829839],[144.969356,-37.82981]]],"type":"Polygon"},"properties":{"base_m":0.0,"date_captured":"2018-05-28","footprint_type":"Structure","structure_id":"811979","top_m":15.0},"type":"Feature"},{"geometry":{"coordinates":[[[144.969359,-37.82486],[144.969507,-37.824841],[144.969481,-37.824712],[144.969227,-37.824744],[144.969246,-37.824841],[144.969253,-37.824874],[144.969359,-37.82486]]],"type":"Polygon"},"properties":{"base_m":9.0,"date_captured":"2018-05-28","footprint_type":"Structure","structure_id":"801425","top_m":13.5},"type":"Feature"},{"geometry":{"coordinates":[[[144.969397,-37.825243],[144.969337,-37.825107],[144.968514,-37.825344],[144.968577,-37.825482],[144.969321,-37.825265],[144.969397,-37.825243]]],"type":"Polygon"},"properties":{"base_m":0.7,"date_captured":"2022-01-20","footprint_type":"Structure","structure_id":"801424","top_m":10.6},"type":"Feature"},{"geometry":{"coordinates":[[[144.969397,-37.825243],[144.969337,-37.825107],[144.968514,-37.825344],[144.968578,-37.825482],[144.969321,-37.825265],[144.969397,-37.825243]]],"type":"Polygon"},"properties":{"base_m":6.1,"date_captured":"2018-05-28","footprint_type":"Structure","structure_id":"801424","top_m":10.6},"type":"Feature"},{"geometry":{"coordinates":[[[144.969404,-37.825129],[144.969353,-37.825144],[144.969397,-37.825243],[144.969448,-37.825228],[144.969404,-37.825129]]],"type":"Polygon"},"properties":{"base_m":1.5,"date_captured":"2022-01-20","footprint_type":"Structure","structure_id":"801424","top_m":5.8},"type":"Feature"},{"geometry":{"coordinates":[[[144.969409,-37.823768],[144.969365,-37.823781],[144.969368,-37.823788],[144.969336,-37.823797],[144.969334,-37.823791],[144.969317,-37.823796],[144.969326,-37.823815],[144.969331,-37.823814],[144.969342,-37.823835],[144.969335,-37.823837],[144.969345,-37.823857],[144.969438,-37.82383],[144.969409,-37.823768]]],"type":"Polygon"},"properties":{"base_m":0.0,"date_captured":"2018-05-28","footprint_type":"Structure","structure_id":"801432","top_m":7.5},"type":"Feature"},{"geometry":{"coordinates":[[[144.969414,-37.824174],[144.969404,-37.824151],[144.969368,-37.824161],[144.969363,-37.82415],[144.969259,-37.82418],[144.969263,-37.824189],[144.969256,-37.824191],[144.969263,-37.824206],[144.969268,-37.824205],[144.969333,-37.824344],[144.969505,-37.824294],[144.969496,-37.824274],[144.96965,-37.824229],[144.969599,-37.82412],[144.969414,-37.824174]]],"type":"Polygon"},"properties":{"base_m":6.2,"date_captured":"2022-01-20","footprint_type":"Structure","structure_id":"801427","top_m":11.4},"type":"Feature"},{"geometry":{"coordinates":[[[144.969439,-37.826977],[144.969395,-37.826975],[144.96939,-37.827045],[144.969433,-37.827047],[144.969439,-37.826977]]],"type":"Polygon"},"properties":{"base_m":0.0,"date_captured":"2018-05-28","footprint_type":"Structure","structure_id":"812950","top_m":3.0},"type":"Feature"},{"geometry":{"coordinates":[[[144.96944,-37.825628],[144.969422,-37.825648],[144.969418,-37.825653],[144.969411,-37.825662],[144.969405,-37.825671],[144.969399,-37.82568],[144.969394,-37.82569],[144.969393,-37.825693],[144.96939,-37.825703],[144.969387,-37.825712],[144.969386,-37.825722],[144.969385,-37.825731],[144.969386,-37.825737],[144.969386,-37.825741],[144.969387,-37.82575],[144.969389,-37.82576],[144.96939,-37.825763],[144.969392,-37.825769],[144.969395,-37.825776],[144.969399,-37.825786],[144.969405,-37.825797],[144.969411,-37.825807],[144.969418,-37.825816],[144.969425,-37.825826],[144.969434,-37.825835],[144.969443,-37.825843],[144.969453,-37.825851],[144.969464,-37.825858],[144.969491,-37.825875],[144.969518,-37.825891],[144.969543,-37.825905],[144.969555,-37.825911],[144.969595,-37.825931],[144.969634,-37.825949],[144.969674,-37.825966],[144.969681,-37.825958],[144.969721,-37.825909],[144.969698,-37.825897],[144.969759,-37.825824],[144.9697,-37.825793],[144.969698,-37.825796],[144.969665,-37.825835],[144.969607,-37.825805],[144.969581,-37.825836],[144.969535,-37.825812],[144.969506,-37.825847],[144.969502,-37.825851],[144.969498,-37.825849],[144.969493,-37.825845],[144.969479,-37.825836],[144.969478,-37.825835],[144.969469,-37.825827],[144.96946,-37.825819],[144.969453,-37.825811],[144.969445,-37.825802],[144.969439,-37.825793],[144.969433,-37.825783],[144.969429,-37.825775],[144.969424,-37.825765],[144.969421,-37.825755],[144.969418,-37.825744],[144.969418,-37.82574],[144.969417,-37.825733],[144.969418,-37.825726],[144.969419,-37.82572],[144.96942,-37.825713],[144.969422,-37.825706],[144.969424,-37.8257],[144.969427,-37.825694],[144.969431,-37.825688],[144.969435,-37.825682],[144.969439,-37.825676],[144.969444,-37.82567],[144.969449,-37.825665],[144.969614,-37.825752],[144.969633,-37.825729],[144.96944,-37.825628]]],"type":"Polygon"},"properties":{"base_m":72.0,"date_captured":"2018-05-28","footprint_type":"Structure","structure_id":"814863","top_m":74.5},"type":"Feature"},{"geometry":{"coordinates":[[[144.969477,-37.828081],[144.969431,-37.82808],[144.969429,-37.828125],[144.969475,-37.828126],[144.969482,-37.828126],[144.969484,-37.828082],[144.969477,-37.828081]]],"type":"Polygon"},"properties":{"base_m":1.0,"date_captured":"2018-05-28","footprint_type":"Structure","structure_id":"812958","top_m":14.5},"type":"Feature"},{"geometry":{"coordinates":[[[144.969483,-37.827931],[144.969436,-37.82793],[144.969434,-37.827975],[144.969481,-37.827977],[144.969483,-37.827931]]],"type":"Polygon"},"properties":{"base_m":0.0,"date_captured":"2018-05-28","footprint_type":"Structure","structure_id":"812958","top_m":10.5},"type":"Feature"},{"geometry":{"coordinates":[[[144.96949,-37.827781],[144.969442,-37.82778],[144.96944,-37.827826],[144.969488,-37.827828],[144.96949,-37.827781]]],"type":"Polygon"},"properties":{"base_m":0.0,"date_captured":"2018-05-28","footprint_type":"Structure","structure_id":"812958","top_m":10.5},"type":"Feature"},{"geometry":{"coordinates":[[[144.969496,-37.827627],[144.969443,-37.827626],[144.969441,-37.827681],[144.969494,-37.827682],[144.969508,-37.827682],[144.96951,-37.827628],[144.969496,-37.827627]]],"type":"Polygon"},"properties":{"base_m":0.5,"date_captured":"2018-05-28","footprint_type":"Structure","structure_id":"812958","top_m":15.5},"type":"Feature"},{"geometry":{"coordinates":[[[144.969503,-37.827482],[144.969453,-37.827481],[144.969451,-37.827527],[144.969501,-37.827528],[144.969503,-37.827482]]],"type":"Polygon"},"properties":{"base_m":0.0,"date_captured":"2018-05-28","footprint_type":"Structure","structure_id":"812958","top_m":10.5},"type":"Feature"},{"geometry":{"coordinates":[[[144.969506,-37.824363],[144.969478,-37.824301],[144.969333,-37.824344],[144.969161,-37.824365],[144.969138,-37.824357],[144.969061,-37.824379],[144.96895,-37.824387],[144.968974,-37.824437],[144.968997,-37.824431],[144.96903,-37.824503],[144.969026,-37.824505],[144.969081,-37.824623],[144.969085,-37.824622],[144.969118,-37.824693],[144.969196,-37.82467],[144.96921,-37.824701],[144.969285,-37.824679],[144.9693,-37.82471],[144.969468,-37.824661],[144.969434,-37.824587],[144.96938,-37.824603],[144.969348,-37.824533],[144.969401,-37.824517],[144.969398,-37.824509],[144.969346,-37.824397],[144.969397,-37.824383],[144.969402,-37.824393],[144.969506,-37.824363]]],"type":"Polygon"},"properties":{"base_m":6.2,"date_captured":"2022-01-20","footprint_type":"Structure","structure_id":"801427","top_m":9.1},"type":"Feature"},{"geometry":{"coordinates":[[[144.969528,-37.8298],[144.969366,-37.829847],[144.969325,-37.829859],[144.969281,-37.829871],[144.969469,-37.830277],[144.969578,-37.830245],[144.969575,-37.830239],[144.969864,-37.830155],[144.969857,-37.83014],[144.969788,-37.829992],[144.969661,-37.830029],[144.969673,-37.830057],[144.96965,-37.830063],[144.969528,-37.8298]]],"type":"Polygon"},"properties":{"base_m":18.0,"date_captured":"2018-05-28","footprint_type":"Structure","structure_id":"801971","top_m":67.5},"type":"Feature"},{"geometry":{"coordinates":[[[144.969535,-37.828908],[144.969533,-37.828904],[144.969608,-37.828882],[144.9696,-37.828865],[144.969637,-37.828854],[144.969578,-37.828723],[144.9693,-37.828802],[144.969361,-37.828935],[144.969403,-37.828924],[144.96941,-37.82894],[144.969482,-37.82892],[144.969483,-37.828923],[144.969535,-37.828908]]],"type":"Polygon"},"properties":{"base_m":0.0,"date_captured":"2018-05-28","footprint_type":"Structure","structure_id":"812939","top_m":4.5},"type":"Feature"},{"geometry":{"coordinates":[[[144.969544,-37.829394],[144.969562,-37.829389],[144.969518,-37.829295],[144.969512,-37.829297],[144.969491,-37.829306],[144.96947,-37.829314],[144.969449,-37.829321],[144.969427,-37.829328],[144.969405,-37.829334],[144.969382,-37.829339],[144.96936,-37.829343],[144.969339,-37.829347],[144.969294,-37.82936],[144.969303,-37.829379],[144.969254,-37.829393],[144.969246,-37.829374],[144.969065,-37.829427],[144.969256,-37.829839],[144.969356,-37.82981],[144.969348,-37.829794],[144.969369,-37.829787],[144.969377,-37.829804],[144.969485,-37.829773],[144.969376,-37.829538],[144.969516,-37.829497],[144.96952,-37.829507],[144.969596,-37.829485],[144.969558,-37.829403],[144.969549,-37.829406],[144.969544,-37.829394]]],"type":"Polygon"},"properties":{"base_m":15.0,"date_captured":"2018-05-28","footprint_type":"Structure","structure_id":"811979","top_m":66.0},"type":"Feature"},{"geometry":{"coordinates":[[[144.969544,-37.829394],[144.969562,-37.829389],[144.969518,-37.829295],[144.969512,-37.829297],[144.969491,-37.829306],[144.96947,-37.829314],[144.969449,-37.829321],[144.969427,-37.829328],[144.969405,-37.829334],[144.969382,-37.829339],[144.96936,-37.829343],[144.969339,-37.829347],[144.969294,-37.82936],[144.969303,-37.829379],[144.969337,-37.829454],[144.969544,-37.829394]]],"type":"Polygon"},"properties":{"base_m":66.0,"date_captured":"2018-05-28","footprint_type":"Structure","structure_id":"811979","top_m":68.5},"type":"Feature"},{"geometry":{"coordinates":[[[144.969552,-37.824461],[144.969506,-37.824363],[144.969402,-37.824393],[144.969397,-37.824383],[144.969346,-37.824397],[144.969398,-37.824509],[144.969412,-37.824505],[144.969422,-37.824529],[144.96946,-37.824518],[144.969449,-37.824493],[144.969514,-37.824474],[144.969532,-37.824512],[144.969543,-37.824509],[144.969558,-37.824541],[144.969584,-37.824534],[144.969581,-37.824528],[144.969602,-37.824521],[144.969614,-37.824548],[144.96969,-37.824525],[144.969709,-37.82452],[144.969714,-37.824531],[144.969829,-37.824498],[144.969823,-37.824487],[144.969906,-37.824463],[144.969912,-37.824477],[144.970021,-37.824445],[144.97011,-37.824419],[144.970055,-37.824299],[144.970034,-37.824305],[144.97002,-37.824309],[144.969975,-37.824212],[144.969985,-37.824209],[144.96994,-37.82411],[144.96993,-37.824113],[144.969921,-37.824093],[144.969797,-37.824129],[144.969806,-37.82415],[144.969787,-37.824155],[144.969833,-37.824253],[144.969845,-37.82425],[144.969856,-37.824275],[144.969822,-37.824285],[144.969862,-37.82437],[144.96981,-37.824386],[144.969806,-37.824378],[144.96975,-37.824394],[144.969662,-37.824419],[144.969621,-37.824431],[144.969625,-37.82444],[144.969579,-37.824453],[144.969552,-37.824461]]],"type":"Polygon"},"properties":{"base_m":7.1,"date_captured":"2022-01-20","footprint_type":"Structure","structure_id":"801427","top_m":9.8},"type":"Feature"},{"geometry":{"coordinates":[[[144.969599,-37.82412],[144.969614,-37.824151],[144.969685,-37.824131],[144.96967,-37.824099],[144.9697,-37.824091],[144.969694,-37.824076],[144.969863,-37.824027],[144.969808,-37.823907],[144.969651,-37.823953],[144.969653,-37.823958],[144.969613,-37.82397],[144.969641,-37.82403],[144.969263,-37.82414],[144.969279,-37.824175],[144.969363,-37.82415],[144.969368,-37.824161],[144.969404,-37.824151],[144.969414,-37.824174],[144.969599,-37.82412]]],"type":"Polygon"},"properties":{"base_m":6.2,"date_captured":"2022-01-20","footprint_type":"Structure","structure_id":"801427","top_m":12.9},"type":"Feature"},{"geometry":{"coordinates":[[[144.969614,-37.825752],[144.969633,-37.825729],[144.96944,-37.825628],[144.969422,-37.825648],[144.969418,-37.825653],[144.969411,-37.825662],[144.969405,-37.825671],[144.969399,-37.82568],[144.969394,-37.82569],[144.969393,-37.825693],[144.96939,-37.825703],[144.969387,-37.825712],[144.969386,-37.825722],[144.969385,-37.825731],[144.969386,-37.825737],[144.969386,-37.825741],[144.969387,-37.82575],[144.969389,-37.82576],[144.96939,-37.825763],[144.969392,-37.825769],[144.969395,-37.825776],[144.969399,-37.825786],[144.969405,-37.825797],[144.969411,-37.825807],[144.969418,-37.825816],[144.969425,-37.825826],[144.969434,-37.825835],[144.969443,-37.825843],[144.969453,-37.825851],[144.969464,-37.825858],[144.969491,-37.825875],[144.969518,-37.825891],[144.969543,-37.825905],[144.969555,-37.825911],[144.969595,-37.825931],[144.969634,-37.825949],[144.969674,-37.825966],[144.969681,-37.825958],[144.969721,-37.825909],[144.969782,-37.825836],[144.969759,-37.825824],[144.9697,-37.825793],[144.969698,-37.825796],[144.969614,-37.825752]]],"type":"Polygon"},"properties":{"base_m":69.0,"date_captured":"2018-05-28","footprint_type":"Structure","structure_id":"814863","top_m":72.0},"type":"Feature"},{"geometry":{"coordinates":[[[144.969636,-37.82506],[144.969721,-37.825035],[144.96963,-37.824839],[144.969619,-37.824842],[144.969534,-37.824866],[144.969623,-37.825057],[144.969626,-37.825063],[144.969636,-37.82506]]],"type":"Polygon"},"properties":{"base_m":13.5,"date_captured":"2018-05-28","footprint_type":"Structure","structure_id":"801425","top_m":15.5},"type":"Feature"},{"geometry":{"coordinates":[[[144.969639,-37.828295],[144.969413,-37.828289],[144.969408,-37.828378],[144.969516,-37.828381],[144.969515,-37.828402],[144.96955,-37.828403],[144.969549,-37.828433],[144.969632,-37.828436],[144.969639,-37.828295]]],"type":"Polygon"},"properties":{"base_m":0.0,"date_captured":"2018-05-28","footprint_type":"Structure","structure_id":"812947","top_m":12.0},"type":"Feature"},{"geometry":{"coordinates":[[[144.969647,-37.83012],[144.969625,-37.830072],[144.969528,-37.8301],[144.969551,-37.830148],[144.969647,-37.83012]]],"type":"Polygon"},"properties":{"base_m":67.5,"date_captured":"2018-05-28","footprint_type":"Structure","structure_id":"801971","top_m":69.5},"type":"Feature"},{"geometry":{"coordinates":[[[144.969651,-37.823953],[144.969638,-37.823925],[144.969579,-37.823942],[144.969588,-37.823961],[144.969415,-37.824011],[144.969411,-37.824002],[144.969224,-37.824057],[144.969263,-37.82414],[144.969641,-37.82403],[144.969613,-37.82397],[144.969653,-37.823958],[144.969651,-37.823953]]],"type":"Polygon"},"properties":{"base_m":11.0,"date_captured":"2018-05-28","footprint_type":"Structure","structure_id":"801427","top_m":15.0},"type":"Feature"},{"geometry":{"coordinates":[[[144.969651,-37.823953],[144.969638,-37.823925],[144.969579,-37.823942],[144.969588,-37.823961],[144.969415,-37.824011],[144.969411,-37.824002],[144.969224,-37.824057],[144.969263,-37.82414],[144.969641,-37.82403],[144.969613,-37.82397],[144.969653,-37.823958],[144.969651,-37.823953]]],"type":"Polygon"},"properties":{"base_m":12.9,"date_captured":"2022-01-20","footprint_type":"Structure","structure_id":"801427","top_m":15.0},"type":"Feature"},{"geometry":{"coordinates":[[[144.969662,-37.82976],[144.969528,-37.8298],[144.969366,-37.829847],[144.969325,-37.829859],[144.969281,-37.829871],[144.969469,-37.830277],[144.969578,-37.830245],[144.969575,-37.830239],[144.969864,-37.830155],[144.969857,-37.83014],[144.969788,-37.829992],[144.969767,-37.829948],[144.969752,-37.829952],[144.969662,-37.82976]]],"type":"Polygon"},"properties":{"base_m":0.0,"date_captured":"2018-05-28","footprint_type":"Structure","structure_id":"801971","top_m":18.0},"type":"Feature"},{"geometry":{"coordinates":[[[144.969666,-37.829824],[144.969662,-37.829791],[144.969558,-37.829799],[144.969562,-37.829832],[144.969666,-37.829824]]],"type":"Polygon"},"properties":{"base_m":18.0,"date_captured":"2018-05-28","footprint_type":"Structure","structure_id":"801971","top_m":20.0},"type":"Feature"},{"geometry":{"coordinates":[[[144.969673,-37.829325],[144.969656,-37.82929],[144.969642,-37.829259],[144.969528,-37.829292],[144.969543,-37.829323],[144.969572,-37.829385],[144.969592,-37.829379],[144.969612,-37.829422],[144.969592,-37.829428],[144.969616,-37.82948],[144.969634,-37.82952],[144.969687,-37.829504],[144.969691,-37.829512],[144.969752,-37.829494],[144.969733,-37.829453],[144.969716,-37.829458],[144.969702,-37.829429],[144.969697,-37.829417],[144.969714,-37.829413],[144.969673,-37.829325]]],"type":"Polygon"},"properties":{"base_m":11.0,"date_captured":"2018-05-28","footprint_type":"Structure","structure_id":"801162","top_m":62.5},"type":"Feature"},{"geometry":{"coordinates":[[[144.969675,-37.827432],[144.969505,-37.827428],[144.969503,-37.827482],[144.969501,-37.827528],[144.969496,-37.827627],[144.96951,-37.827628],[144.969508,-37.827682],[144.969494,-37.827682],[144.96949,-37.827781],[144.969488,-37.827828],[144.969483,-37.827931],[144.969481,-37.827977],[144.969477,-37.828081],[144.969484,-37.828082],[144.969482,-37.828126],[144.969475,-37.828126],[144.969472,-37.828183],[144.969643,-37.828188],[144.969675,-37.827432]]],"type":"Polygon"},"properties":{"base_m":0.5,"date_captured":"2018-05-28","footprint_type":"Structure","structure_id":"812958","top_m":13.0},"type":"Feature"},{"geometry":{"coordinates":[[[144.969675,-37.827432],[144.969699,-37.827433],[144.9697,-37.827404],[144.969675,-37.827403],[144.969682,-37.827246],[144.969513,-37.827242],[144.969505,-37.827428],[144.969675,-37.827432]]],"type":"Polygon"},"properties":{"base_m":0.5,"date_captured":"2018-05-28","footprint_type":"Structure","structure_id":"812958","top_m":9.5},"type":"Feature"},{"geometry":{"coordinates":[[[144.969676,-37.823689],[144.969667,-37.82367],[144.969578,-37.823697],[144.96957,-37.8237],[144.969576,-37.823712],[144.969475,-37.823743],[144.96946,-37.823712],[144.969452,-37.823714],[144.969403,-37.823729],[144.969424,-37.823773],[144.969427,-37.823773],[144.969461,-37.823762],[144.969483,-37.823808],[144.969449,-37.823818],[144.969444,-37.82382],[144.969465,-37.823865],[144.969523,-37.823847],[144.969517,-37.823836],[144.969508,-37.823817],[144.96961,-37.823786],[144.969617,-37.823802],[144.969628,-37.823799],[144.969678,-37.823784],[144.969704,-37.823776],[144.969716,-37.823772],[144.969676,-37.823689]]],"type":"Polygon"},"properties":{"base_m":9.4,"date_captured":"2023-05-11","footprint_type":"Structure","structure_id":"801429","top_m":13.0},"type":"Feature"},{"geometry":{"coordinates":[[[144.969681,-37.825958],[144.969721,-37.825909],[144.969782,-37.825836],[144.969795,-37.825821],[144.969736,-37.825789],[144.96974,-37.825785],[144.969705,-37.825767],[144.969633,-37.825729],[144.96944,-37.825628],[144.969422,-37.825648],[144.969418,-37.825653],[144.969411,-37.825662],[144.969405,-37.825671],[144.969399,-37.82568],[144.969394,-37.82569],[144.969393,-37.825693],[144.96939,-37.825703],[144.969387,-37.825712],[144.969386,-37.825722],[144.969385,-37.825731],[144.969386,-37.825737],[144.969386,-37.825741],[144.969387,-37.82575],[144.969389,-37.82576],[144.96939,-37.825763],[144.969392,-37.825769],[144.969395,-37.825776],[144.969399,-37.825786],[144.969405,-37.825797],[144.969411,-37.825807],[144.969418,-37.825816],[144.969425,-37.825826],[144.969434,-37.825835],[144.969443,-37.825843],[144.969453,-37.825851],[144.969464,-37.825858],[144.969491,-37.825875],[144.969518,-37.825891],[144.969543,-37.825905],[144.969555,-37.825911],[144.969595,-37.825931],[144.969634,-37.825949],[144.969674,-37.825966],[144.969681,-37.825958]]],"type":"Polygon"},"properties":{"base_m":14.5,"date_captured":"2018-05-28","footprint_type":"Structure","structure_id":"814863","top_m":69.0},"type":"Feature"},{"geometry":{"coordinates":[[[144.969687,-37.82875],[144.969669,-37.828714],[144.969603,-37.828735],[144.96962,-37.82877],[144.969687,-37.82875]]],"type":"Polygon"},"properties":{"base_m":0.0,"date_captured":"2018-05-28","footprint_type":"Structure","structure_id":"812942","top_m":2.0},"type":"Feature"},{"geometry":{"coordinates":[[[144.969688,-37.829908],[144.969681,-37.829848],[144.969639,-37.829851],[144.969646,-37.829911],[144.969688,-37.829908]]],"type":"Polygon"},"properties":{"base_m":18.0,"date_captured":"2018-05-28","footprint_type":"Structure","structure_id":"801971","top_m":20.0},"type":"Feature"},{"geometry":{"coordinates":[[[144.969692,-37.829532],[144.96976,-37.829512],[144.969752,-37.829494],[144.969733,-37.829453],[144.969714,-37.829413],[144.969673,-37.829325],[144.969656,-37.82929],[144.969642,-37.829259],[144.969528,-37.829292],[144.969543,-37.829323],[144.969572,-37.829385],[144.969592,-37.829428],[144.969616,-37.82948],[144.969634,-37.82952],[144.969646,-37.829546],[144.969692,-37.829532]]],"type":"Polygon"},"properties":{"base_m":0.0,"date_captured":"2018-05-28","footprint_type":"Structure","structure_id":"801162","top_m":11.0},"type":"Feature"},{"geometry":{"coordinates":[[[144.969714,-37.826168],[144.969246,-37.826157],[144.969113,-37.826599],[144.969194,-37.826615],[144.96931,-37.826232],[144.96972,-37.826241],[144.969721,-37.826203],[144.969713,-37.826203],[144.969714,-37.826168]]],"type":"Polygon"},"properties":{"base_m":0.0,"date_captured":"2018-05-28","footprint_type":"Structure","structure_id":"812954","top_m":6.0},"type":"Feature"},{"geometry":{"coordinates":[[[144.969714,-37.829413],[144.969673,-37.829325],[144.969579,-37.829353],[144.969592,-37.829379],[144.969612,-37.829422],[144.96962,-37.82944],[144.969697,-37.829417],[144.969714,-37.829413]]],"type":"Polygon"},"properties":{"base_m":62.5,"date_captured":"2018-05-28","footprint_type":"Structure","structure_id":"801162","top_m":65.0},"type":"Feature"},{"geometry":{"coordinates":[[[144.969716,-37.829458],[144.969702,-37.829429],[144.969624,-37.829453],[144.969637,-37.829482],[144.969716,-37.829458]]],"type":"Polygon"},"properties":{"base_m":62.5,"date_captured":"2018-05-28","footprint_type":"Structure","structure_id":"801162","top_m":65.0},"type":"Feature"},{"geometry":{"coordinates":[[[144.969719,-37.824649],[144.969552,-37.824698],[144.969555,-37.824705],[144.969529,-37.824712],[144.969523,-37.824699],[144.969481,-37.824712],[144.969227,-37.824744],[144.969246,-37.824841],[144.96922,-37.824843],[144.969221,-37.82485],[144.969223,-37.824857],[144.969225,-37.824864],[144.969228,-37.824871],[144.969231,-37.824877],[144.969234,-37.824883],[144.969239,-37.824889],[144.969243,-37.824895],[144.969248,-37.824901],[144.969254,-37.824906],[144.96926,-37.824911],[144.969266,-37.824916],[144.969273,-37.82492],[144.96928,-37.824925],[144.969288,-37.824928],[144.969295,-37.824932],[144.969303,-37.824935],[144.969311,-37.824937],[144.96932,-37.824939],[144.969328,-37.824941],[144.969337,-37.824942],[144.969345,-37.824943],[144.969354,-37.824943],[144.969363,-37.824943],[144.969371,-37.824943],[144.96938,-37.824942],[144.969389,-37.824941],[144.969391,-37.82494],[144.969498,-37.82517],[144.969535,-37.825159],[144.969547,-37.825185],[144.96959,-37.825173],[144.969614,-37.825166],[144.969617,-37.825173],[144.969641,-37.825166],[144.969644,-37.825171],[144.969749,-37.82514],[144.969809,-37.825123],[144.970028,-37.825059],[144.970026,-37.825053],[144.970054,-37.825048],[144.97004,-37.824962],[144.970024,-37.824963],[144.969995,-37.824907],[144.969965,-37.824915],[144.969934,-37.824885],[144.96987,-37.824904],[144.969871,-37.824939],[144.969875,-37.824962],[144.969845,-37.824971],[144.969836,-37.824922],[144.96983,-37.824919],[144.969761,-37.82494],[144.969737,-37.824888],[144.969811,-37.824866],[144.969764,-37.824808],[144.969789,-37.824801],[144.969719,-37.824649]]],"type":"Polygon"},"properties":{"base_m":0.0,"date_captured":"2018-05-28","footprint_type":"Structure","structure_id":"801425","top_m":5.5},"type":"Feature"},{"geometry":{"coordinates":[[[144.969719,-37.824649],[144.969552,-37.824698],[144.969555,-37.824705],[144.969529,-37.824712],[144.969523,-37.824699],[144.969481,-37.824712],[144.969227,-37.824744],[144.969246,-37.824841],[144.969253,-37.824874],[144.969359,-37.82486],[144.969369,-37.824882],[144.969365,-37.824883],[144.969391,-37.82494],[144.969498,-37.82517],[144.969535,-37.825159],[144.969547,-37.825185],[144.96959,-37.825173],[144.969614,-37.825166],[144.969617,-37.825173],[144.969641,-37.825166],[144.969644,-37.825171],[144.969749,-37.82514],[144.969809,-37.825123],[144.970028,-37.825059],[144.970026,-37.825053],[144.970054,-37.825048],[144.97004,-37.824962],[144.970024,-37.824963],[144.969995,-37.824907],[144.969965,-37.824915],[144.969934,-37.824885],[144.96987,-37.824904],[144.969871,-37.824939],[144.969875,-37.824962],[144.969845,-37.824971],[144.969836,-37.824922],[144.96983,-37.824919],[144.969761,-37.82494],[144.969737,-37.824888],[144.969811,-37.824866],[144.969764,-37.824808],[144.969789,-37.824801],[144.969719,-37.824649]]],"type":"Polygon"},"properties":{"base_m":5.5,"date_captured":"2018-05-28","footprint_type":"Structure","structure_id":"801425","top_m":9.0},"type":"Feature"},{"geometry":{"coordinates":[[[144.969721,-37.826203],[144.969817,-37.826206],[144.969818,-37.82617],[144.969714,-37.826168],[144.969713,-37.826203],[144.969721,-37.826203]]],"type":"Polygon"},"properties":{"base_m":1.0,"date_captured":"2018-05-28","footprint_type":"Structure","structure_id":"812954","top_m":9.0},"type":"Feature"},{"geometry":{"coordinates":[[[144.969731,-37.829968],[144.969727,-37.82993],[144.96966,-37.829934],[144.969665,-37.829972],[144.969731,-37.829968]]],"type":"Polygon"},"properties":{"base_m":18.0,"date_captured":"2018-05-28","footprint_type":"Structure","structure_id":"801971","top_m":20.0},"type":"Feature"},{"geometry":{"coordinates":[[[144.969744,-37.82644],[144.969715,-37.826439],[144.969716,-37.826433],[144.969633,-37.826431],[144.969632,-37.826473],[144.969487,-37.826469],[144.969483,-37.826568],[144.969492,-37.826569],[144.969491,-37.826591],[144.969738,-37.826597],[144.969744,-37.82644]]],"type":"Polygon"},"properties":{"base_m":0.0,"date_captured":"2018-05-28","footprint_type":"Structure","structure_id":"812955","top_m":11.0},"type":"Feature"},{"geometry":{"coordinates":[[[144.969759,-37.825824],[144.9697,-37.825793],[144.969698,-37.825796],[144.969665,-37.825835],[144.969607,-37.825805],[144.969581,-37.825836],[144.969535,-37.825812],[144.969506,-37.825847],[144.969587,-37.82589],[144.969594,-37.825881],[144.969608,-37.825888],[144.96963,-37.825862],[144.969698,-37.825897],[144.969759,-37.825824]]],"type":"Polygon"},"properties":{"base_m":74.5,"date_captured":"2018-05-28","footprint_type":"Structure","structure_id":"814863","top_m":78.0},"type":"Feature"},{"geometry":{"coordinates":[[[144.969761,-37.82494],[144.969737,-37.824888],[144.969707,-37.824825],[144.969764,-37.824808],[144.969789,-37.824801],[144.969719,-37.824649],[144.969552,-37.824698],[144.969555,-37.824705],[144.969619,-37.824842],[144.969534,-37.824866],[144.969463,-37.824887],[144.96949,-37.824946],[144.969477,-37.82495],[144.969478,-37.824956],[144.969485,-37.824981],[144.969496,-37.825004],[144.969511,-37.825026],[144.969524,-37.825023],[144.96955,-37.825078],[144.969623,-37.825057],[144.969626,-37.825063],[144.969636,-37.82506],[144.969642,-37.825072],[144.969708,-37.825053],[144.969749,-37.82514],[144.969809,-37.825123],[144.970028,-37.825059],[144.970026,-37.825053],[144.970025,-37.825044],[144.970014,-37.825012],[144.97,-37.824982],[144.969981,-37.824953],[144.96991,-37.824974],[144.969905,-37.824963],[144.969787,-37.824997],[144.969761,-37.82494]]],"type":"Polygon"},"properties":{"base_m":9.0,"date_captured":"2018-05-28","footprint_type":"Structure","structure_id":"801425","top_m":13.5},"type":"Feature"},{"geometry":{"coordinates":[[[144.969788,-37.82361],[144.969735,-37.823626],[144.969748,-37.823653],[144.96968,-37.823674],[144.969686,-37.823686],[144.969694,-37.823703],[144.969684,-37.823706],[144.969676,-37.823689],[144.969667,-37.82367],[144.969578,-37.823697],[144.969564,-37.823666],[144.969446,-37.823701],[144.969452,-37.823714],[144.969403,-37.823729],[144.969424,-37.823773],[144.969427,-37.823773],[144.969449,-37.823818],[144.969444,-37.82382],[144.969465,-37.823865],[144.969523,-37.823847],[144.969517,-37.823836],[144.96963,-37.823803],[144.969628,-37.823799],[144.969678,-37.823784],[144.96969,-37.823808],[144.969716,-37.823801],[144.969704,-37.823776],[144.969716,-37.823772],[144.969729,-37.823769],[144.969756,-37.823826],[144.969875,-37.82379],[144.969859,-37.823756],[144.96987,-37.823753],[144.969825,-37.823659],[144.969813,-37.823663],[144.969788,-37.82361]]],"type":"Polygon"},"properties":{"base_m":0.0,"date_captured":"2023-05-11","footprint_type":"Structure","structure_id":"801429","top_m":9.1},"type":"Feature"},{"geometry":{"coordinates":[[[144.969806,-37.82415],[144.96993,-37.824113],[144.969921,-37.824093],[144.969797,-37.824129],[144.969806,-37.82415]]],"type":"Polygon"},"properties":{"base_m":9.8,"date_captured":"2022-01-20","footprint_type":"Structure","structure_id":"801427","top_m":16.0},"type":"Feature"},{"geometry":{"coordinates":[[[144.969808,-37.823907],[144.969651,-37.823953],[144.969638,-37.823925],[144.969579,-37.823942],[144.969588,-37.823961],[144.969415,-37.824011],[144.969411,-37.824002],[144.969224,-37.824057],[144.969263,-37.82414],[144.969279,-37.824175],[144.969259,-37.82418],[144.969263,-37.824189],[144.969256,-37.824191],[144.969263,-37.824206],[144.969253,-37.824209],[144.969219,-37.824136],[144.969041,-37.824187],[144.96911,-37.824338],[144.969115,-37.824336],[144.969122,-37.824351],[144.969138,-37.824357],[144.969061,-37.824379],[144.96895,-37.824387],[144.968974,-37.824437],[144.968997,-37.824431],[144.96903,-37.824503],[144.969026,-37.824505],[144.969081,-37.824623],[144.969085,-37.824622],[144.969118,-37.824693],[144.969196,-37.82467],[144.96921,-37.824701],[144.969285,-37.824679],[144.9693,-37.82471],[144.969468,-37.824661],[144.96947,-37.824665],[144.969592,-37.824629],[144.969552,-37.824543],[144.969558,-37.824541],[144.969584,-37.824534],[144.969581,-37.824528],[144.969602,-37.824521],[144.969614,-37.824548],[144.969637,-37.824598],[144.969714,-37.824575],[144.96969,-37.824525],[144.969708,-37.82452],[144.969709,-37.82452],[144.969714,-37.824531],[144.969829,-37.824498],[144.969823,-37.824487],[144.969906,-37.824463],[144.969912,-37.824477],[144.969912,-37.824477],[144.970021,-37.824445],[144.97011,-37.824419],[144.970055,-37.824299],[144.970034,-37.824305],[144.97002,-37.824309],[144.97002,-37.824309],[144.969975,-37.824212],[144.969985,-37.824209],[144.96994,-37.82411],[144.96993,-37.824113],[144.969921,-37.824093],[144.969797,-37.824129],[144.969806,-37.82415],[144.969787,-37.824155],[144.969833,-37.824253],[144.969845,-37.82425],[144.969856,-37.824275],[144.969822,-37.824285],[144.969862,-37.82437],[144.96981,-37.824386],[144.969806,-37.824378],[144.96975,-37.824394],[144.969748,-37.824394],[144.969709,-37.824311],[144.969624,-37.824336],[144.969662,-37.824419],[144.969621,-37.824431],[144.969625,-37.82444],[144.969579,-37.824453],[144.969505,-37.824294],[144.969496,-37.824274],[144.96965,-37.824229],[144.969614,-37.824151],[144.969685,-37.824131],[144.96967,-37.824099],[144.9697,-37.824091],[144.969694,-37.824076],[144.969863,-37.824027],[144.969808,-37.823907]],[[144.969348,-37.824533],[144.969401,-37.824517],[144.969434,-37.824587],[144.96938,-37.824603],[144.969348,-37.824533]]],"type":"Polygon"},"properties":{"base_m":0.0,"date_captured":"2022-01-20","footprint_type":"Structure","structure_id":"801427","top_m":6.2},"type":"Feature"},{"geometry":{"coordinates":[[[144.969808,-37.823907],[144.969651,-37.823953],[144.969638,-37.823925],[144.969579,-37.823942],[144.969588,-37.823961],[144.969415,-37.824011],[144.969411,-37.824002],[144.969224,-37.824057],[144.969263,-37.82414],[144.969279,-37.824175],[144.969363,-37.82415],[144.969368,-37.824161],[144.969404,-37.824151],[144.969414,-37.824174],[144.969438,-37.824167],[144.969488,-37.824276],[144.969496,-37.824274],[144.96965,-37.824229],[144.969614,-37.824151],[144.969685,-37.824131],[144.969671,-37.824099],[144.9697,-37.824091],[144.969694,-37.824076],[144.969863,-37.824027],[144.969808,-37.823907]]],"type":"Polygon"},"properties":{"base_m":8.0,"date_captured":"2018-05-28","footprint_type":"Structure","structure_id":"801427","top_m":11.0},"type":"Feature"},{"geometry":{"coordinates":[[[144.969825,-37.828318],[144.969802,-37.828317],[144.969798,-37.828454],[144.969793,-37.828593],[144.969792,-37.82862],[144.969787,-37.828767],[144.969756,-37.828775],[144.969779,-37.828827],[144.96981,-37.828897],[144.969817,-37.828895],[144.970422,-37.828717],[144.970431,-37.828454],[144.970321,-37.828452],[144.970307,-37.828452],[144.970307,-37.828459],[144.969958,-37.828452],[144.969962,-37.828321],[144.969937,-37.82832],[144.969825,-37.828318]],[[144.969953,-37.82858],[144.970268,-37.828588],[144.970267,-37.828627],[144.969946,-37.828722],[144.969947,-37.828694],[144.96995,-37.828694],[144.969953,-37.82858]]],"type":"Polygon"},"properties":{"base_m":13.0,"date_captured":"2018-05-28","footprint_type":"Structure","structure_id":"812944","top_m":22.5},"type":"Feature"},{"geometry":{"coordinates":[[[144.969835,-37.829671],[144.96976,-37.829512],[144.969655,-37.829543],[144.969729,-37.829702],[144.969835,-37.829671]]],"type":"Polygon"},"properties":{"base_m":0.0,"date_captured":"2023-05-11","footprint_type":"Structure","structure_id":"800043","top_m":8.2},"type":"Feature"},{"geometry":{"coordinates":[[[144.969835,-37.829671],[144.969951,-37.829637],[144.969773,-37.829256],[144.969656,-37.82929],[144.969673,-37.829325],[144.969714,-37.829413],[144.969733,-37.829453],[144.969752,-37.829494],[144.96976,-37.829512],[144.969775,-37.829544],[144.969835,-37.829671]]],"type":"Polygon"},"properties":{"base_m":0.0,"date_captured":"2018-05-28","footprint_type":"Structure","structure_id":"801480","top_m":11.0},"type":"Feature"},{"geometry":{"coordinates":[[[144.969879,-37.825822],[144.969855,-37.825819],[144.969832,-37.825816],[144.969809,-37.825812],[144.969787,-37.825807],[144.969781,-37.825806],[144.969793,-37.825789],[144.969773,-37.825785],[144.969745,-37.825778],[144.969719,-37.825771],[144.969705,-37.825767],[144.969633,-37.825729],[144.96944,-37.825628],[144.969422,-37.825648],[144.969418,-37.825653],[144.969411,-37.825662],[144.969405,-37.825671],[144.969399,-37.82568],[144.969394,-37.82569],[144.969393,-37.825693],[144.96939,-37.825703],[144.969387,-37.825712],[144.969386,-37.825722],[144.969385,-37.825731],[144.969386,-37.825737],[144.969386,-37.825741],[144.969387,-37.82575],[144.969389,-37.82576],[144.96939,-37.825763],[144.969362,-37.825859],[144.969674,-37.825966],[144.969681,-37.825958],[144.96969,-37.825961],[144.969711,-37.825968],[144.969731,-37.825974],[144.969752,-37.825979],[144.969773,-37.825984],[144.969794,-37.825988],[144.969816,-37.825991],[144.969837,-37.825993],[144.969859,-37.825995],[144.969881,-37.825996],[144.969902,-37.825996],[144.969912,-37.825996],[144.969914,-37.826007],[144.969922,-37.826007],[144.97033,-37.826011],[144.970302,-37.825898],[144.970299,-37.825887],[144.970303,-37.82588],[144.970307,-37.82587],[144.97031,-37.82586],[144.970312,-37.825849],[144.970314,-37.825839],[144.970314,-37.825828],[144.970314,-37.825825],[144.970314,-37.825817],[144.970313,-37.825807],[144.970311,-37.825796],[144.970303,-37.825768],[144.970078,-37.8258],[144.969988,-37.825813],[144.969969,-37.825812],[144.96994,-37.825811],[144.969912,-37.825808],[144.969898,-37.825806],[144.969902,-37.825824],[144.969879,-37.825822]]],"type":"Polygon"},"properties":{"base_m":10.5,"date_captured":"2018-05-28","footprint_type":"Structure","structure_id":"814863","top_m":14.5},"type":"Feature"},{"geometry":{"coordinates":[[[144.969897,-37.826339],[144.96985,-37.826338],[144.969847,-37.826411],[144.969895,-37.826412],[144.969897,-37.826339]]],"type":"Polygon"},"properties":{"base_m":0.0,"date_captured":"2018-05-28","footprint_type":"Structure","structure_id":"812956","top_m":3.0},"type":"Feature"},{"geometry":{"coordinates":[[[144.96992,-37.824228],[144.969878,-37.82424],[144.96989,-37.824265],[144.96986,-37.824274],[144.969912,-37.824386],[144.969583,-37.824482],[144.969602,-37.824521],[144.969894,-37.824436],[144.969906,-37.824463],[144.969912,-37.824477],[144.970021,-37.824445],[144.96992,-37.824228]]],"type":"Polygon"},"properties":{"base_m":14.5,"date_captured":"2018-05-28","footprint_type":"Structure","structure_id":"801427","top_m":17.0},"type":"Feature"},{"geometry":{"coordinates":[[[144.96992,-37.824228],[144.969878,-37.82424],[144.96989,-37.824265],[144.96986,-37.824274],[144.969912,-37.824386],[144.969583,-37.824482],[144.969602,-37.824521],[144.969894,-37.824436],[144.969906,-37.824463],[144.969912,-37.824477],[144.970021,-37.824445],[144.96992,-37.824228]]],"type":"Polygon"},"properties":{"base_m":14.5,"date_captured":"2022-01-20","footprint_type":"Structure","structure_id":"801427","top_m":16.9},"type":"Feature"},{"geometry":{"coordinates":[[[144.969921,-37.824093],[144.969797,-37.824129],[144.969806,-37.82415],[144.969787,-37.824155],[144.969833,-37.824253],[144.969845,-37.82425],[144.969856,-37.824275],[144.969822,-37.824285],[144.969862,-37.82437],[144.96981,-37.824386],[144.969806,-37.824378],[144.96975,-37.824394],[144.969662,-37.824419],[144.969621,-37.824431],[144.969625,-37.82444],[144.969579,-37.824453],[144.969552,-37.824461],[144.969506,-37.824363],[144.969402,-37.824393],[144.969397,-37.824383],[144.969346,-37.824397],[144.969398,-37.824509],[144.969401,-37.824517],[144.969434,-37.824587],[144.96947,-37.824665],[144.969592,-37.824629],[144.969552,-37.824543],[144.969558,-37.824541],[144.969584,-37.824534],[144.969581,-37.824528],[144.969602,-37.824521],[144.969614,-37.824548],[144.96969,-37.824525],[144.969709,-37.82452],[144.969714,-37.824531],[144.969829,-37.824498],[144.969823,-37.824487],[144.969906,-37.824463],[144.969912,-37.824477],[144.970021,-37.824445],[144.97011,-37.824419],[144.970055,-37.824299],[144.970034,-37.824305],[144.97002,-37.824309],[144.969975,-37.824212],[144.969985,-37.824209],[144.96994,-37.82411],[144.96993,-37.824113],[144.969921,-37.824093]]],"type":"Polygon"},"properties":{"base_m":6.2,"date_captured":"2022-01-20","footprint_type":"Structure","structure_id":"801427","top_m":7.1},"type":"Feature"},{"geometry":{"coordinates":[[[144.969921,-37.824093],[144.969797,-37.824129],[144.969806,-37.82415],[144.969787,-37.824155],[144.969833,-37.824253],[144.969845,-37.82425],[144.969856,-37.824275],[144.969822,-37.824285],[144.969862,-37.82437],[144.96981,-37.824386],[144.969806,-37.824378],[144.96975,-37.824394],[144.969662,-37.824419],[144.969621,-37.824432],[144.969625,-37.82444],[144.969579,-37.824453],[144.969513,-37.824473],[144.969532,-37.824512],[144.969543,-37.824509],[144.969558,-37.824541],[144.969584,-37.824534],[144.969581,-37.824528],[144.969602,-37.824521],[144.969614,-37.824548],[144.96969,-37.824525],[144.969906,-37.824463],[144.969912,-37.824477],[144.970021,-37.824445],[144.97011,-37.824419],[144.970055,-37.824299],[144.970034,-37.824305],[144.97002,-37.824309],[144.969975,-37.824212],[144.969985,-37.824209],[144.96994,-37.82411],[144.96993,-37.824113],[144.969921,-37.824093]]],"type":"Polygon"},"properties":{"base_m":8.0,"date_captured":"2018-05-28","footprint_type":"Structure","structure_id":"801427","top_m":14.5},"type":"Feature"},{"geometry":{"coordinates":[[[144.969922,-37.826007],[144.969935,-37.826006],[144.969948,-37.826005],[144.969961,-37.826004],[144.969975,-37.826003],[144.969976,-37.826003],[144.969994,-37.826001],[144.970012,-37.825999],[144.97003,-37.825997],[144.970048,-37.825995],[144.970066,-37.825992],[144.970083,-37.82599],[144.970101,-37.825987],[144.970118,-37.825984],[144.970135,-37.825981],[144.970151,-37.825978],[144.970159,-37.825977],[144.970173,-37.825973],[144.970187,-37.825969],[144.9702,-37.825963],[144.970214,-37.825958],[144.970226,-37.825951],[144.970238,-37.825945],[144.97025,-37.825937],[144.970261,-37.825929],[144.970271,-37.82592],[144.970281,-37.825911],[144.97029,-37.825902],[144.970292,-37.825899],[144.970298,-37.82589],[144.970299,-37.825887],[144.970303,-37.82588],[144.970307,-37.82587],[144.97031,-37.82586],[144.970312,-37.825849],[144.970314,-37.825839],[144.970314,-37.825828],[144.970314,-37.825825],[144.970314,-37.825817],[144.970313,-37.825807],[144.970311,-37.825796],[144.970303,-37.825768],[144.970078,-37.8258],[144.969988,-37.825813],[144.969941,-37.82582],[144.969942,-37.825826],[144.969875,-37.825835],[144.969881,-37.82586],[144.969899,-37.82594],[144.969912,-37.825996],[144.969914,-37.826007],[144.969922,-37.826007]]],"type":"Polygon"},"properties":{"base_m":14.5,"date_captured":"2018-05-28","footprint_type":"Structure","structure_id":"814863","top_m":66.5},"type":"Feature"},{"geometry":{"coordinates":[[[144.969928,-37.829182],[144.96976,-37.829228],[144.969773,-37.829256],[144.969845,-37.829409],[144.969911,-37.829388],[144.969905,-37.829376],[144.969989,-37.829349],[144.970078,-37.829526],[144.970092,-37.829554],[144.97019,-37.829525],[144.970296,-37.829494],[144.970339,-37.829481],[144.97029,-37.829373],[144.970307,-37.829369],[144.970275,-37.829296],[144.970254,-37.829302],[144.970212,-37.829209],[144.97017,-37.829114],[144.970129,-37.829125],[144.970125,-37.829116],[144.969923,-37.829172],[144.969928,-37.829182]]],"type":"Polygon"},"properties":{"base_m":18.9,"date_captured":"2022-01-20","footprint_type":"Structure","structure_id":"805695","top_m":63.3},"type":"Feature"},{"geometry":{"coordinates":[[[144.969933,-37.829194],[144.970134,-37.829138],[144.970125,-37.829116],[144.969923,-37.829172],[144.969933,-37.829194]]],"type":"Polygon"},"properties":{"base_m":63.1,"date_captured":"2022-01-20","footprint_type":"Structure","structure_id":"819283","top_m":65.8},"type":"Feature"},{"geometry":{"coordinates":[[[144.96994,-37.828222],[144.969918,-37.828221],[144.969916,-37.828304],[144.969937,-37.828304],[144.970326,-37.828312],[144.970351,-37.828313],[144.970354,-37.82823],[144.97016,-37.828226],[144.97016,-37.828233],[144.970111,-37.828232],[144.970111,-37.828225],[144.96996,-37.828222],[144.96994,-37.828222]]],"type":"Polygon"},"properties":{"base_m":13.0,"date_captured":"2018-05-28","footprint_type":"Structure","structure_id":"812944","top_m":18.5},"type":"Feature"},{"geometry":{"coordinates":[[[144.969952,-37.824663],[144.969977,-37.824718],[144.970064,-37.824693],[144.970142,-37.82486],[144.970112,-37.824869],[144.970144,-37.82494],[144.970133,-37.824943],[144.970168,-37.825018],[144.970369,-37.824959],[144.970334,-37.824885],[144.970311,-37.824891],[144.970256,-37.824773],[144.970263,-37.824771],[144.970229,-37.824697],[144.970223,-37.824699],[144.970168,-37.824582],[144.970191,-37.824575],[144.970153,-37.824492],[144.969937,-37.824555],[144.969938,-37.824557],[144.969968,-37.824622],[144.969937,-37.824631],[144.969952,-37.824663]]],"type":"Polygon"},"properties":{"base_m":8.0,"date_captured":"2018-05-28","footprint_type":"Structure","structure_id":"801426","top_m":17.0},"type":"Feature"},{"geometry":{"coordinates":[[[144.969969,-37.825812],[144.96994,-37.825811],[144.969912,-37.825808],[144.969898,-37.825806],[144.969884,-37.825805],[144.969856,-37.825801],[144.969828,-37.825796],[144.9698,-37.825791],[144.969793,-37.825789],[144.969773,-37.825785],[144.969745,-37.825778],[144.969719,-37.825771],[144.969705,-37.825767],[144.969633,-37.825729],[144.96944,-37.825628],[144.969422,-37.825648],[144.969418,-37.825653],[144.969411,-37.825662],[144.969405,-37.825671],[144.969399,-37.82568],[144.969394,-37.82569],[144.969393,-37.825693],[144.96939,-37.825703],[144.969387,-37.825712],[144.969386,-37.825722],[144.969385,-37.825731],[144.969386,-37.825737],[144.969309,-37.825996],[144.969914,-37.826007],[144.969922,-37.826007],[144.97033,-37.826011],[144.970302,-37.825898],[144.970338,-37.825892],[144.970348,-37.82585],[144.970353,-37.825823],[144.970314,-37.825825],[144.970314,-37.825817],[144.970313,-37.825807],[144.970311,-37.825796],[144.970303,-37.825768],[144.970078,-37.8258],[144.969988,-37.825813],[144.969969,-37.825812]]],"type":"Polygon"},"properties":{"base_m":0.0,"date_captured":"2018-05-28","footprint_type":"Structure","structure_id":"814863","top_m":10.5},"type":"Feature"},{"geometry":{"coordinates":[[[144.969975,-37.824212],[144.969845,-37.82425],[144.969856,-37.824275],[144.969822,-37.824285],[144.969862,-37.82437],[144.96981,-37.824386],[144.969806,-37.824378],[144.96975,-37.824394],[144.969662,-37.824419],[144.969621,-37.824431],[144.969625,-37.82444],[144.969579,-37.824453],[144.969513,-37.824472],[144.969532,-37.824512],[144.969543,-37.824509],[144.969558,-37.824541],[144.969584,-37.824534],[144.969581,-37.824528],[144.969602,-37.824521],[144.969614,-37.824548],[144.96969,-37.824525],[144.969906,-37.824463],[144.969912,-37.824477],[144.970021,-37.824445],[144.97011,-37.824419],[144.970055,-37.824299],[144.970034,-37.824305],[144.97002,-37.824309],[144.969975,-37.824212]]],"type":"Polygon"},"properties":{"base_m":9.8,"date_captured":"2022-01-20","footprint_type":"Structure","structure_id":"801427","top_m":14.5},"type":"Feature"},{"geometry":{"coordinates":[[[144.969985,-37.824209],[144.96994,-37.82411],[144.96993,-37.824113],[144.969806,-37.82415],[144.969787,-37.824155],[144.969833,-37.824253],[144.969845,-37.82425],[144.969878,-37.82424],[144.96992,-37.824228],[144.969975,-37.824212],[144.969985,-37.824209]]],"type":"Polygon"},"properties":{"base_m":14.5,"date_captured":"2018-05-28","footprint_type":"Structure","structure_id":"801427","top_m":18.0},"type":"Feature"},{"geometry":{"coordinates":[[[144.969985,-37.824209],[144.96994,-37.82411],[144.96993,-37.824113],[144.969806,-37.82415],[144.969787,-37.824155],[144.969833,-37.824253],[144.969845,-37.82425],[144.969878,-37.82424],[144.96992,-37.824228],[144.969975,-37.824212],[144.969985,-37.824209]]],"type":"Polygon"},"properties":{"base_m":9.8,"date_captured":"2022-01-20","footprint_type":"Structure","structure_id":"801427","top_m":18.3},"type":"Feature"},{"geometry":{"coordinates":[[[144.969994,-37.824434],[144.969965,-37.824372],[144.969932,-37.824382],[144.969961,-37.824444],[144.969994,-37.824434]]],"type":"Polygon"},"properties":{"base_m":16.9,"date_captured":"2022-01-20","footprint_type":"Structure","structure_id":"801427","top_m":18.5},"type":"Feature"},{"geometry":{"coordinates":[[[144.969994,-37.824434],[144.969965,-37.824372],[144.969932,-37.824382],[144.969961,-37.824444],[144.969994,-37.824434]]],"type":"Polygon"},"properties":{"base_m":17.0,"date_captured":"2018-05-28","footprint_type":"Structure","structure_id":"801427","top_m":18.5},"type":"Feature"},{"geometry":{"coordinates":[[[144.97001,-37.826318],[144.969923,-37.826316],[144.969917,-37.82647],[144.970005,-37.826472],[144.97001,-37.826318]]],"type":"Polygon"},"properties":{"base_m":8.0,"date_captured":"2018-05-28","footprint_type":"Structure","structure_id":"812953","top_m":9.5},"type":"Feature"},{"geometry":{"coordinates":[[[144.970026,-37.829799],[144.970012,-37.829803],[144.969989,-37.829753],[144.969839,-37.829797],[144.969862,-37.829849],[144.969802,-37.829866],[144.969833,-37.829933],[144.970057,-37.829867],[144.970026,-37.829799]]],"type":"Polygon"},"properties":{"base_m":29.5,"date_captured":"2018-05-28","footprint_type":"Structure","structure_id":"802830","top_m":32.5},"type":"Feature"},{"geometry":{"coordinates":[[[144.970049,-37.827132],[144.970048,-37.827145],[144.970131,-37.827147],[144.970134,-37.827059],[144.970052,-37.827057],[144.970049,-37.827132]]],"type":"Polygon"},"properties":{"base_m":18.5,"date_captured":"2018-05-28","footprint_type":"Structure","structure_id":"812957","top_m":20.0},"type":"Feature"},{"geometry":{"coordinates":[[[144.970059,-37.826872],[144.970062,-37.826808],[144.969976,-37.826805],[144.969962,-37.82713],[144.970049,-37.827132],[144.970052,-37.827057],[144.970057,-37.826935],[144.970057,-37.826918],[144.970059,-37.826872]]],"type":"Polygon"},"properties":{"base_m":18.5,"date_captured":"2018-05-28","footprint_type":"Structure","structure_id":"812957","top_m":23.0},"type":"Feature"},{"geometry":{"coordinates":[[[144.970078,-37.829526],[144.969948,-37.829564],[144.969951,-37.829571],[144.969924,-37.829579],[144.969951,-37.829637],[144.970208,-37.829565],[144.97019,-37.829525],[144.970296,-37.829494],[144.970339,-37.829481],[144.97029,-37.829373],[144.970307,-37.829369],[144.970275,-37.829296],[144.970254,-37.829302],[144.970212,-37.829209],[144.97017,-37.829114],[144.970129,-37.829125],[144.970125,-37.829116],[144.969923,-37.829172],[144.969928,-37.829182],[144.96976,-37.829228],[144.969773,-37.829256],[144.969845,-37.829409],[144.969911,-37.829388],[144.969905,-37.829376],[144.969989,-37.829349],[144.970078,-37.829526]]],"type":"Polygon"},"properties":{"base_m":15.1,"date_captured":"2022-01-20","footprint_type":"Structure","structure_id":"805695","top_m":18.9},"type":"Feature"},{"geometry":{"coordinates":[[[144.970103,-37.828374],[144.970171,-37.828375],[144.970172,-37.828326],[144.970095,-37.828325],[144.970095,-37.828344],[144.970094,-37.828374],[144.970103,-37.828374]]],"type":"Polygon"},"properties":{"base_m":4.0,"date_captured":"2018-05-28","footprint_type":"Structure","structure_id":"812948","top_m":9.0},"type":"Feature"},{"geometry":{"coordinates":[[[144.970106,-37.82591],[144.970071,-37.825915],[144.970063,-37.82588],[144.969995,-37.82589],[144.969984,-37.82584],[144.969914,-37.82585],[144.969916,-37.825855],[144.969934,-37.825935],[144.970012,-37.825924],[144.970019,-37.825955],[144.970033,-37.825953],[144.970036,-37.825963],[144.970134,-37.82595],[144.970124,-37.825908],[144.970106,-37.82591]]],"type":"Polygon"},"properties":{"base_m":74.5,"date_captured":"2018-05-28","footprint_type":"Structure","structure_id":"814863","top_m":78.0},"type":"Feature"},{"geometry":{"coordinates":[[[144.970112,-37.829986],[144.970104,-37.829967],[144.970044,-37.829985],[144.970072,-37.830045],[144.970132,-37.830028],[144.970112,-37.829986]]],"type":"Polygon"},"properties":{"base_m":29.5,"date_captured":"2018-05-28","footprint_type":"Structure","structure_id":"802830","top_m":32.5},"type":"Feature"},{"geometry":{"coordinates":[[[144.97013,-37.824842],[144.970118,-37.824817],[144.970081,-37.824828],[144.970093,-37.824853],[144.97013,-37.824842]]],"type":"Polygon"},"properties":{"base_m":0.0,"date_captured":"2023-05-11","footprint_type":"Structure","structure_id":"903398","top_m":15.1},"type":"Feature"},{"geometry":{"coordinates":[[[144.970145,-37.830056],[144.970132,-37.830028],[144.970112,-37.829986],[144.970104,-37.829967],[144.970057,-37.829867],[144.970026,-37.829799],[144.969967,-37.829672],[144.96969,-37.829752],[144.969779,-37.829945],[144.969767,-37.829948],[144.969788,-37.829992],[144.969857,-37.83014],[144.970145,-37.830056]]],"type":"Polygon"},"properties":{"base_m":0.0,"date_captured":"2018-05-28","footprint_type":"Structure","structure_id":"802830","top_m":29.5},"type":"Feature"},{"geometry":{"coordinates":[[[144.970168,-37.824582],[144.970191,-37.824575],[144.970153,-37.824492],[144.969937,-37.824555],[144.969938,-37.824557],[144.969838,-37.824586],[144.969883,-37.824683],[144.969952,-37.824663],[144.969977,-37.824718],[144.970064,-37.824693],[144.970142,-37.82486],[144.970112,-37.824869],[144.970144,-37.82494],[144.970133,-37.824943],[144.970168,-37.825018],[144.970369,-37.824959],[144.970334,-37.824885],[144.970311,-37.824891],[144.970256,-37.824773],[144.970263,-37.824771],[144.970229,-37.824697],[144.970223,-37.824699],[144.970168,-37.824582]]],"type":"Polygon"},"properties":{"base_m":0.0,"date_captured":"2018-05-28","footprint_type":"Structure","structure_id":"801426","top_m":8.0},"type":"Feature"},{"geometry":{"coordinates":[[[144.970172,-37.828326],[144.970095,-37.828325],[144.970095,-37.828344],[144.970035,-37.828342],[144.970033,-37.828399],[144.970042,-37.828399],[144.970042,-37.828416],[144.970091,-37.828417],[144.970091,-37.8284],[144.970102,-37.8284],[144.970103,-37.828374],[144.970171,-37.828375],[144.970172,-37.828326]]],"type":"Polygon"},"properties":{"base_m":0.0,"date_captured":"2018-05-28","footprint_type":"Structure","structure_id":"812948","top_m":4.0},"type":"Feature"},{"geometry":{"coordinates":[[[144.970178,-37.829133],[144.970212,-37.829209],[144.970363,-37.829166],[144.97036,-37.82908],[144.970178,-37.829133]]],"type":"Polygon"},"properties":{"base_m":9.4,"date_captured":"2022-01-20","footprint_type":"Structure","structure_id":"805695","top_m":12.3},"type":"Feature"},{"geometry":{"coordinates":[[[144.970184,-37.829642],[144.970177,-37.829627],[144.970103,-37.829648],[144.97011,-37.829663],[144.970117,-37.829677],[144.970049,-37.829697],[144.970042,-37.82968],[144.970024,-37.829685],[144.970008,-37.82969],[144.970141,-37.829978],[144.970164,-37.830029],[144.970215,-37.830014],[144.970225,-37.830035],[144.970235,-37.830057],[144.970237,-37.830057],[144.970353,-37.830023],[144.97035,-37.830015],[144.970338,-37.829989],[144.970361,-37.829982],[144.970355,-37.829968],[144.970364,-37.829965],[144.970344,-37.829922],[144.970362,-37.829916],[144.970378,-37.829912],[144.970364,-37.829883],[144.97038,-37.829878],[144.970369,-37.829853],[144.970345,-37.829799],[144.97032,-37.829745],[144.970296,-37.829691],[144.970282,-37.829695],[144.970256,-37.829637],[144.970191,-37.829656],[144.970184,-37.829642]]],"type":"Polygon"},"properties":{"base_m":59.0,"date_captured":"2018-05-28","footprint_type":"Structure","structure_id":"800072","top_m":61.5},"type":"Feature"},{"geometry":{"coordinates":[[[144.970184,-37.829642],[144.970177,-37.829627],[144.970103,-37.829648],[144.97011,-37.829663],[144.970117,-37.829677],[144.970119,-37.829683],[144.970193,-37.829662],[144.970191,-37.829656],[144.970184,-37.829642]]],"type":"Polygon"},"properties":{"base_m":59.0,"date_captured":"2018-05-28","footprint_type":"Structure","structure_id":"800072","top_m":63.5},"type":"Feature"},{"geometry":{"coordinates":[[[144.970208,-37.829565],[144.970315,-37.829536],[144.970296,-37.829494],[144.970339,-37.829481],[144.97029,-37.829373],[144.970307,-37.829369],[144.970275,-37.829296],[144.970254,-37.829302],[144.970212,-37.829209],[144.97017,-37.829114],[144.970129,-37.829125],[144.970125,-37.829116],[144.969923,-37.829172],[144.969928,-37.829182],[144.96976,-37.829228],[144.969773,-37.829256],[144.969845,-37.829409],[144.969924,-37.829579],[144.969951,-37.829637],[144.970208,-37.829565]]],"type":"Polygon"},"properties":{"base_m":0.0,"date_captured":"2022-01-20","footprint_type":"Structure","structure_id":"805695","top_m":15.1},"type":"Feature"},{"geometry":{"coordinates":[[[144.970236,-37.829307],[144.970268,-37.829379],[144.970307,-37.829369],[144.970275,-37.829296],[144.970236,-37.829307]]],"type":"Polygon"},"properties":{"base_m":63.3,"date_captured":"2022-01-20","footprint_type":"Structure","structure_id":"805695","top_m":66.0},"type":"Feature"},{"geometry":{"coordinates":[[[144.970274,-37.829602],[144.970209,-37.829621],[144.970215,-37.829633],[144.970184,-37.829642],[144.970177,-37.829627],[144.970103,-37.829648],[144.97011,-37.829663],[144.970077,-37.829673],[144.970071,-37.829661],[144.97002,-37.829676],[144.970024,-37.829685],[144.970008,-37.82969],[144.970141,-37.829978],[144.970112,-37.829986],[144.970132,-37.830028],[144.970145,-37.830056],[144.970163,-37.830051],[144.970167,-37.83006],[144.970187,-37.830054],[144.970184,-37.830047],[144.970225,-37.830035],[144.970235,-37.830057],[144.970237,-37.830057],[144.970353,-37.830023],[144.97035,-37.830015],[144.970382,-37.830005],[144.970364,-37.829965],[144.970382,-37.82996],[144.970362,-37.829916],[144.970378,-37.829912],[144.970364,-37.829883],[144.97038,-37.829878],[144.970369,-37.829853],[144.970345,-37.829799],[144.97032,-37.829745],[144.970296,-37.829691],[144.9703,-37.82969],[144.970325,-37.829683],[144.970291,-37.82961],[144.970279,-37.829613],[144.970274,-37.829602]]],"type":"Polygon"},"properties":{"base_m":38.0,"date_captured":"2018-05-28","footprint_type":"Structure","structure_id":"800072","top_m":59.0},"type":"Feature"},{"geometry":{"coordinates":[[[144.970274,-37.829602],[144.970209,-37.829621],[144.970215,-37.829633],[144.970184,-37.829642],[144.970177,-37.829627],[144.970103,-37.829648],[144.97011,-37.829663],[144.970077,-37.829673],[144.970071,-37.829661],[144.97002,-37.829676],[144.970024,-37.829685],[144.970008,-37.82969],[144.970141,-37.829978],[144.970112,-37.829986],[144.970132,-37.830028],[144.970145,-37.830056],[144.970163,-37.830051],[144.970167,-37.83006],[144.970187,-37.830054],[144.970184,-37.830047],[144.970225,-37.830035],[144.970235,-37.830057],[144.970237,-37.830057],[144.970353,-37.830023],[144.97035,-37.830015],[144.970382,-37.830005],[144.970364,-37.829965],[144.970382,-37.82996],[144.970362,-37.829916],[144.970378,-37.829912],[144.970364,-37.829883],[144.97038,-37.829878],[144.970369,-37.829853],[144.970345,-37.829799],[144.970372,-37.829792],[144.970347,-37.829737],[144.97032,-37.829745],[144.970296,-37.829691],[144.9703,-37.82969],[144.970325,-37.829683],[144.970291,-37.82961],[144.970279,-37.829613],[144.970274,-37.829602]]],"type":"Polygon"},"properties":{"base_m":26.5,"date_captured":"2018-05-28","footprint_type":"Structure","structure_id":"800072","top_m":38.0},"type":"Feature"},{"geometry":{"coordinates":[[[144.9703,-37.82969],[144.970325,-37.829683],[144.970291,-37.82961],[144.970279,-37.829613],[144.970266,-37.829617],[144.9703,-37.82969]]],"type":"Polygon"},"properties":{"base_m":59.0,"date_captured":"2018-05-28","footprint_type":"Structure","structure_id":"800072","top_m":63.5},"type":"Feature"},{"geometry":{"coordinates":[[[144.970311,-37.825796],[144.970303,-37.825768],[144.970078,-37.8258],[144.970084,-37.825828],[144.970277,-37.8258],[144.970278,-37.825802],[144.97028,-37.825808],[144.970281,-37.825815],[144.970282,-37.825821],[144.970283,-37.825828],[144.970283,-37.825834],[144.970282,-37.825841],[144.970281,-37.825847],[144.970281,-37.825849],[144.970279,-37.825855],[144.970277,-37.825861],[144.970274,-37.825867],[144.970271,-37.825873],[144.970267,-37.825879],[144.970263,-37.825885],[144.970259,-37.82589],[144.970254,-37.825895],[144.970251,-37.825898],[144.970242,-37.825906],[144.970232,-37.825914],[144.970222,-37.825921],[144.970211,-37.825927],[144.9702,-37.825933],[144.970188,-37.825939],[144.970185,-37.82594],[144.970173,-37.825945],[144.970161,-37.825949],[144.970148,-37.825952],[144.970135,-37.825955],[144.970134,-37.82595],[144.970124,-37.825908],[144.970106,-37.82591],[144.970071,-37.825915],[144.970063,-37.82588],[144.969995,-37.82589],[144.969984,-37.82584],[144.969914,-37.82585],[144.969916,-37.825855],[144.969934,-37.825935],[144.969899,-37.82594],[144.969912,-37.825996],[144.969914,-37.826007],[144.969922,-37.826007],[144.969935,-37.826006],[144.969948,-37.826005],[144.969961,-37.826004],[144.969975,-37.826003],[144.969976,-37.826003],[144.969994,-37.826001],[144.970012,-37.825999],[144.97003,-37.825997],[144.970048,-37.825995],[144.970066,-37.825992],[144.970083,-37.82599],[144.970101,-37.825987],[144.970118,-37.825984],[144.970135,-37.825981],[144.970151,-37.825978],[144.970159,-37.825977],[144.970173,-37.825973],[144.970187,-37.825969],[144.9702,-37.825963],[144.970214,-37.825958],[144.970226,-37.825951],[144.970238,-37.825945],[144.97025,-37.825937],[144.970261,-37.825929],[144.970271,-37.82592],[144.970281,-37.825911],[144.97029,-37.825902],[144.970292,-37.825899],[144.970298,-37.82589],[144.970299,-37.825887],[144.970303,-37.82588],[144.970307,-37.82587],[144.97031,-37.82586],[144.970312,-37.825849],[144.970314,-37.825839],[144.970314,-37.825828],[144.970314,-37.825825],[144.970314,-37.825817],[144.970313,-37.825807],[144.970311,-37.825796]]],"type":"Polygon"},"properties":{"base_m":72.0,"date_captured":"2018-05-28","footprint_type":"Structure","structure_id":"814863","top_m":74.5},"type":"Feature"},{"geometry":{"coordinates":[[[144.970311,-37.825796],[144.970303,-37.825768],[144.970078,-37.8258],[144.970084,-37.825828],[144.970277,-37.8258],[144.970278,-37.825802],[144.97028,-37.825808],[144.970281,-37.825815],[144.970282,-37.825821],[144.970283,-37.825828],[144.970283,-37.825834],[144.970282,-37.825841],[144.970281,-37.825847],[144.970281,-37.825849],[144.970279,-37.825855],[144.970277,-37.825861],[144.970274,-37.825867],[144.970271,-37.825873],[144.970267,-37.825879],[144.970263,-37.825885],[144.970259,-37.82589],[144.970254,-37.825895],[144.970251,-37.825898],[144.970242,-37.825906],[144.970232,-37.825914],[144.970222,-37.825921],[144.970211,-37.825927],[144.9702,-37.825933],[144.970188,-37.825939],[144.970185,-37.82594],[144.970173,-37.825945],[144.970161,-37.825949],[144.970148,-37.825952],[144.970135,-37.825955],[144.970134,-37.82595],[144.970124,-37.825908],[144.970106,-37.82591],[144.970088,-37.825831],[144.970051,-37.825836],[144.97005,-37.82583],[144.969984,-37.82584],[144.969914,-37.82585],[144.969916,-37.825855],[144.969881,-37.82586],[144.969899,-37.82594],[144.969912,-37.825996],[144.969914,-37.826007],[144.969922,-37.826007],[144.969935,-37.826006],[144.969948,-37.826005],[144.969961,-37.826004],[144.969975,-37.826003],[144.969976,-37.826003],[144.969994,-37.826001],[144.970012,-37.825999],[144.97003,-37.825997],[144.970048,-37.825995],[144.970066,-37.825992],[144.970083,-37.82599],[144.970101,-37.825987],[144.970118,-37.825984],[144.970135,-37.825981],[144.970151,-37.825978],[144.970159,-37.825977],[144.970173,-37.825973],[144.970187,-37.825969],[144.9702,-37.825963],[144.970214,-37.825958],[144.970226,-37.825951],[144.970238,-37.825945],[144.97025,-37.825937],[144.970261,-37.825929],[144.970271,-37.82592],[144.970281,-37.825911],[144.97029,-37.825902],[144.970292,-37.825899],[144.970298,-37.82589],[144.970299,-37.825887],[144.970303,-37.82588],[144.970307,-37.82587],[144.97031,-37.82586],[144.970312,-37.825849],[144.970314,-37.825839],[144.970314,-37.825828],[144.970314,-37.825825],[144.970314,-37.825817],[144.970313,-37.825807],[144.970311,-37.825796]]],"type":"Polygon"},"properties":{"base_m":66.5,"date_captured":"2018-05-28","footprint_type":"Structure","structure_id":"814863","top_m":72.0},"type":"Feature"},{"geometry":{"coordinates":[[[144.970331,-37.826315],[144.969915,-37.826304],[144.969907,-37.826504],[144.970323,-37.826515],[144.970331,-37.826315]]],"type":"Polygon"},"properties":{"base_m":0.0,"date_captured":"2018-05-28","footprint_type":"Structure","structure_id":"812953","top_m":8.0},"type":"Feature"},{"geometry":{"coordinates":[[[144.970338,-37.829989],[144.970231,-37.829758],[144.970115,-37.829792],[144.970191,-37.829957],[144.970217,-37.830013],[144.970227,-37.830035],[144.970237,-37.830057],[144.970353,-37.830023],[144.97035,-37.830015],[144.970338,-37.829989]]],"type":"Polygon"},"properties":{"base_m":61.5,"date_captured":"2018-05-28","footprint_type":"Structure","structure_id":"800072","top_m":66.5},"type":"Feature"},{"geometry":{"coordinates":[[[144.970339,-37.829481],[144.97029,-37.829373],[144.97031,-37.829366],[144.970273,-37.829297],[144.970215,-37.829314],[144.970172,-37.829221],[144.970137,-37.829145],[144.970126,-37.829116],[144.96976,-37.829228],[144.969845,-37.829409],[144.969911,-37.829388],[144.969905,-37.829376],[144.969989,-37.829349],[144.970092,-37.829554],[144.970339,-37.829481]]],"type":"Polygon"},"properties":{"base_m":0.0,"date_captured":"2020-05-15","footprint_type":"Structure","structure_id":"819283","top_m":64.5},"type":"Feature"},{"geometry":{"coordinates":[[[144.970359,-37.829704],[144.970374,-37.8297],[144.970314,-37.829571],[144.969967,-37.829672],[144.970026,-37.829799],[144.970057,-37.829867],[144.970104,-37.829967],[144.970112,-37.829986],[144.970132,-37.830028],[144.970145,-37.830056],[144.970158,-37.830084],[144.970237,-37.830061],[144.970355,-37.830027],[144.970353,-37.830023],[144.97035,-37.830015],[144.970382,-37.830005],[144.970364,-37.829965],[144.970382,-37.82996],[144.970362,-37.829916],[144.970378,-37.829912],[144.970364,-37.829883],[144.97038,-37.829878],[144.970369,-37.829853],[144.970379,-37.829851],[144.970377,-37.829761],[144.97036,-37.829761],[144.970359,-37.829704]]],"type":"Polygon"},"properties":{"base_m":0.0,"date_captured":"2018-05-28","footprint_type":"Structure","structure_id":"800072","top_m":26.5},"type":"Feature"},{"geometry":{"coordinates":[[[144.97036,-37.82908],[144.97036,-37.82905],[144.970196,-37.829097],[144.970208,-37.829124],[144.970178,-37.829133],[144.970212,-37.829209],[144.970254,-37.829302],[144.970275,-37.829296],[144.970307,-37.829369],[144.970329,-37.829362],[144.970334,-37.829372],[144.970367,-37.829363],[144.970363,-37.829166],[144.97036,-37.82908]]],"type":"Polygon"},"properties":{"base_m":1.6,"date_captured":"2022-01-20","footprint_type":"Structure","structure_id":"805695","top_m":4.8},"type":"Feature"},{"geometry":{"coordinates":[[[144.97036,-37.82908],[144.97036,-37.82905],[144.970196,-37.829097],[144.970208,-37.829124],[144.970178,-37.829133],[144.970212,-37.829209],[144.970363,-37.829166],[144.97036,-37.82908]]],"type":"Polygon"},"properties":{"base_m":4.8,"date_captured":"2022-01-20","footprint_type":"Structure","structure_id":"805695","top_m":9.4},"type":"Feature"},{"geometry":{"coordinates":[[[144.970363,-37.829166],[144.970361,-37.82908],[144.970208,-37.829124],[144.970137,-37.829145],[144.970172,-37.829221],[144.970363,-37.829166]]],"type":"Polygon"},"properties":{"base_m":9.3,"date_captured":"2018-05-28","footprint_type":"Structure","structure_id":"805695","top_m":12.3},"type":"Feature"},{"geometry":{"coordinates":[[[144.970363,-37.829166],[144.970361,-37.82908],[144.97036,-37.82905],[144.970196,-37.829098],[144.970208,-37.829124],[144.970137,-37.829145],[144.970172,-37.829221],[144.970363,-37.829166]]],"type":"Polygon"},"properties":{"base_m":4.8,"date_captured":"2018-05-28","footprint_type":"Structure","structure_id":"805695","top_m":9.3},"type":"Feature"},{"geometry":{"coordinates":[[[144.970386,-37.826944],[144.970301,-37.826942],[144.970057,-37.826935],[144.970057,-37.826918],[144.970059,-37.826872],[144.970062,-37.826808],[144.969976,-37.826805],[144.969906,-37.826803],[144.969824,-37.826732],[144.969488,-37.826724],[144.969475,-37.827057],[144.969887,-37.827068],[144.969962,-37.82713],[144.969957,-37.827263],[144.970373,-37.827274],[144.970386,-37.826944]]],"type":"Polygon"},"properties":{"base_m":3.0,"date_captured":"2018-05-28","footprint_type":"Structure","structure_id":"812957","top_m":18.5},"type":"Feature"},{"geometry":{"coordinates":[[[144.970386,-37.826944],[144.970301,-37.826942],[144.970302,-37.826925],[144.970246,-37.826877],[144.970059,-37.826872],[144.970062,-37.826808],[144.969976,-37.826805],[144.969906,-37.826803],[144.969909,-37.826735],[144.969824,-37.826732],[144.969488,-37.826724],[144.969475,-37.827057],[144.969887,-37.827068],[144.969962,-37.82713],[144.969957,-37.827263],[144.970373,-37.827274],[144.970386,-37.826944]]],"type":"Polygon"},"properties":{"base_m":0.0,"date_captured":"2018-05-28","footprint_type":"Structure","structure_id":"812957","top_m":3.0},"type":"Feature"},{"geometry":{"coordinates":[[[144.970411,-37.827485],[144.970407,-37.827485],[144.970394,-37.827834],[144.970518,-37.827837],[144.970531,-37.827488],[144.970527,-37.827487],[144.970526,-37.827496],[144.970455,-37.827494],[144.970455,-37.827491],[144.970411,-37.82749],[144.970411,-37.827485]]],"type":"Polygon"},"properties":{"base_m":0.0,"date_captured":"2018-05-28","footprint_type":"Structure","structure_id":"812961","top_m":18.0},"type":"Feature"},{"geometry":{"coordinates":[[[144.970424,-37.829803],[144.970454,-37.829803],[144.970453,-37.829749],[144.970423,-37.82975],[144.970424,-37.829803]]],"type":"Polygon"},"properties":{"base_m":25.5,"date_captured":"2018-05-28","footprint_type":"Structure","structure_id":"807443","top_m":28.0},"type":"Feature"},{"geometry":{"coordinates":[[[144.970444,-37.828217],[144.96996,-37.828207],[144.96996,-37.828222],[144.96994,-37.828222],[144.96994,-37.828208],[144.969829,-37.828205],[144.969825,-37.828318],[144.969802,-37.828317],[144.969798,-37.828454],[144.969769,-37.828453],[144.969764,-37.828593],[144.969793,-37.828593],[144.969792,-37.82862],[144.969755,-37.828619],[144.969751,-37.828757],[144.969756,-37.828775],[144.969779,-37.828827],[144.969738,-37.828839],[144.969734,-37.82883],[144.969701,-37.82884],[144.969712,-37.828864],[144.969675,-37.828874],[144.969694,-37.828915],[144.969764,-37.828895],[144.96979,-37.82895],[144.969837,-37.828936],[144.969817,-37.828895],[144.970422,-37.828717],[144.970431,-37.828454],[144.970437,-37.828455],[144.970444,-37.828217]],[[144.969953,-37.82858],[144.970268,-37.828588],[144.970267,-37.828627],[144.969946,-37.828722],[144.969947,-37.828694],[144.96995,-37.828694],[144.969953,-37.82858]],[[144.969937,-37.828304],[144.970326,-37.828312],[144.970321,-37.828452],[144.970307,-37.828452],[144.970307,-37.828459],[144.969958,-37.828452],[144.969962,-37.828321],[144.969937,-37.82832],[144.969937,-37.828304]]],"type":"Polygon"},"properties":{"base_m":0.0,"date_captured":"2018-05-28","footprint_type":"Structure","structure_id":"812944","top_m":4.5},"type":"Feature"},{"geometry":{"coordinates":[[[144.970444,-37.828217],[144.96996,-37.828207],[144.96996,-37.828222],[144.96994,-37.828222],[144.96994,-37.828208],[144.969829,-37.828205],[144.969825,-37.828318],[144.969802,-37.828317],[144.969798,-37.828454],[144.969793,-37.828593],[144.969792,-37.82862],[144.969787,-37.828767],[144.969756,-37.828775],[144.969779,-37.828827],[144.96981,-37.828897],[144.969817,-37.828895],[144.970422,-37.828717],[144.970431,-37.828454],[144.970437,-37.828455],[144.970444,-37.828217]],[[144.969953,-37.82858],[144.970268,-37.828588],[144.970267,-37.828627],[144.969946,-37.828722],[144.969947,-37.828694],[144.96995,-37.828694],[144.969953,-37.82858]],[[144.969937,-37.828304],[144.970326,-37.828312],[144.970321,-37.828452],[144.970307,-37.828452],[144.970307,-37.828459],[144.969958,-37.828452],[144.969962,-37.828321],[144.969937,-37.82832],[144.969937,-37.828304]]],"type":"Polygon"},"properties":{"base_m":4.5,"date_captured":"2018-05-28","footprint_type":"Structure","structure_id":"812944","top_m":13.0},"type":"Feature"},{"geometry":{"coordinates":[[[144.970446,-37.825463],[144.97037,-37.825479],[144.970361,-37.825481],[144.970376,-37.825526],[144.97039,-37.825523],[144.97045,-37.825699],[144.970437,-37.825702],[144.970452,-37.825745],[144.97046,-37.825744],[144.970536,-37.825727],[144.970531,-37.825713],[144.97055,-37.825709],[144.970469,-37.825471],[144.97045,-37.825475],[144.970446,-37.825463]]],"type":"Polygon"},"properties":{"base_m":32.0,"date_captured":"2018-05-28","footprint_type":"Structure","structure_id":"819160","top_m":35.5},"type":"Feature"},{"geometry":{"coordinates":[[[144.97045,-37.825475],[144.970446,-37.825463],[144.97037,-37.825479],[144.970361,-37.825481],[144.970376,-37.825526],[144.97039,-37.825523],[144.970461,-37.825508],[144.97045,-37.825475]]],"type":"Polygon"},"properties":{"base_m":35.5,"date_captured":"2018-05-28","footprint_type":"Structure","structure_id":"819160","top_m":37.5},"type":"Feature"},{"geometry":{"coordinates":[[[144.970453,-37.829749],[144.970481,-37.829749],[144.970523,-37.829748],[144.970582,-37.829747],[144.970632,-37.829746],[144.970647,-37.829746],[144.970652,-37.829746],[144.970733,-37.829745],[144.970896,-37.829742],[144.970909,-37.829742],[144.970907,-37.829704],[144.970911,-37.829704],[144.970914,-37.829703],[144.970917,-37.829702],[144.970919,-37.8297],[144.970921,-37.829697],[144.970922,-37.829695],[144.970922,-37.829694],[144.970918,-37.829522],[144.97089,-37.829522],[144.970792,-37.829523],[144.970729,-37.829524],[144.970417,-37.829529],[144.970421,-37.829693],[144.970423,-37.82975],[144.970453,-37.829749]]],"type":"Polygon"},"properties":{"base_m":0.0,"date_captured":"2018-05-28","footprint_type":"Structure","structure_id":"812497","top_m":25.5},"type":"Feature"},{"geometry":{"coordinates":[[[144.970458,-37.827414],[144.970414,-37.827413],[144.970414,-37.827419],[144.970411,-37.827485],[144.970411,-37.82749],[144.970455,-37.827491],[144.970458,-37.827414]]],"type":"Polygon"},"properties":{"base_m":0.0,"date_captured":"2018-05-28","footprint_type":"Structure","structure_id":"812961","top_m":16.0},"type":"Feature"},{"geometry":{"coordinates":[[[144.970481,-37.829749],[144.970482,-37.829788],[144.970524,-37.829787],[144.970523,-37.829748],[144.970481,-37.829749]]],"type":"Polygon"},"properties":{"base_m":25.5,"date_captured":"2018-05-28","footprint_type":"Structure","structure_id":"807443","top_m":28.0},"type":"Feature"},{"geometry":{"coordinates":[[[144.970514,-37.825207],[144.970366,-37.82525],[144.970368,-37.825257],[144.970346,-37.825264],[144.970344,-37.825257],[144.970309,-37.825267],[144.970324,-37.8253],[144.970296,-37.825309],[144.97028,-37.825275],[144.970237,-37.825288],[144.970247,-37.82531],[144.970203,-37.825323],[144.970209,-37.825335],[144.970179,-37.825344],[144.970163,-37.82531],[144.970121,-37.825322],[144.970131,-37.825344],[144.970086,-37.825358],[144.970091,-37.82537],[144.970062,-37.825379],[144.970046,-37.825344],[144.970004,-37.825356],[144.970014,-37.825378],[144.969968,-37.825392],[144.969973,-37.825404],[144.969944,-37.825412],[144.969928,-37.825378],[144.969887,-37.82539],[144.969897,-37.825412],[144.96985,-37.825426],[144.969856,-37.825438],[144.969827,-37.825447],[144.969811,-37.825412],[144.969768,-37.825425],[144.969779,-37.825447],[144.969736,-37.82546],[144.969741,-37.825472],[144.96971,-37.825481],[144.969694,-37.825446],[144.969651,-37.825459],[144.969661,-37.825481],[144.969615,-37.825494],[144.969621,-37.825507],[144.969592,-37.825515],[144.969576,-37.825481],[144.969529,-37.825494],[144.969535,-37.825508],[144.969444,-37.825534],[144.969432,-37.825571],[144.969517,-37.825586],[144.969532,-37.825581],[144.969541,-37.825595],[144.969575,-37.825586],[144.969591,-37.825619],[144.969634,-37.825607],[144.969629,-37.825597],[144.969706,-37.825575],[144.96971,-37.825584],[144.969751,-37.825572],[144.969746,-37.825563],[144.969823,-37.825541],[144.969827,-37.82555],[144.969869,-37.825538],[144.969866,-37.825529],[144.969941,-37.825507],[144.969945,-37.825516],[144.969985,-37.825504],[144.969981,-37.825495],[144.970057,-37.825472],[144.970061,-37.825482],[144.970103,-37.825469],[144.970099,-37.82546],[144.970174,-37.825438],[144.970179,-37.825447],[144.970222,-37.825435],[144.970217,-37.825424],[144.970291,-37.825403],[144.970296,-37.825413],[144.970343,-37.825399],[144.97037,-37.825479],[144.970361,-37.825481],[144.970376,-37.825526],[144.97039,-37.825523],[144.97045,-37.825699],[144.970437,-37.825702],[144.970452,-37.825745],[144.97046,-37.825744],[144.970496,-37.82585],[144.970654,-37.825853],[144.970656,-37.825848],[144.970661,-37.825837],[144.970733,-37.825838],[144.970689,-37.825711],[144.970689,-37.825697],[144.970688,-37.82568],[144.970686,-37.825663],[144.970684,-37.825646],[144.970682,-37.825636],[144.970677,-37.825613],[144.970671,-37.82559],[144.970664,-37.825567],[144.970656,-37.825544],[144.970647,-37.825522],[144.970638,-37.825499],[144.97063,-37.825483],[144.970621,-37.825466],[144.970612,-37.82545],[144.970601,-37.825435],[144.97059,-37.825419],[144.970586,-37.825415],[144.970514,-37.825207]]],"type":"Polygon"},"properties":{"base_m":0.0,"date_captured":"2018-05-28","footprint_type":"Structure","structure_id":"819160","top_m":10.5},"type":"Feature"},{"geometry":{"coordinates":[[[144.970514,-37.825207],[144.970366,-37.82525],[144.970368,-37.825257],[144.970346,-37.825264],[144.970344,-37.825257],[144.970309,-37.825267],[144.970324,-37.8253],[144.970296,-37.825309],[144.97028,-37.825275],[144.970237,-37.825288],[144.970247,-37.82531],[144.970203,-37.825323],[144.970209,-37.825335],[144.970179,-37.825344],[144.970163,-37.82531],[144.970121,-37.825322],[144.970131,-37.825344],[144.970086,-37.825358],[144.970091,-37.82537],[144.970062,-37.825379],[144.970046,-37.825344],[144.970004,-37.825356],[144.970014,-37.825378],[144.969968,-37.825392],[144.969973,-37.825404],[144.969944,-37.825412],[144.969928,-37.825378],[144.969887,-37.82539],[144.969897,-37.825412],[144.969926,-37.825474],[144.969941,-37.825507],[144.969945,-37.825516],[144.969985,-37.825504],[144.969981,-37.825495],[144.970057,-37.825472],[144.970061,-37.825482],[144.970103,-37.825469],[144.970099,-37.82546],[144.970174,-37.825438],[144.970179,-37.825447],[144.970222,-37.825435],[144.970217,-37.825424],[144.970291,-37.825403],[144.970296,-37.825413],[144.970343,-37.825399],[144.97037,-37.825479],[144.970361,-37.825481],[144.970376,-37.825526],[144.97039,-37.825523],[144.97045,-37.825699],[144.970437,-37.825702],[144.970452,-37.825745],[144.97046,-37.825744],[144.970496,-37.82585],[144.970654,-37.825853],[144.970656,-37.825848],[144.970661,-37.825837],[144.970733,-37.825838],[144.970689,-37.825711],[144.970689,-37.825697],[144.970688,-37.82568],[144.970686,-37.825663],[144.970684,-37.825646],[144.970682,-37.825636],[144.970677,-37.825613],[144.970671,-37.82559],[144.970664,-37.825567],[144.970656,-37.825544],[144.970647,-37.825522],[144.970638,-37.825499],[144.97063,-37.825483],[144.970621,-37.825466],[144.970612,-37.82545],[144.970601,-37.825435],[144.97059,-37.825419],[144.970586,-37.825415],[144.970514,-37.825207]]],"type":"Polygon"},"properties":{"base_m":10.5,"date_captured":"2018-05-28","footprint_type":"Structure","structure_id":"819160","top_m":12.5},"type":"Feature"},{"geometry":{"coordinates":[[[144.970529,-37.827422],[144.970529,-37.827415],[144.970458,-37.827414],[144.970455,-37.827491],[144.970455,-37.827494],[144.970526,-37.827496],[144.970527,-37.827487],[144.970529,-37.827422]]],"type":"Polygon"},"properties":{"base_m":0.0,"date_captured":"2018-05-28","footprint_type":"Structure","structure_id":"812961","top_m":19.0},"type":"Feature"},{"geometry":{"coordinates":[[[144.970529,-37.827422],[144.970533,-37.827422],[144.970546,-37.827074],[144.970421,-37.827071],[144.970409,-37.827419],[144.970414,-37.827419],[144.970414,-37.827413],[144.970458,-37.827414],[144.970529,-37.827415],[144.970529,-37.827422]]],"type":"Polygon"},"properties":{"base_m":0.0,"date_captured":"2018-05-28","footprint_type":"Structure","structure_id":"812961","top_m":18.0},"type":"Feature"},{"geometry":{"coordinates":[[[144.970531,-37.825713],[144.970521,-37.825684],[144.97045,-37.825699],[144.970437,-37.825702],[144.970452,-37.825745],[144.97046,-37.825744],[144.970536,-37.825727],[144.970531,-37.825713]]],"type":"Polygon"},"properties":{"base_m":35.5,"date_captured":"2018-05-28","footprint_type":"Structure","structure_id":"819160","top_m":37.5},"type":"Feature"},{"geometry":{"coordinates":[[[144.970568,-37.828583],[144.97048,-37.828581],[144.970477,-37.828581],[144.970473,-37.82869],[144.970584,-37.828692],[144.970587,-37.828617],[144.970588,-37.828584],[144.970568,-37.828583]]],"type":"Polygon"},"properties":{"base_m":7.5,"date_captured":"2018-05-28","footprint_type":"Structure","structure_id":"812945","top_m":9.5},"type":"Feature"},{"geometry":{"coordinates":[[[144.970582,-37.829747],[144.970581,-37.82969],[144.970421,-37.829693],[144.970423,-37.82975],[144.970453,-37.829749],[144.970481,-37.829749],[144.970523,-37.829748],[144.970582,-37.829747]]],"type":"Polygon"},"properties":{"base_m":25.5,"date_captured":"2018-05-28","footprint_type":"Structure","structure_id":"812497","top_m":28.0},"type":"Feature"},{"geometry":{"coordinates":[[[144.970627,-37.827368],[144.970621,-37.827368],[144.970615,-37.827547],[144.970621,-37.827547],[144.970778,-37.82755],[144.970814,-37.827551],[144.97082,-37.827372],[144.970785,-37.827372],[144.970627,-37.827368]]],"type":"Polygon"},"properties":{"base_m":0.0,"date_captured":"2018-05-28","footprint_type":"Structure","structure_id":"812959","top_m":20.5},"type":"Feature"},{"geometry":{"coordinates":[[[144.970641,-37.829306],[144.970721,-37.829305],[144.970733,-37.829305],[144.970734,-37.829305],[144.97079,-37.829304],[144.970855,-37.829303],[144.970884,-37.829302],[144.970914,-37.829302],[144.970913,-37.829262],[144.970932,-37.829261],[144.97094,-37.82898],[144.97094,-37.828973],[144.970939,-37.828966],[144.970937,-37.828959],[144.970934,-37.828952],[144.97093,-37.828946],[144.970925,-37.82894],[144.97092,-37.828934],[144.970914,-37.828929],[144.970907,-37.828924],[144.9709,-37.82892],[144.970893,-37.828917],[144.970884,-37.828914],[144.970876,-37.828912],[144.970867,-37.82891],[144.970859,-37.828909],[144.97085,-37.828909],[144.970841,-37.82891],[144.970841,-37.82891],[144.970405,-37.829037],[144.970412,-37.829309],[144.970641,-37.829306]]],"type":"Polygon"},"properties":{"base_m":0.0,"date_captured":"2018-05-28","footprint_type":"Structure","structure_id":"807471","top_m":27.0},"type":"Feature"},{"geometry":{"coordinates":[[[144.970647,-37.825522],[144.970638,-37.825499],[144.97063,-37.825483],[144.970621,-37.825466],[144.970612,-37.82545],[144.970601,-37.825435],[144.97059,-37.825419],[144.970586,-37.825415],[144.970514,-37.825207],[144.970366,-37.82525],[144.970368,-37.825257],[144.970346,-37.825264],[144.970375,-37.825348],[144.970329,-37.825358],[144.970343,-37.825399],[144.97037,-37.825479],[144.970361,-37.825481],[144.970376,-37.825526],[144.97039,-37.825523],[144.97045,-37.825699],[144.970437,-37.825702],[144.970452,-37.825745],[144.97046,-37.825744],[144.970496,-37.82585],[144.970654,-37.825853],[144.970656,-37.825848],[144.970661,-37.825837],[144.970733,-37.825838],[144.970689,-37.825711],[144.970689,-37.825697],[144.970688,-37.82568],[144.970686,-37.825663],[144.970684,-37.825646],[144.970682,-37.825636],[144.970677,-37.825613],[144.970671,-37.82559],[144.970664,-37.825567],[144.970656,-37.825544],[144.970647,-37.825522]]],"type":"Polygon"},"properties":{"base_m":12.5,"date_captured":"2018-05-28","footprint_type":"Structure","structure_id":"819160","top_m":14.0},"type":"Feature"},{"geometry":{"coordinates":[[[144.970647,-37.825522],[144.970638,-37.825499],[144.97063,-37.825483],[144.970621,-37.825466],[144.970612,-37.82545],[144.970601,-37.825435],[144.97059,-37.825419],[144.970586,-37.825415],[144.970514,-37.825207],[144.970366,-37.82525],[144.970368,-37.825257],[144.97039,-37.825326],[144.970379,-37.825328],[144.970385,-37.825346],[144.970375,-37.825348],[144.970329,-37.825358],[144.970343,-37.825399],[144.97037,-37.825479],[144.970361,-37.825481],[144.970376,-37.825526],[144.97039,-37.825523],[144.97045,-37.825699],[144.970437,-37.825702],[144.970452,-37.825745],[144.97046,-37.825744],[144.970496,-37.82585],[144.970654,-37.825853],[144.970656,-37.825848],[144.970661,-37.825837],[144.970663,-37.825832],[144.97067,-37.825816],[144.970675,-37.825799],[144.97068,-37.825782],[144.970683,-37.825765],[144.970685,-37.825756],[144.970686,-37.825749],[144.970688,-37.825732],[144.970689,-37.825714],[144.970689,-37.825711],[144.970689,-37.825697],[144.970688,-37.82568],[144.970686,-37.825663],[144.970684,-37.825646],[144.970682,-37.825636],[144.970677,-37.825613],[144.970671,-37.82559],[144.970664,-37.825567],[144.970656,-37.825544],[144.970647,-37.825522]]],"type":"Polygon"},"properties":{"base_m":14.0,"date_captured":"2018-05-28","footprint_type":"Structure","structure_id":"819160","top_m":16.5},"type":"Feature"},{"geometry":{"coordinates":[[[144.970647,-37.825522],[144.970638,-37.825499],[144.97063,-37.825483],[144.970621,-37.825466],[144.970612,-37.82545],[144.970601,-37.825435],[144.97059,-37.825419],[144.970586,-37.825415],[144.970578,-37.825404],[144.970565,-37.825389],[144.970552,-37.825375],[144.970537,-37.825361],[144.970522,-37.825348],[144.970507,-37.825335],[144.970491,-37.825323],[144.970385,-37.825346],[144.970375,-37.825348],[144.970329,-37.825358],[144.970343,-37.825399],[144.97037,-37.825479],[144.970361,-37.825481],[144.970376,-37.825526],[144.97039,-37.825523],[144.97045,-37.825699],[144.970437,-37.825702],[144.970452,-37.825745],[144.97046,-37.825744],[144.970496,-37.82585],[144.970654,-37.825853],[144.970656,-37.825848],[144.970661,-37.825837],[144.970663,-37.825832],[144.97067,-37.825816],[144.970675,-37.825799],[144.97068,-37.825782],[144.970683,-37.825765],[144.970685,-37.825756],[144.970686,-37.825749],[144.970688,-37.825732],[144.970689,-37.825714],[144.970689,-37.825711],[144.970689,-37.825697],[144.970688,-37.82568],[144.970686,-37.825663],[144.970684,-37.825646],[144.970682,-37.825636],[144.970677,-37.825613],[144.970671,-37.82559],[144.970664,-37.825567],[144.970656,-37.825544],[144.970647,-37.825522]]],"type":"Polygon"},"properties":{"base_m":16.5,"date_captured":"2018-05-28","footprint_type":"Structure","structure_id":"819160","top_m":32.0},"type":"Feature"},{"geometry":{"coordinates":[[[144.970652,-37.829746],[144.970653,-37.829789],[144.970734,-37.829788],[144.970733,-37.829745],[144.970652,-37.829746]]],"type":"Polygon"},"properties":{"base_m":25.5,"date_captured":"2018-05-28","footprint_type":"Structure","structure_id":"807443","top_m":28.5},"type":"Feature"},{"geometry":{"coordinates":[[[144.970704,-37.826879],[144.970593,-37.826877],[144.970592,-37.826913],[144.970505,-37.826911],[144.970501,-37.82704],[144.970951,-37.827051],[144.970956,-37.826922],[144.970874,-37.82692],[144.970875,-37.826885],[144.970764,-37.826882],[144.970763,-37.826917],[144.970703,-37.826916],[144.970704,-37.826879]]],"type":"Polygon"},"properties":{"base_m":16.5,"date_captured":"2018-05-28","footprint_type":"Structure","structure_id":"812949","top_m":22.5},"type":"Feature"},{"geometry":{"coordinates":[[[144.970711,-37.826895],[144.970712,-37.826877],[144.970712,-37.826872],[144.970583,-37.826869],[144.970582,-37.826904],[144.970496,-37.826902],[144.970491,-37.827047],[144.970964,-37.827058],[144.970969,-37.826916],[144.970884,-37.826914],[144.970885,-37.826876],[144.970753,-37.826873],[144.970753,-37.826878],[144.970753,-37.826896],[144.970711,-37.826895]]],"type":"Polygon"},"properties":{"base_m":12.5,"date_captured":"2018-05-28","footprint_type":"Structure","structure_id":"812949","top_m":16.5},"type":"Feature"},{"geometry":{"coordinates":[[[144.970712,-37.826877],[144.970712,-37.826872],[144.970583,-37.826869],[144.970582,-37.826904],[144.970496,-37.826902],[144.970491,-37.827047],[144.970964,-37.827058],[144.970969,-37.826916],[144.970884,-37.826914],[144.970885,-37.826876],[144.970753,-37.826873],[144.970753,-37.826878],[144.970712,-37.826877]]],"type":"Polygon"},"properties":{"base_m":0.0,"date_captured":"2018-05-28","footprint_type":"Structure","structure_id":"812949","top_m":12.5},"type":"Feature"},{"geometry":{"coordinates":[[[144.970722,-37.829338],[144.970729,-37.829338],[144.97073,-37.829372],[144.970791,-37.829371],[144.97079,-37.829304],[144.970734,-37.829305],[144.970733,-37.829305],[144.970721,-37.829305],[144.970722,-37.829338]]],"type":"Polygon"},"properties":{"base_m":33.0,"date_captured":"2018-05-28","footprint_type":"Structure","structure_id":"819093","top_m":36.5},"type":"Feature"},{"geometry":{"coordinates":[[[144.970733,-37.829305],[144.970731,-37.829195],[144.970735,-37.829195],[144.970734,-37.829097],[144.970726,-37.829098],[144.970726,-37.829056],[144.970725,-37.829053],[144.970723,-37.829047],[144.97072,-37.829042],[144.970717,-37.829037],[144.970712,-37.829032],[144.970707,-37.829028],[144.970701,-37.829025],[144.970695,-37.829022],[144.970688,-37.82902],[144.970681,-37.829018],[144.970674,-37.829017],[144.970667,-37.829017],[144.97066,-37.829017],[144.970653,-37.829019],[144.970454,-37.829078],[144.970454,-37.829099],[144.970448,-37.8291],[144.970449,-37.829185],[144.970455,-37.829185],[144.970456,-37.829282],[144.970544,-37.829282],[144.970544,-37.82929],[144.970641,-37.82929],[144.970641,-37.829306],[144.970721,-37.829305],[144.970733,-37.829305]]],"type":"Polygon"},"properties":{"base_m":27.0,"date_captured":"2018-05-28","footprint_type":"Structure","structure_id":"807471","top_m":30.0},"type":"Feature"},{"geometry":{"coordinates":[[[144.970733,-37.829745],[144.970731,-37.829689],[144.970631,-37.829691],[144.970632,-37.829746],[144.970647,-37.829746],[144.970652,-37.829746],[144.970733,-37.829745]]],"type":"Polygon"},"properties":{"base_m":25.5,"date_captured":"2018-05-28","footprint_type":"Structure","structure_id":"812497","top_m":28.5},"type":"Feature"},{"geometry":{"coordinates":[[[144.970775,-37.826631],[144.970755,-37.82663],[144.970756,-37.826611],[144.970644,-37.826608],[144.970641,-37.826699],[144.970772,-37.826702],[144.970775,-37.826631]]],"type":"Polygon"},"properties":{"base_m":0.0,"date_captured":"2018-05-28","footprint_type":"Structure","structure_id":"812943","top_m":3.0},"type":"Feature"},{"geometry":{"coordinates":[[[144.970778,-37.82755],[144.970621,-37.827547],[144.97061,-37.827837],[144.970797,-37.827842],[144.970801,-37.827743],[144.970771,-37.827743],[144.970778,-37.82755]]],"type":"Polygon"},"properties":{"base_m":0.0,"date_captured":"2018-05-28","footprint_type":"Structure","structure_id":"812959","top_m":15.5},"type":"Feature"},{"geometry":{"coordinates":[[[144.970785,-37.827372],[144.970792,-37.827182],[144.970822,-37.827183],[144.970826,-37.827083],[144.970638,-37.827079],[144.970627,-37.827368],[144.970785,-37.827372]]],"type":"Polygon"},"properties":{"base_m":0.0,"date_captured":"2018-05-28","footprint_type":"Structure","structure_id":"812959","top_m":15.5},"type":"Feature"},{"geometry":{"coordinates":[[[144.970849,-37.828577],[144.970923,-37.828578],[144.970929,-37.828417],[144.970781,-37.828414],[144.970779,-37.828459],[144.970604,-37.828455],[144.9706,-37.828571],[144.970782,-37.828575],[144.970849,-37.828577]]],"type":"Polygon"},"properties":{"base_m":7.5,"date_captured":"2018-05-28","footprint_type":"Structure","structure_id":"812945","top_m":13.5},"type":"Feature"},{"geometry":{"coordinates":[[[144.970855,-37.829303],[144.97079,-37.829304],[144.970734,-37.829305],[144.970733,-37.829305],[144.970721,-37.829305],[144.970722,-37.829338],[144.970661,-37.829339],[144.970661,-37.829354],[144.970662,-37.829385],[144.970481,-37.829388],[144.970483,-37.829466],[144.970709,-37.829463],[144.970709,-37.829468],[144.97079,-37.829467],[144.970859,-37.829466],[144.970855,-37.829303]]],"type":"Polygon"},"properties":{"base_m":29.0,"date_captured":"2018-05-28","footprint_type":"Structure","structure_id":"819093","top_m":33.0},"type":"Feature"},{"geometry":{"coordinates":[[[144.970861,-37.828019],[144.970745,-37.828016],[144.970744,-37.828028],[144.9707,-37.828027],[144.970697,-37.828117],[144.970753,-37.828119],[144.970753,-37.828102],[144.970858,-37.828104],[144.970861,-37.828019]]],"type":"Polygon"},"properties":{"base_m":0.0,"date_captured":"2018-05-28","footprint_type":"Structure","structure_id":"812937","top_m":4.5},"type":"Feature"},{"geometry":{"coordinates":[[[144.970863,-37.828244],[144.970864,-37.828234],[144.970709,-37.82823],[144.970709,-37.828242],[144.970703,-37.828242],[144.9707,-37.828312],[144.970673,-37.828312],[144.970671,-37.828362],[144.970811,-37.828365],[144.970811,-37.82835],[144.970848,-37.828351],[144.970847,-37.828357],[144.970971,-37.828359],[144.970976,-37.828247],[144.970863,-37.828244]]],"type":"Polygon"},"properties":{"base_m":0.0,"date_captured":"2018-05-28","footprint_type":"Structure","structure_id":"812946","top_m":6.0},"type":"Feature"},{"geometry":{"coordinates":[[[144.970866,-37.829271],[144.970864,-37.829236],[144.970797,-37.829237],[144.970798,-37.829273],[144.970866,-37.829271]]],"type":"Polygon"},"properties":{"base_m":27.0,"date_captured":"2018-05-28","footprint_type":"Structure","structure_id":"807471","top_m":29.5},"type":"Feature"},{"geometry":{"coordinates":[[[144.970884,-37.829302],[144.970855,-37.829303],[144.97079,-37.829304],[144.970734,-37.829305],[144.970733,-37.829305],[144.970721,-37.829305],[144.970722,-37.829338],[144.970661,-37.829339],[144.970661,-37.829354],[144.970586,-37.829355],[144.970586,-37.82936],[144.970513,-37.829361],[144.970513,-37.829356],[144.970432,-37.829357],[144.970434,-37.829466],[144.970483,-37.829466],[144.970709,-37.829463],[144.970709,-37.829468],[144.97079,-37.829467],[144.970791,-37.829493],[144.970792,-37.829523],[144.97089,-37.829522],[144.970889,-37.829487],[144.970918,-37.829486],[144.970916,-37.829407],[144.970887,-37.829407],[144.970884,-37.829302]]],"type":"Polygon"},"properties":{"base_m":26.0,"date_captured":"2018-05-28","footprint_type":"Structure","structure_id":"819093","top_m":29.0},"type":"Feature"},{"geometry":{"coordinates":[[[144.970896,-37.829742],[144.970733,-37.829745],[144.970652,-37.829746],[144.970647,-37.829746],[144.970632,-37.829746],[144.970582,-37.829747],[144.970523,-37.829748],[144.970481,-37.829749],[144.970453,-37.829749],[144.970423,-37.82975],[144.970424,-37.829803],[144.970428,-37.829965],[144.970429,-37.829969],[144.970431,-37.829974],[144.970434,-37.829978],[144.970438,-37.829982],[144.970442,-37.829986],[144.970447,-37.829988],[144.970453,-37.829991],[144.970459,-37.829992],[144.970465,-37.829993],[144.970471,-37.829993],[144.970887,-37.829872],[144.970889,-37.829871],[144.970894,-37.829869],[144.970898,-37.829866],[144.970902,-37.829863],[144.970905,-37.82986],[144.970909,-37.829857],[144.970911,-37.829855],[144.970914,-37.829851],[144.970917,-37.829848],[144.97092,-37.829844],[144.970922,-37.82984],[144.970924,-37.829836],[144.970925,-37.829832],[144.970926,-37.829828],[144.970927,-37.829824],[144.970926,-37.829766],[144.970896,-37.829767],[144.970896,-37.829742]]],"type":"Polygon"},"properties":{"base_m":0.0,"date_captured":"2018-05-28","footprint_type":"Structure","structure_id":"807443","top_m":25.5},"type":"Feature"},{"geometry":{"coordinates":[[[144.970914,-37.829302],[144.970884,-37.829302],[144.970855,-37.829303],[144.97079,-37.829304],[144.970734,-37.829305],[144.970733,-37.829305],[144.970721,-37.829305],[144.970722,-37.829338],[144.970661,-37.829339],[144.970661,-37.829354],[144.970586,-37.829355],[144.97056,-37.829355],[144.97056,-37.829347],[144.970513,-37.829347],[144.970513,-37.829356],[144.970432,-37.829357],[144.970434,-37.829466],[144.970435,-37.829485],[144.970685,-37.829481],[144.970685,-37.829495],[144.970728,-37.829494],[144.970791,-37.829493],[144.970792,-37.829523],[144.97089,-37.829522],[144.970918,-37.829522],[144.970918,-37.829486],[144.970916,-37.829407],[144.970914,-37.829302]]],"type":"Polygon"},"properties":{"base_m":22.5,"date_captured":"2018-05-28","footprint_type":"Structure","structure_id":"819093","top_m":26.0},"type":"Feature"},{"geometry":{"coordinates":[[[144.970918,-37.829486],[144.970916,-37.829407],[144.970914,-37.829302],[144.970884,-37.829302],[144.970855,-37.829303],[144.97079,-37.829304],[144.970734,-37.829305],[144.970733,-37.829305],[144.970721,-37.829305],[144.970722,-37.829338],[144.970661,-37.829339],[144.970413,-37.829342],[144.970416,-37.829498],[144.970685,-37.829495],[144.970728,-37.829494],[144.970729,-37.829524],[144.970792,-37.829523],[144.97089,-37.829522],[144.970918,-37.829522],[144.970918,-37.829486]]],"type":"Polygon"},"properties":{"base_m":0.0,"date_captured":"2018-05-28","footprint_type":"Structure","structure_id":"819093","top_m":22.5},"type":"Feature"},{"geometry":{"coordinates":[[[144.970929,-37.828417],[144.970781,-37.828414],[144.970607,-37.82841],[144.970608,-37.828383],[144.970487,-37.828381],[144.970481,-37.828553],[144.970569,-37.828555],[144.970568,-37.828583],[144.97048,-37.828581],[144.970477,-37.828581],[144.970473,-37.82869],[144.970584,-37.828692],[144.970587,-37.828617],[144.970615,-37.828618],[144.970615,-37.828619],[144.970616,-37.82862],[144.970616,-37.828621],[144.970617,-37.828622],[144.970617,-37.828623],[144.970618,-37.828624],[144.970619,-37.828625],[144.97062,-37.828625],[144.970621,-37.828626],[144.970622,-37.828627],[144.970622,-37.828627],[144.970624,-37.828628],[144.970625,-37.828629],[144.970626,-37.828629],[144.970627,-37.82863],[144.970628,-37.82863],[144.97063,-37.82863],[144.970631,-37.828631],[144.970632,-37.828631],[144.970633,-37.828631],[144.970635,-37.828631],[144.970636,-37.828631],[144.970637,-37.828631],[144.970761,-37.828634],[144.970762,-37.828634],[144.970763,-37.828634],[144.970764,-37.828634],[144.970766,-37.828633],[144.970767,-37.828633],[144.970768,-37.828633],[144.970769,-37.828632],[144.97077,-37.828632],[144.970771,-37.828631],[144.970772,-37.828631],[144.970773,-37.82863],[144.970774,-37.82863],[144.970775,-37.828629],[144.970776,-37.828628],[144.970777,-37.828627],[144.970778,-37.828626],[144.970778,-37.828626],[144.970779,-37.828625],[144.970779,-37.828624],[144.97078,-37.828623],[144.97078,-37.828622],[144.970781,-37.828605],[144.97083,-37.828606],[144.970831,-37.828606],[144.970832,-37.828606],[144.970834,-37.828606],[144.970835,-37.828606],[144.970836,-37.828605],[144.970837,-37.828605],[144.970838,-37.828604],[144.97084,-37.828604],[144.97084,-37.828603],[144.970841,-37.828603],[144.970842,-37.828602],[144.970843,-37.828601],[144.970844,-37.8286],[144.970845,-37.8286],[144.970846,-37.828599],[144.970846,-37.828598],[144.970847,-37.828597],[144.970847,-37.828596],[144.970848,-37.828595],[144.970849,-37.828577],[144.970923,-37.828578],[144.970929,-37.828417]]],"type":"Polygon"},"properties":{"base_m":0.0,"date_captured":"2018-05-28","footprint_type":"Structure","structure_id":"812945","top_m":7.5},"type":"Feature"}],"type":"FeatureCollection"}
